#pragma once
/*
    #version:1# (machine generated, don't edit!)

    Generated by sokol-shdc (https://github.com/floooh/sokol-tools)

    Cmdline:
        sokol-shdc -i C:/Users/Owner/lab/TrussC/core/shaders/fboMipDownsample.glsl -o fboMipDownsample.glsl.h -l metal_macos:metal_ios:metal_sim:hlsl5:glsl430:glsl300es:wgsl --ifdef

    Overview:
    =========
    Shader program: 'blit':
        Get shader desc: tc_fbomip_blit_shader_desc(sg_query_backend());
        Vertex Shader: vs
        Fragment Shader: blit_fs
        Attributes:
            ATTR_tc_fbomip_blit_position => 0
            ATTR_tc_fbomip_blit_texcoord0 => 1
    Shader program: 'downsample':
        Get shader desc: tc_fbomip_downsample_shader_desc(sg_query_backend());
        Vertex Shader: vs
        Fragment Shader: fs
        Attributes:
            ATTR_tc_fbomip_downsample_position => 0
            ATTR_tc_fbomip_downsample_texcoord0 => 1
    Bindings:
        Texture 'srcTex':
            Image type: SG_IMAGETYPE_2D
            Sample type: SG_IMAGESAMPLETYPE_FLOAT
            Multisampled: false
            Bind slot: VIEW_tc_fbomip_srcTex => 0
        Sampler 'srcSmp':
            Type: SG_SAMPLERTYPE_FILTERING
            Bind slot: SMP_tc_fbomip_srcSmp => 0
*/
#if !defined(SOKOL_GFX_INCLUDED)
#error "Please include sokol_gfx.h before fboMipDownsample.glsl.h"
#endif
#if !defined(SOKOL_SHDC_ALIGN)
#if defined(_MSC_VER)
#define SOKOL_SHDC_ALIGN(a) __declspec(align(a))
#else
#define SOKOL_SHDC_ALIGN(a) __attribute__((aligned(a)))
#endif
#endif
#define ATTR_tc_fbomip_blit_position (0)
#define ATTR_tc_fbomip_blit_texcoord0 (1)
#define ATTR_tc_fbomip_downsample_position (0)
#define ATTR_tc_fbomip_downsample_texcoord0 (1)
#define VIEW_tc_fbomip_srcTex (0)
#define SMP_tc_fbomip_srcSmp (0)
/*
    #version 430

    layout(location = 0) in vec2 position;
    layout(location = 0) out vec2 uv;
    layout(location = 1) in vec2 texcoord0;

    void main()
    {
        gl_Position = vec4(position, 0.0, 1.0);
        uv = texcoord0;
    }

*/
#if defined(SOKOL_GLCORE)
static const uint8_t tc_fbomip_vs_source_glsl430[210] = {
    0x23,0x76,0x65,0x72,0x73,0x69,0x6f,0x6e,0x20,0x34,0x33,0x30,0x0a,0x0a,0x6c,0x61,
    0x79,0x6f,0x75,0x74,0x28,0x6c,0x6f,0x63,0x61,0x74,0x69,0x6f,0x6e,0x20,0x3d,0x20,
    0x30,0x29,0x20,0x69,0x6e,0x20,0x76,0x65,0x63,0x32,0x20,0x70,0x6f,0x73,0x69,0x74,
    0x69,0x6f,0x6e,0x3b,0x0a,0x6c,0x61,0x79,0x6f,0x75,0x74,0x28,0x6c,0x6f,0x63,0x61,
    0x74,0x69,0x6f,0x6e,0x20,0x3d,0x20,0x30,0x29,0x20,0x6f,0x75,0x74,0x20,0x76,0x65,
    0x63,0x32,0x20,0x75,0x76,0x3b,0x0a,0x6c,0x61,0x79,0x6f,0x75,0x74,0x28,0x6c,0x6f,
    0x63,0x61,0x74,0x69,0x6f,0x6e,0x20,0x3d,0x20,0x31,0x29,0x20,0x69,0x6e,0x20,0x76,
    0x65,0x63,0x32,0x20,0x74,0x65,0x78,0x63,0x6f,0x6f,0x72,0x64,0x30,0x3b,0x0a,0x0a,
    0x76,0x6f,0x69,0x64,0x20,0x6d,0x61,0x69,0x6e,0x28,0x29,0x0a,0x7b,0x0a,0x20,0x20,
    0x20,0x20,0x67,0x6c,0x5f,0x50,0x6f,0x73,0x69,0x74,0x69,0x6f,0x6e,0x20,0x3d,0x20,
    0x76,0x65,0x63,0x34,0x28,0x70,0x6f,0x73,0x69,0x74,0x69,0x6f,0x6e,0x2c,0x20,0x30,
    0x2e,0x30,0x2c,0x20,0x31,0x2e,0x30,0x29,0x3b,0x0a,0x20,0x20,0x20,0x20,0x75,0x76,
    0x20,0x3d,0x20,0x74,0x65,0x78,0x63,0x6f,0x6f,0x72,0x64,0x30,0x3b,0x0a,0x7d,0x0a,
    0x0a,0x00,
};
#endif
/*
    #version 430

    layout(binding = 0) uniform sampler2D srcTex_srcSmp;

    layout(location = 0) in vec2 uv;
    layout(location = 0) out vec4 frag_color;

    vec3 srgb_to_linear(vec3 c)
    {
        return pow(c, vec3(2.2000000476837158203125));
    }

    vec3 linear_to_srgb(vec3 c)
    {
        return pow(c, vec3(0.4545454680919647216796875));
    }

    void main()
    {
        vec2 _49 = max(vec2(textureSize(srcTex_srcSmp, 0)), vec2(1.0));
        vec4 _69 = textureLod(srcTex_srcSmp, uv + (vec2(-0.5) / _49), 0.0);
        vec4 _80 = textureLod(srcTex_srcSmp, uv + (vec2(0.5, -0.5) / _49), 0.0);
        vec4 _90 = textureLod(srcTex_srcSmp, uv + (vec2(-0.5, 0.5) / _49), 0.0);
        vec4 _100 = textureLod(srcTex_srcSmp, uv + (vec2(0.5) / _49), 0.0);
        vec3 param = _69.xyz;
        vec3 param_1 = _80.xyz;
        vec3 param_2 = _90.xyz;
        vec3 param_3 = _100.xyz;
        vec3 param_4 = (((srgb_to_linear(param) + srgb_to_linear(param_1)) + srgb_to_linear(param_2)) + srgb_to_linear(param_3)) * 0.25;
        frag_color = vec4(linear_to_srgb(param_4), (((_69.w + _80.w) + _90.w) + _100.w) * 0.25);
    }

*/
#if defined(SOKOL_GLCORE)
static const uint8_t tc_fbomip_fs_source_glsl430[1036] = {
    0x23,0x76,0x65,0x72,0x73,0x69,0x6f,0x6e,0x20,0x34,0x33,0x30,0x0a,0x0a,0x6c,0x61,
    0x79,0x6f,0x75,0x74,0x28,0x62,0x69,0x6e,0x64,0x69,0x6e,0x67,0x20,0x3d,0x20,0x30,
    0x29,0x20,0x75,0x6e,0x69,0x66,0x6f,0x72,0x6d,0x20,0x73,0x61,0x6d,0x70,0x6c,0x65,
    0x72,0x32,0x44,0x20,0x73,0x72,0x63,0x54,0x65,0x78,0x5f,0x73,0x72,0x63,0x53,0x6d,
    0x70,0x3b,0x0a,0x0a,0x6c,0x61,0x79,0x6f,0x75,0x74,0x28,0x6c,0x6f,0x63,0x61,0x74,
    0x69,0x6f,0x6e,0x20,0x3d,0x20,0x30,0x29,0x20,0x69,0x6e,0x20,0x76,0x65,0x63,0x32,
    0x20,0x75,0x76,0x3b,0x0a,0x6c,0x61,0x79,0x6f,0x75,0x74,0x28,0x6c,0x6f,0x63,0x61,
    0x74,0x69,0x6f,0x6e,0x20,0x3d,0x20,0x30,0x29,0x20,0x6f,0x75,0x74,0x20,0x76,0x65,
    0x63,0x34,0x20,0x66,0x72,0x61,0x67,0x5f,0x63,0x6f,0x6c,0x6f,0x72,0x3b,0x0a,0x0a,
    0x76,0x65,0x63,0x33,0x20,0x73,0x72,0x67,0x62,0x5f,0x74,0x6f,0x5f,0x6c,0x69,0x6e,
    0x65,0x61,0x72,0x28,0x76,0x65,0x63,0x33,0x20,0x63,0x29,0x0a,0x7b,0x0a,0x20,0x20,
    0x20,0x20,0x72,0x65,0x74,0x75,0x72,0x6e,0x20,0x70,0x6f,0x77,0x28,0x63,0x2c,0x20,
    0x76,0x65,0x63,0x33,0x28,0x32,0x2e,0x32,0x30,0x30,0x30,0x30,0x30,0x30,0x34,0x37,
    0x36,0x38,0x33,0x37,0x31,0x35,0x38,0x32,0x30,0x33,0x31,0x32,0x35,0x29,0x29,0x3b,
    0x0a,0x7d,0x0a,0x0a,0x76,0x65,0x63,0x33,0x20,0x6c,0x69,0x6e,0x65,0x61,0x72,0x5f,
    0x74,0x6f,0x5f,0x73,0x72,0x67,0x62,0x28,0x76,0x65,0x63,0x33,0x20,0x63,0x29,0x0a,
    0x7b,0x0a,0x20,0x20,0x20,0x20,0x72,0x65,0x74,0x75,0x72,0x6e,0x20,0x70,0x6f,0x77,
    0x28,0x63,0x2c,0x20,0x76,0x65,0x63,0x33,0x28,0x30,0x2e,0x34,0x35,0x34,0x35,0x34,
    0x35,0x34,0x36,0x38,0x30,0x39,0x31,0x39,0x36,0x34,0x37,0x32,0x31,0x36,0x37,0x39,
    0x36,0x38,0x37,0x35,0x29,0x29,0x3b,0x0a,0x7d,0x0a,0x0a,0x76,0x6f,0x69,0x64,0x20,
    0x6d,0x61,0x69,0x6e,0x28,0x29,0x0a,0x7b,0x0a,0x20,0x20,0x20,0x20,0x76,0x65,0x63,
    0x32,0x20,0x5f,0x34,0x39,0x20,0x3d,0x20,0x6d,0x61,0x78,0x28,0x76,0x65,0x63,0x32,
    0x28,0x74,0x65,0x78,0x74,0x75,0x72,0x65,0x53,0x69,0x7a,0x65,0x28,0x73,0x72,0x63,
    0x54,0x65,0x78,0x5f,0x73,0x72,0x63,0x53,0x6d,0x70,0x2c,0x20,0x30,0x29,0x29,0x2c,
    0x20,0x76,0x65,0x63,0x32,0x28,0x31,0x2e,0x30,0x29,0x29,0x3b,0x0a,0x20,0x20,0x20,
    0x20,0x76,0x65,0x63,0x34,0x20,0x5f,0x36,0x39,0x20,0x3d,0x20,0x74,0x65,0x78,0x74,
    0x75,0x72,0x65,0x4c,0x6f,0x64,0x28,0x73,0x72,0x63,0x54,0x65,0x78,0x5f,0x73,0x72,
    0x63,0x53,0x6d,0x70,0x2c,0x20,0x75,0x76,0x20,0x2b,0x20,0x28,0x76,0x65,0x63,0x32,
    0x28,0x2d,0x30,0x2e,0x35,0x29,0x20,0x2f,0x20,0x5f,0x34,0x39,0x29,0x2c,0x20,0x30,
    0x2e,0x30,0x29,0x3b,0x0a,0x20,0x20,0x20,0x20,0x76,0x65,0x63,0x34,0x20,0x5f,0x38,
    0x30,0x20,0x3d,0x20,0x74,0x65,0x78,0x74,0x75,0x72,0x65,0x4c,0x6f,0x64,0x28,0x73,
    0x72,0x63,0x54,0x65,0x78,0x5f,0x73,0x72,0x63,0x53,0x6d,0x70,0x2c,0x20,0x75,0x76,
    0x20,0x2b,0x20,0x28,0x76,0x65,0x63,0x32,0x28,0x30,0x2e,0x35,0x2c,0x20,0x2d,0x30,
    0x2e,0x35,0x29,0x20,0x2f,0x20,0x5f,0x34,0x39,0x29,0x2c,0x20,0x30,0x2e,0x30,0x29,
    0x3b,0x0a,0x20,0x20,0x20,0x20,0x76,0x65,0x63,0x34,0x20,0x5f,0x39,0x30,0x20,0x3d,
    0x20,0x74,0x65,0x78,0x74,0x75,0x72,0x65,0x4c,0x6f,0x64,0x28,0x73,0x72,0x63,0x54,
    0x65,0x78,0x5f,0x73,0x72,0x63,0x53,0x6d,0x70,0x2c,0x20,0x75,0x76,0x20,0x2b,0x20,
    0x28,0x76,0x65,0x63,0x32,0x28,0x2d,0x30,0x2e,0x35,0x2c,0x20,0x30,0x2e,0x35,0x29,
    0x20,0x2f,0x20,0x5f,0x34,0x39,0x29,0x2c,0x20,0x30,0x2e,0x30,0x29,0x3b,0x0a,0x20,
    0x20,0x20,0x20,0x76,0x65,0x63,0x34,0x20,0x5f,0x31,0x30,0x30,0x20,0x3d,0x20,0x74,
    0x65,0x78,0x74,0x75,0x72,0x65,0x4c,0x6f,0x64,0x28,0x73,0x72,0x63,0x54,0x65,0x78,
    0x5f,0x73,0x72,0x63,0x53,0x6d,0x70,0x2c,0x20,0x75,0x76,0x20,0x2b,0x20,0x28,0x76,
    0x65,0x63,0x32,0x28,0x30,0x2e,0x35,0x29,0x20,0x2f,0x20,0x5f,0x34,0x39,0x29,0x2c,
    0x20,0x30,0x2e,0x30,0x29,0x3b,0x0a,0x20,0x20,0x20,0x20,0x76,0x65,0x63,0x33,0x20,
    0x70,0x61,0x72,0x61,0x6d,0x20,0x3d,0x20,0x5f,0x36,0x39,0x2e,0x78,0x79,0x7a,0x3b,
    0x0a,0x20,0x20,0x20,0x20,0x76,0x65,0x63,0x33,0x20,0x70,0x61,0x72,0x61,0x6d,0x5f,
    0x31,0x20,0x3d,0x20,0x5f,0x38,0x30,0x2e,0x78,0x79,0x7a,0x3b,0x0a,0x20,0x20,0x20,
    0x20,0x76,0x65,0x63,0x33,0x20,0x70,0x61,0x72,0x61,0x6d,0x5f,0x32,0x20,0x3d,0x20,
    0x5f,0x39,0x30,0x2e,0x78,0x79,0x7a,0x3b,0x0a,0x20,0x20,0x20,0x20,0x76,0x65,0x63,
    0x33,0x20,0x70,0x61,0x72,0x61,0x6d,0x5f,0x33,0x20,0x3d,0x20,0x5f,0x31,0x30,0x30,
    0x2e,0x78,0x79,0x7a,0x3b,0x0a,0x20,0x20,0x20,0x20,0x76,0x65,0x63,0x33,0x20,0x70,
    0x61,0x72,0x61,0x6d,0x5f,0x34,0x20,0x3d,0x20,0x28,0x28,0x28,0x73,0x72,0x67,0x62,
    0x5f,0x74,0x6f,0x5f,0x6c,0x69,0x6e,0x65,0x61,0x72,0x28,0x70,0x61,0x72,0x61,0x6d,
    0x29,0x20,0x2b,0x20,0x73,0x72,0x67,0x62,0x5f,0x74,0x6f,0x5f,0x6c,0x69,0x6e,0x65,
    0x61,0x72,0x28,0x70,0x61,0x72,0x61,0x6d,0x5f,0x31,0x29,0x29,0x20,0x2b,0x20,0x73,
    0x72,0x67,0x62,0x5f,0x74,0x6f,0x5f,0x6c,0x69,0x6e,0x65,0x61,0x72,0x28,0x70,0x61,
    0x72,0x61,0x6d,0x5f,0x32,0x29,0x29,0x20,0x2b,0x20,0x73,0x72,0x67,0x62,0x5f,0x74,
    0x6f,0x5f,0x6c,0x69,0x6e,0x65,0x61,0x72,0x28,0x70,0x61,0x72,0x61,0x6d,0x5f,0x33,
    0x29,0x29,0x20,0x2a,0x20,0x30,0x2e,0x32,0x35,0x3b,0x0a,0x20,0x20,0x20,0x20,0x66,
    0x72,0x61,0x67,0x5f,0x63,0x6f,0x6c,0x6f,0x72,0x20,0x3d,0x20,0x76,0x65,0x63,0x34,
    0x28,0x6c,0x69,0x6e,0x65,0x61,0x72,0x5f,0x74,0x6f,0x5f,0x73,0x72,0x67,0x62,0x28,
    0x70,0x61,0x72,0x61,0x6d,0x5f,0x34,0x29,0x2c,0x20,0x28,0x28,0x28,0x5f,0x36,0x39,
    0x2e,0x77,0x20,0x2b,0x20,0x5f,0x38,0x30,0x2e,0x77,0x29,0x20,0x2b,0x20,0x5f,0x39,
    0x30,0x2e,0x77,0x29,0x20,0x2b,0x20,0x5f,0x31,0x30,0x30,0x2e,0x77,0x29,0x20,0x2a,
    0x20,0x30,0x2e,0x32,0x35,0x29,0x3b,0x0a,0x7d,0x0a,0x0a,0x00,
};
#endif
/*
    #version 430

    layout(binding = 0) uniform sampler2D srcTex_srcSmp;

    layout(location = 0) out vec4 frag_color;
    layout(location = 0) in vec2 uv;

    void main()
    {
        frag_color = textureLod(srcTex_srcSmp, uv, 0.0);
    }

*/
#if defined(SOKOL_GLCORE)
static const uint8_t tc_fbomip_blit_fs_source_glsl430[215] = {
    0x23,0x76,0x65,0x72,0x73,0x69,0x6f,0x6e,0x20,0x34,0x33,0x30,0x0a,0x0a,0x6c,0x61,
    0x79,0x6f,0x75,0x74,0x28,0x62,0x69,0x6e,0x64,0x69,0x6e,0x67,0x20,0x3d,0x20,0x30,
    0x29,0x20,0x75,0x6e,0x69,0x66,0x6f,0x72,0x6d,0x20,0x73,0x61,0x6d,0x70,0x6c,0x65,
    0x72,0x32,0x44,0x20,0x73,0x72,0x63,0x54,0x65,0x78,0x5f,0x73,0x72,0x63,0x53,0x6d,
    0x70,0x3b,0x0a,0x0a,0x6c,0x61,0x79,0x6f,0x75,0x74,0x28,0x6c,0x6f,0x63,0x61,0x74,
    0x69,0x6f,0x6e,0x20,0x3d,0x20,0x30,0x29,0x20,0x6f,0x75,0x74,0x20,0x76,0x65,0x63,
    0x34,0x20,0x66,0x72,0x61,0x67,0x5f,0x63,0x6f,0x6c,0x6f,0x72,0x3b,0x0a,0x6c,0x61,
    0x79,0x6f,0x75,0x74,0x28,0x6c,0x6f,0x63,0x61,0x74,0x69,0x6f,0x6e,0x20,0x3d,0x20,
    0x30,0x29,0x20,0x69,0x6e,0x20,0x76,0x65,0x63,0x32,0x20,0x75,0x76,0x3b,0x0a,0x0a,
    0x76,0x6f,0x69,0x64,0x20,0x6d,0x61,0x69,0x6e,0x28,0x29,0x0a,0x7b,0x0a,0x20,0x20,
    0x20,0x20,0x66,0x72,0x61,0x67,0x5f,0x63,0x6f,0x6c,0x6f,0x72,0x20,0x3d,0x20,0x74,
    0x65,0x78,0x74,0x75,0x72,0x65,0x4c,0x6f,0x64,0x28,0x73,0x72,0x63,0x54,0x65,0x78,
    0x5f,0x73,0x72,0x63,0x53,0x6d,0x70,0x2c,0x20,0x75,0x76,0x2c,0x20,0x30,0x2e,0x30,
    0x29,0x3b,0x0a,0x7d,0x0a,0x0a,0x00,
};
#endif
/*
    #version 300 es

    layout(location = 0) in vec2 position;
    out vec2 uv;
    layout(location = 1) in vec2 texcoord0;

    void main()
    {
        gl_Position = vec4(position, 0.0, 1.0);
        uv = texcoord0;
    }

*/
#if defined(SOKOL_GLES3)
static const uint8_t tc_fbomip_vs_source_glsl300es[192] = {
    0x23,0x76,0x65,0x72,0x73,0x69,0x6f,0x6e,0x20,0x33,0x30,0x30,0x20,0x65,0x73,0x0a,
    0x0a,0x6c,0x61,0x79,0x6f,0x75,0x74,0x28,0x6c,0x6f,0x63,0x61,0x74,0x69,0x6f,0x6e,
    0x20,0x3d,0x20,0x30,0x29,0x20,0x69,0x6e,0x20,0x76,0x65,0x63,0x32,0x20,0x70,0x6f,
    0x73,0x69,0x74,0x69,0x6f,0x6e,0x3b,0x0a,0x6f,0x75,0x74,0x20,0x76,0x65,0x63,0x32,
    0x20,0x75,0x76,0x3b,0x0a,0x6c,0x61,0x79,0x6f,0x75,0x74,0x28,0x6c,0x6f,0x63,0x61,
    0x74,0x69,0x6f,0x6e,0x20,0x3d,0x20,0x31,0x29,0x20,0x69,0x6e,0x20,0x76,0x65,0x63,
    0x32,0x20,0x74,0x65,0x78,0x63,0x6f,0x6f,0x72,0x64,0x30,0x3b,0x0a,0x0a,0x76,0x6f,
    0x69,0x64,0x20,0x6d,0x61,0x69,0x6e,0x28,0x29,0x0a,0x7b,0x0a,0x20,0x20,0x20,0x20,
    0x67,0x6c,0x5f,0x50,0x6f,0x73,0x69,0x74,0x69,0x6f,0x6e,0x20,0x3d,0x20,0x76,0x65,
    0x63,0x34,0x28,0x70,0x6f,0x73,0x69,0x74,0x69,0x6f,0x6e,0x2c,0x20,0x30,0x2e,0x30,
    0x2c,0x20,0x31,0x2e,0x30,0x29,0x3b,0x0a,0x20,0x20,0x20,0x20,0x75,0x76,0x20,0x3d,
    0x20,0x74,0x65,0x78,0x63,0x6f,0x6f,0x72,0x64,0x30,0x3b,0x0a,0x7d,0x0a,0x0a,0x00,

};
#endif
/*
    #version 300 es
    precision mediump float;
    precision highp int;

    uniform highp sampler2D srcTex_srcSmp;

    in highp vec2 uv;
    layout(location = 0) out highp vec4 frag_color;

    highp vec3 srgb_to_linear(highp vec3 c)
    {
        return pow(c, vec3(2.2000000476837158203125));
    }

    highp vec3 linear_to_srgb(highp vec3 c)
    {
        return pow(c, vec3(0.4545454680919647216796875));
    }

    void main()
    {
        highp vec2 _49 = max(vec2(textureSize(srcTex_srcSmp, 0)), vec2(1.0));
        highp vec4 _69 = textureLod(srcTex_srcSmp, uv + (vec2(-0.5) / _49), 0.0);
        highp vec4 _80 = textureLod(srcTex_srcSmp, uv + (vec2(0.5, -0.5) / _49), 0.0);
        highp vec4 _90 = textureLod(srcTex_srcSmp, uv + (vec2(-0.5, 0.5) / _49), 0.0);
        highp vec4 _100 = textureLod(srcTex_srcSmp, uv + (vec2(0.5) / _49), 0.0);
        highp vec3 param = _69.xyz;
        highp vec3 param_1 = _80.xyz;
        highp vec3 param_2 = _90.xyz;
        highp vec3 param_3 = _100.xyz;
        highp vec3 param_4 = (((srgb_to_linear(param) + srgb_to_linear(param_1)) + srgb_to_linear(param_2)) + srgb_to_linear(param_3)) * 0.25;
        frag_color = vec4(linear_to_srgb(param_4), (((_69.w + _80.w) + _90.w) + _100.w) * 0.25);
    }

*/
#if defined(SOKOL_GLES3)
static const uint8_t tc_fbomip_fs_source_glsl300es[1146] = {
    0x23,0x76,0x65,0x72,0x73,0x69,0x6f,0x6e,0x20,0x33,0x30,0x30,0x20,0x65,0x73,0x0a,
    0x70,0x72,0x65,0x63,0x69,0x73,0x69,0x6f,0x6e,0x20,0x6d,0x65,0x64,0x69,0x75,0x6d,
    0x70,0x20,0x66,0x6c,0x6f,0x61,0x74,0x3b,0x0a,0x70,0x72,0x65,0x63,0x69,0x73,0x69,
    0x6f,0x6e,0x20,0x68,0x69,0x67,0x68,0x70,0x20,0x69,0x6e,0x74,0x3b,0x0a,0x0a,0x75,
    0x6e,0x69,0x66,0x6f,0x72,0x6d,0x20,0x68,0x69,0x67,0x68,0x70,0x20,0x73,0x61,0x6d,
    0x70,0x6c,0x65,0x72,0x32,0x44,0x20,0x73,0x72,0x63,0x54,0x65,0x78,0x5f,0x73,0x72,
    0x63,0x53,0x6d,0x70,0x3b,0x0a,0x0a,0x69,0x6e,0x20,0x68,0x69,0x67,0x68,0x70,0x20,
    0x76,0x65,0x63,0x32,0x20,0x75,0x76,0x3b,0x0a,0x6c,0x61,0x79,0x6f,0x75,0x74,0x28,
    0x6c,0x6f,0x63,0x61,0x74,0x69,0x6f,0x6e,0x20,0x3d,0x20,0x30,0x29,0x20,0x6f,0x75,
    0x74,0x20,0x68,0x69,0x67,0x68,0x70,0x20,0x76,0x65,0x63,0x34,0x20,0x66,0x72,0x61,
    0x67,0x5f,0x63,0x6f,0x6c,0x6f,0x72,0x3b,0x0a,0x0a,0x68,0x69,0x67,0x68,0x70,0x20,
    0x76,0x65,0x63,0x33,0x20,0x73,0x72,0x67,0x62,0x5f,0x74,0x6f,0x5f,0x6c,0x69,0x6e,
    0x65,0x61,0x72,0x28,0x68,0x69,0x67,0x68,0x70,0x20,0x76,0x65,0x63,0x33,0x20,0x63,
    0x29,0x0a,0x7b,0x0a,0x20,0x20,0x20,0x20,0x72,0x65,0x74,0x75,0x72,0x6e,0x20,0x70,
    0x6f,0x77,0x28,0x63,0x2c,0x20,0x76,0x65,0x63,0x33,0x28,0x32,0x2e,0x32,0x30,0x30,
    0x30,0x30,0x30,0x30,0x34,0x37,0x36,0x38,0x33,0x37,0x31,0x35,0x38,0x32,0x30,0x33,
    0x31,0x32,0x35,0x29,0x29,0x3b,0x0a,0x7d,0x0a,0x0a,0x68,0x69,0x67,0x68,0x70,0x20,
    0x76,0x65,0x63,0x33,0x20,0x6c,0x69,0x6e,0x65,0x61,0x72,0x5f,0x74,0x6f,0x5f,0x73,
    0x72,0x67,0x62,0x28,0x68,0x69,0x67,0x68,0x70,0x20,0x76,0x65,0x63,0x33,0x20,0x63,
    0x29,0x0a,0x7b,0x0a,0x20,0x20,0x20,0x20,0x72,0x65,0x74,0x75,0x72,0x6e,0x20,0x70,
    0x6f,0x77,0x28,0x63,0x2c,0x20,0x76,0x65,0x63,0x33,0x28,0x30,0x2e,0x34,0x35,0x34,
    0x35,0x34,0x35,0x34,0x36,0x38,0x30,0x39,0x31,0x39,0x36,0x34,0x37,0x32,0x31,0x36,
    0x37,0x39,0x36,0x38,0x37,0x35,0x29,0x29,0x3b,0x0a,0x7d,0x0a,0x0a,0x76,0x6f,0x69,
    0x64,0x20,0x6d,0x61,0x69,0x6e,0x28,0x29,0x0a,0x7b,0x0a,0x20,0x20,0x20,0x20,0x68,
    0x69,0x67,0x68,0x70,0x20,0x76,0x65,0x63,0x32,0x20,0x5f,0x34,0x39,0x20,0x3d,0x20,
    0x6d,0x61,0x78,0x28,0x76,0x65,0x63,0x32,0x28,0x74,0x65,0x78,0x74,0x75,0x72,0x65,
    0x53,0x69,0x7a,0x65,0x28,0x73,0x72,0x63,0x54,0x65,0x78,0x5f,0x73,0x72,0x63,0x53,
    0x6d,0x70,0x2c,0x20,0x30,0x29,0x29,0x2c,0x20,0x76,0x65,0x63,0x32,0x28,0x31,0x2e,
    0x30,0x29,0x29,0x3b,0x0a,0x20,0x20,0x20,0x20,0x68,0x69,0x67,0x68,0x70,0x20,0x76,
    0x65,0x63,0x34,0x20,0x5f,0x36,0x39,0x20,0x3d,0x20,0x74,0x65,0x78,0x74,0x75,0x72,
    0x65,0x4c,0x6f,0x64,0x28,0x73,0x72,0x63,0x54,0x65,0x78,0x5f,0x73,0x72,0x63,0x53,
    0x6d,0x70,0x2c,0x20,0x75,0x76,0x20,0x2b,0x20,0x28,0x76,0x65,0x63,0x32,0x28,0x2d,
    0x30,0x2e,0x35,0x29,0x20,0x2f,0x20,0x5f,0x34,0x39,0x29,0x2c,0x20,0x30,0x2e,0x30,
    0x29,0x3b,0x0a,0x20,0x20,0x20,0x20,0x68,0x69,0x67,0x68,0x70,0x20,0x76,0x65,0x63,
    0x34,0x20,0x5f,0x38,0x30,0x20,0x3d,0x20,0x74,0x65,0x78,0x74,0x75,0x72,0x65,0x4c,
    0x6f,0x64,0x28,0x73,0x72,0x63,0x54,0x65,0x78,0x5f,0x73,0x72,0x63,0x53,0x6d,0x70,
    0x2c,0x20,0x75,0x76,0x20,0x2b,0x20,0x28,0x76,0x65,0x63,0x32,0x28,0x30,0x2e,0x35,
    0x2c,0x20,0x2d,0x30,0x2e,0x35,0x29,0x20,0x2f,0x20,0x5f,0x34,0x39,0x29,0x2c,0x20,
    0x30,0x2e,0x30,0x29,0x3b,0x0a,0x20,0x20,0x20,0x20,0x68,0x69,0x67,0x68,0x70,0x20,
    0x76,0x65,0x63,0x34,0x20,0x5f,0x39,0x30,0x20,0x3d,0x20,0x74,0x65,0x78,0x74,0x75,
    0x72,0x65,0x4c,0x6f,0x64,0x28,0x73,0x72,0x63,0x54,0x65,0x78,0x5f,0x73,0x72,0x63,
    0x53,0x6d,0x70,0x2c,0x20,0x75,0x76,0x20,0x2b,0x20,0x28,0x76,0x65,0x63,0x32,0x28,
    0x2d,0x30,0x2e,0x35,0x2c,0x20,0x30,0x2e,0x35,0x29,0x20,0x2f,0x20,0x5f,0x34,0x39,
    0x29,0x2c,0x20,0x30,0x2e,0x30,0x29,0x3b,0x0a,0x20,0x20,0x20,0x20,0x68,0x69,0x67,
    0x68,0x70,0x20,0x76,0x65,0x63,0x34,0x20,0x5f,0x31,0x30,0x30,0x20,0x3d,0x20,0x74,
    0x65,0x78,0x74,0x75,0x72,0x65,0x4c,0x6f,0x64,0x28,0x73,0x72,0x63,0x54,0x65,0x78,
    0x5f,0x73,0x72,0x63,0x53,0x6d,0x70,0x2c,0x20,0x75,0x76,0x20,0x2b,0x20,0x28,0x76,
    0x65,0x63,0x32,0x28,0x30,0x2e,0x35,0x29,0x20,0x2f,0x20,0x5f,0x34,0x39,0x29,0x2c,
    0x20,0x30,0x2e,0x30,0x29,0x3b,0x0a,0x20,0x20,0x20,0x20,0x68,0x69,0x67,0x68,0x70,
    0x20,0x76,0x65,0x63,0x33,0x20,0x70,0x61,0x72,0x61,0x6d,0x20,0x3d,0x20,0x5f,0x36,
    0x39,0x2e,0x78,0x79,0x7a,0x3b,0x0a,0x20,0x20,0x20,0x20,0x68,0x69,0x67,0x68,0x70,
    0x20,0x76,0x65,0x63,0x33,0x20,0x70,0x61,0x72,0x61,0x6d,0x5f,0x31,0x20,0x3d,0x20,
    0x5f,0x38,0x30,0x2e,0x78,0x79,0x7a,0x3b,0x0a,0x20,0x20,0x20,0x20,0x68,0x69,0x67,
    0x68,0x70,0x20,0x76,0x65,0x63,0x33,0x20,0x70,0x61,0x72,0x61,0x6d,0x5f,0x32,0x20,
    0x3d,0x20,0x5f,0x39,0x30,0x2e,0x78,0x79,0x7a,0x3b,0x0a,0x20,0x20,0x20,0x20,0x68,
    0x69,0x67,0x68,0x70,0x20,0x76,0x65,0x63,0x33,0x20,0x70,0x61,0x72,0x61,0x6d,0x5f,
    0x33,0x20,0x3d,0x20,0x5f,0x31,0x30,0x30,0x2e,0x78,0x79,0x7a,0x3b,0x0a,0x20,0x20,
    0x20,0x20,0x68,0x69,0x67,0x68,0x70,0x20,0x76,0x65,0x63,0x33,0x20,0x70,0x61,0x72,
    0x61,0x6d,0x5f,0x34,0x20,0x3d,0x20,0x28,0x28,0x28,0x73,0x72,0x67,0x62,0x5f,0x74,
    0x6f,0x5f,0x6c,0x69,0x6e,0x65,0x61,0x72,0x28,0x70,0x61,0x72,0x61,0x6d,0x29,0x20,
    0x2b,0x20,0x73,0x72,0x67,0x62,0x5f,0x74,0x6f,0x5f,0x6c,0x69,0x6e,0x65,0x61,0x72,
    0x28,0x70,0x61,0x72,0x61,0x6d,0x5f,0x31,0x29,0x29,0x20,0x2b,0x20,0x73,0x72,0x67,
    0x62,0x5f,0x74,0x6f,0x5f,0x6c,0x69,0x6e,0x65,0x61,0x72,0x28,0x70,0x61,0x72,0x61,
    0x6d,0x5f,0x32,0x29,0x29,0x20,0x2b,0x20,0x73,0x72,0x67,0x62,0x5f,0x74,0x6f,0x5f,
    0x6c,0x69,0x6e,0x65,0x61,0x72,0x28,0x70,0x61,0x72,0x61,0x6d,0x5f,0x33,0x29,0x29,
    0x20,0x2a,0x20,0x30,0x2e,0x32,0x35,0x3b,0x0a,0x20,0x20,0x20,0x20,0x66,0x72,0x61,
    0x67,0x5f,0x63,0x6f,0x6c,0x6f,0x72,0x20,0x3d,0x20,0x76,0x65,0x63,0x34,0x28,0x6c,
    0x69,0x6e,0x65,0x61,0x72,0x5f,0x74,0x6f,0x5f,0x73,0x72,0x67,0x62,0x28,0x70,0x61,
    0x72,0x61,0x6d,0x5f,0x34,0x29,0x2c,0x20,0x28,0x28,0x28,0x5f,0x36,0x39,0x2e,0x77,
    0x20,0x2b,0x20,0x5f,0x38,0x30,0x2e,0x77,0x29,0x20,0x2b,0x20,0x5f,0x39,0x30,0x2e,
    0x77,0x29,0x20,0x2b,0x20,0x5f,0x31,0x30,0x30,0x2e,0x77,0x29,0x20,0x2a,0x20,0x30,
    0x2e,0x32,0x35,0x29,0x3b,0x0a,0x7d,0x0a,0x0a,0x00,
};
#endif
/*
    #version 300 es
    precision mediump float;
    precision highp int;

    uniform highp sampler2D srcTex_srcSmp;

    layout(location = 0) out highp vec4 frag_color;
    in highp vec2 uv;

    void main()
    {
        frag_color = textureLod(srcTex_srcSmp, uv, 0.0);
    }

*/
#if defined(SOKOL_GLES3)
static const uint8_t tc_fbomip_blit_fs_source_glsl300es[241] = {
    0x23,0x76,0x65,0x72,0x73,0x69,0x6f,0x6e,0x20,0x33,0x30,0x30,0x20,0x65,0x73,0x0a,
    0x70,0x72,0x65,0x63,0x69,0x73,0x69,0x6f,0x6e,0x20,0x6d,0x65,0x64,0x69,0x75,0x6d,
    0x70,0x20,0x66,0x6c,0x6f,0x61,0x74,0x3b,0x0a,0x70,0x72,0x65,0x63,0x69,0x73,0x69,
    0x6f,0x6e,0x20,0x68,0x69,0x67,0x68,0x70,0x20,0x69,0x6e,0x74,0x3b,0x0a,0x0a,0x75,
    0x6e,0x69,0x66,0x6f,0x72,0x6d,0x20,0x68,0x69,0x67,0x68,0x70,0x20,0x73,0x61,0x6d,
    0x70,0x6c,0x65,0x72,0x32,0x44,0x20,0x73,0x72,0x63,0x54,0x65,0x78,0x5f,0x73,0x72,
    0x63,0x53,0x6d,0x70,0x3b,0x0a,0x0a,0x6c,0x61,0x79,0x6f,0x75,0x74,0x28,0x6c,0x6f,
    0x63,0x61,0x74,0x69,0x6f,0x6e,0x20,0x3d,0x20,0x30,0x29,0x20,0x6f,0x75,0x74,0x20,
    0x68,0x69,0x67,0x68,0x70,0x20,0x76,0x65,0x63,0x34,0x20,0x66,0x72,0x61,0x67,0x5f,
    0x63,0x6f,0x6c,0x6f,0x72,0x3b,0x0a,0x69,0x6e,0x20,0x68,0x69,0x67,0x68,0x70,0x20,
    0x76,0x65,0x63,0x32,0x20,0x75,0x76,0x3b,0x0a,0x0a,0x76,0x6f,0x69,0x64,0x20,0x6d,
    0x61,0x69,0x6e,0x28,0x29,0x0a,0x7b,0x0a,0x20,0x20,0x20,0x20,0x66,0x72,0x61,0x67,
    0x5f,0x63,0x6f,0x6c,0x6f,0x72,0x20,0x3d,0x20,0x74,0x65,0x78,0x74,0x75,0x72,0x65,
    0x4c,0x6f,0x64,0x28,0x73,0x72,0x63,0x54,0x65,0x78,0x5f,0x73,0x72,0x63,0x53,0x6d,
    0x70,0x2c,0x20,0x75,0x76,0x2c,0x20,0x30,0x2e,0x30,0x29,0x3b,0x0a,0x7d,0x0a,0x0a,
    0x00,
};
#endif
/*
    static float4 gl_Position;
    static float2 position;
    static float2 uv;
    static float2 texcoord0;

    struct SPIRV_Cross_Input
    {
        float2 position : TEXCOORD0;
        float2 texcoord0 : TEXCOORD1;
    };

    struct SPIRV_Cross_Output
    {
        float2 uv : TEXCOORD0;
        float4 gl_Position : SV_Position;
    };

    void vert_main()
    {
        gl_Position = float4(position, 0.0f, 1.0f);
        uv = texcoord0;
    }

    SPIRV_Cross_Output main(SPIRV_Cross_Input stage_input)
    {
        position = stage_input.position;
        texcoord0 = stage_input.texcoord0;
        vert_main();
        SPIRV_Cross_Output stage_output;
        stage_output.gl_Position = gl_Position;
        stage_output.uv = uv;
        return stage_output;
    }
*/
#if defined(SOKOL_D3D11)
static const uint8_t tc_fbomip_vs_source_hlsl5[665] = {
    0x73,0x74,0x61,0x74,0x69,0x63,0x20,0x66,0x6c,0x6f,0x61,0x74,0x34,0x20,0x67,0x6c,
    0x5f,0x50,0x6f,0x73,0x69,0x74,0x69,0x6f,0x6e,0x3b,0x0a,0x73,0x74,0x61,0x74,0x69,
    0x63,0x20,0x66,0x6c,0x6f,0x61,0x74,0x32,0x20,0x70,0x6f,0x73,0x69,0x74,0x69,0x6f,
    0x6e,0x3b,0x0a,0x73,0x74,0x61,0x74,0x69,0x63,0x20,0x66,0x6c,0x6f,0x61,0x74,0x32,
    0x20,0x75,0x76,0x3b,0x0a,0x73,0x74,0x61,0x74,0x69,0x63,0x20,0x66,0x6c,0x6f,0x61,
    0x74,0x32,0x20,0x74,0x65,0x78,0x63,0x6f,0x6f,0x72,0x64,0x30,0x3b,0x0a,0x0a,0x73,
    0x74,0x72,0x75,0x63,0x74,0x20,0x53,0x50,0x49,0x52,0x56,0x5f,0x43,0x72,0x6f,0x73,
    0x73,0x5f,0x49,0x6e,0x70,0x75,0x74,0x0a,0x7b,0x0a,0x20,0x20,0x20,0x20,0x66,0x6c,
    0x6f,0x61,0x74,0x32,0x20,0x70,0x6f,0x73,0x69,0x74,0x69,0x6f,0x6e,0x20,0x3a,0x20,
    0x54,0x45,0x58,0x43,0x4f,0x4f,0x52,0x44,0x30,0x3b,0x0a,0x20,0x20,0x20,0x20,0x66,
    0x6c,0x6f,0x61,0x74,0x32,0x20,0x74,0x65,0x78,0x63,0x6f,0x6f,0x72,0x64,0x30,0x20,
    0x3a,0x20,0x54,0x45,0x58,0x43,0x4f,0x4f,0x52,0x44,0x31,0x3b,0x0a,0x7d,0x3b,0x0a,
    0x0a,0x73,0x74,0x72,0x75,0x63,0x74,0x20,0x53,0x50,0x49,0x52,0x56,0x5f,0x43,0x72,
    0x6f,0x73,0x73,0x5f,0x4f,0x75,0x74,0x70,0x75,0x74,0x0a,0x7b,0x0a,0x20,0x20,0x20,
    0x20,0x66,0x6c,0x6f,0x61,0x74,0x32,0x20,0x75,0x76,0x20,0x3a,0x20,0x54,0x45,0x58,
    0x43,0x4f,0x4f,0x52,0x44,0x30,0x3b,0x0a,0x20,0x20,0x20,0x20,0x66,0x6c,0x6f,0x61,
    0x74,0x34,0x20,0x67,0x6c,0x5f,0x50,0x6f,0x73,0x69,0x74,0x69,0x6f,0x6e,0x20,0x3a,
    0x20,0x53,0x56,0x5f,0x50,0x6f,0x73,0x69,0x74,0x69,0x6f,0x6e,0x3b,0x0a,0x7d,0x3b,
    0x0a,0x0a,0x76,0x6f,0x69,0x64,0x20,0x76,0x65,0x72,0x74,0x5f,0x6d,0x61,0x69,0x6e,
    0x28,0x29,0x0a,0x7b,0x0a,0x20,0x20,0x20,0x20,0x67,0x6c,0x5f,0x50,0x6f,0x73,0x69,
    0x74,0x69,0x6f,0x6e,0x20,0x3d,0x20,0x66,0x6c,0x6f,0x61,0x74,0x34,0x28,0x70,0x6f,
    0x73,0x69,0x74,0x69,0x6f,0x6e,0x2c,0x20,0x30,0x2e,0x30,0x66,0x2c,0x20,0x31,0x2e,
    0x30,0x66,0x29,0x3b,0x0a,0x20,0x20,0x20,0x20,0x75,0x76,0x20,0x3d,0x20,0x74,0x65,
    0x78,0x63,0x6f,0x6f,0x72,0x64,0x30,0x3b,0x0a,0x7d,0x0a,0x0a,0x53,0x50,0x49,0x52,
    0x56,0x5f,0x43,0x72,0x6f,0x73,0x73,0x5f,0x4f,0x75,0x74,0x70,0x75,0x74,0x20,0x6d,
    0x61,0x69,0x6e,0x28,0x53,0x50,0x49,0x52,0x56,0x5f,0x43,0x72,0x6f,0x73,0x73,0x5f,
    0x49,0x6e,0x70,0x75,0x74,0x20,0x73,0x74,0x61,0x67,0x65,0x5f,0x69,0x6e,0x70,0x75,
    0x74,0x29,0x0a,0x7b,0x0a,0x20,0x20,0x20,0x20,0x70,0x6f,0x73,0x69,0x74,0x69,0x6f,
    0x6e,0x20,0x3d,0x20,0x73,0x74,0x61,0x67,0x65,0x5f,0x69,0x6e,0x70,0x75,0x74,0x2e,
    0x70,0x6f,0x73,0x69,0x74,0x69,0x6f,0x6e,0x3b,0x0a,0x20,0x20,0x20,0x20,0x74,0x65,
    0x78,0x63,0x6f,0x6f,0x72,0x64,0x30,0x20,0x3d,0x20,0x73,0x74,0x61,0x67,0x65,0x5f,
    0x69,0x6e,0x70,0x75,0x74,0x2e,0x74,0x65,0x78,0x63,0x6f,0x6f,0x72,0x64,0x30,0x3b,
    0x0a,0x20,0x20,0x20,0x20,0x76,0x65,0x72,0x74,0x5f,0x6d,0x61,0x69,0x6e,0x28,0x29,
    0x3b,0x0a,0x20,0x20,0x20,0x20,0x53,0x50,0x49,0x52,0x56,0x5f,0x43,0x72,0x6f,0x73,
    0x73,0x5f,0x4f,0x75,0x74,0x70,0x75,0x74,0x20,0x73,0x74,0x61,0x67,0x65,0x5f,0x6f,
    0x75,0x74,0x70,0x75,0x74,0x3b,0x0a,0x20,0x20,0x20,0x20,0x73,0x74,0x61,0x67,0x65,
    0x5f,0x6f,0x75,0x74,0x70,0x75,0x74,0x2e,0x67,0x6c,0x5f,0x50,0x6f,0x73,0x69,0x74,
    0x69,0x6f,0x6e,0x20,0x3d,0x20,0x67,0x6c,0x5f,0x50,0x6f,0x73,0x69,0x74,0x69,0x6f,
    0x6e,0x3b,0x0a,0x20,0x20,0x20,0x20,0x73,0x74,0x61,0x67,0x65,0x5f,0x6f,0x75,0x74,
    0x70,0x75,0x74,0x2e,0x75,0x76,0x20,0x3d,0x20,0x75,0x76,0x3b,0x0a,0x20,0x20,0x20,
    0x20,0x72,0x65,0x74,0x75,0x72,0x6e,0x20,0x73,0x74,0x61,0x67,0x65,0x5f,0x6f,0x75,
    0x74,0x70,0x75,0x74,0x3b,0x0a,0x7d,0x0a,0x00,
};
#endif
/*
    Texture2D<float4> srcTex : register(t0);
    SamplerState srcSmp : register(s0);

    static float2 uv;
    static float4 frag_color;

    struct SPIRV_Cross_Input
    {
        float2 uv : TEXCOORD0;
    };

    struct SPIRV_Cross_Output
    {
        float4 frag_color : SV_Target0;
    };

    uint2 spvTextureSize(Texture2D<float4> Tex, uint Level, out uint Param)
    {
        uint2 ret;
        Tex.GetDimensions(Level, ret.x, ret.y, Param);
        return ret;
    }

    float3 srgb_to_linear(float3 c)
    {
        return pow(c, 2.2000000476837158203125f.xxx);
    }

    float3 linear_to_srgb(float3 c)
    {
        return pow(c, 0.4545454680919647216796875f.xxx);
    }

    void frag_main()
    {
        uint _45_dummy_parameter;
        float2 _49 = max(float2(int2(spvTextureSize(srcTex, uint(0), _45_dummy_parameter))), 1.0f.xx);
        float4 _69 = srcTex.SampleLevel(srcSmp, uv + ((-0.5f).xx / _49), 0.0f);
        float4 _80 = srcTex.SampleLevel(srcSmp, uv + (float2(0.5f, -0.5f) / _49), 0.0f);
        float4 _90 = srcTex.SampleLevel(srcSmp, uv + (float2(-0.5f, 0.5f) / _49), 0.0f);
        float4 _100 = srcTex.SampleLevel(srcSmp, uv + (0.5f.xx / _49), 0.0f);
        float3 param = _69.xyz;
        float3 param_1 = _80.xyz;
        float3 param_2 = _90.xyz;
        float3 param_3 = _100.xyz;
        float3 param_4 = (((srgb_to_linear(param) + srgb_to_linear(param_1)) + srgb_to_linear(param_2)) + srgb_to_linear(param_3)) * 0.25f;
        frag_color = float4(linear_to_srgb(param_4), (((_69.w + _80.w) + _90.w) + _100.w) * 0.25f);
    }

    SPIRV_Cross_Output main(SPIRV_Cross_Input stage_input)
    {
        uv = stage_input.uv;
        frag_main();
        SPIRV_Cross_Output stage_output;
        stage_output.frag_color = frag_color;
        return stage_output;
    }
*/
#if defined(SOKOL_D3D11)
static const uint8_t tc_fbomip_fs_source_hlsl5[1613] = {
    0x54,0x65,0x78,0x74,0x75,0x72,0x65,0x32,0x44,0x3c,0x66,0x6c,0x6f,0x61,0x74,0x34,
    0x3e,0x20,0x73,0x72,0x63,0x54,0x65,0x78,0x20,0x3a,0x20,0x72,0x65,0x67,0x69,0x73,
    0x74,0x65,0x72,0x28,0x74,0x30,0x29,0x3b,0x0a,0x53,0x61,0x6d,0x70,0x6c,0x65,0x72,
    0x53,0x74,0x61,0x74,0x65,0x20,0x73,0x72,0x63,0x53,0x6d,0x70,0x20,0x3a,0x20,0x72,
    0x65,0x67,0x69,0x73,0x74,0x65,0x72,0x28,0x73,0x30,0x29,0x3b,0x0a,0x0a,0x73,0x74,
    0x61,0x74,0x69,0x63,0x20,0x66,0x6c,0x6f,0x61,0x74,0x32,0x20,0x75,0x76,0x3b,0x0a,
    0x73,0x74,0x61,0x74,0x69,0x63,0x20,0x66,0x6c,0x6f,0x61,0x74,0x34,0x20,0x66,0x72,
    0x61,0x67,0x5f,0x63,0x6f,0x6c,0x6f,0x72,0x3b,0x0a,0x0a,0x73,0x74,0x72,0x75,0x63,
    0x74,0x20,0x53,0x50,0x49,0x52,0x56,0x5f,0x43,0x72,0x6f,0x73,0x73,0x5f,0x49,0x6e,
    0x70,0x75,0x74,0x0a,0x7b,0x0a,0x20,0x20,0x20,0x20,0x66,0x6c,0x6f,0x61,0x74,0x32,
    0x20,0x75,0x76,0x20,0x3a,0x20,0x54,0x45,0x58,0x43,0x4f,0x4f,0x52,0x44,0x30,0x3b,
    0x0a,0x7d,0x3b,0x0a,0x0a,0x73,0x74,0x72,0x75,0x63,0x74,0x20,0x53,0x50,0x49,0x52,
    0x56,0x5f,0x43,0x72,0x6f,0x73,0x73,0x5f,0x4f,0x75,0x74,0x70,0x75,0x74,0x0a,0x7b,
    0x0a,0x20,0x20,0x20,0x20,0x66,0x6c,0x6f,0x61,0x74,0x34,0x20,0x66,0x72,0x61,0x67,
    0x5f,0x63,0x6f,0x6c,0x6f,0x72,0x20,0x3a,0x20,0x53,0x56,0x5f,0x54,0x61,0x72,0x67,
    0x65,0x74,0x30,0x3b,0x0a,0x7d,0x3b,0x0a,0x0a,0x75,0x69,0x6e,0x74,0x32,0x20,0x73,
    0x70,0x76,0x54,0x65,0x78,0x74,0x75,0x72,0x65,0x53,0x69,0x7a,0x65,0x28,0x54,0x65,
    0x78,0x74,0x75,0x72,0x65,0x32,0x44,0x3c,0x66,0x6c,0x6f,0x61,0x74,0x34,0x3e,0x20,
    0x54,0x65,0x78,0x2c,0x20,0x75,0x69,0x6e,0x74,0x20,0x4c,0x65,0x76,0x65,0x6c,0x2c,
    0x20,0x6f,0x75,0x74,0x20,0x75,0x69,0x6e,0x74,0x20,0x50,0x61,0x72,0x61,0x6d,0x29,
    0x0a,0x7b,0x0a,0x20,0x20,0x20,0x20,0x75,0x69,0x6e,0x74,0x32,0x20,0x72,0x65,0x74,
    0x3b,0x0a,0x20,0x20,0x20,0x20,0x54,0x65,0x78,0x2e,0x47,0x65,0x74,0x44,0x69,0x6d,
    0x65,0x6e,0x73,0x69,0x6f,0x6e,0x73,0x28,0x4c,0x65,0x76,0x65,0x6c,0x2c,0x20,0x72,
    0x65,0x74,0x2e,0x78,0x2c,0x20,0x72,0x65,0x74,0x2e,0x79,0x2c,0x20,0x50,0x61,0x72,
    0x61,0x6d,0x29,0x3b,0x0a,0x20,0x20,0x20,0x20,0x72,0x65,0x74,0x75,0x72,0x6e,0x20,
    0x72,0x65,0x74,0x3b,0x0a,0x7d,0x0a,0x0a,0x66,0x6c,0x6f,0x61,0x74,0x33,0x20,0x73,
    0x72,0x67,0x62,0x5f,0x74,0x6f,0x5f,0x6c,0x69,0x6e,0x65,0x61,0x72,0x28,0x66,0x6c,
    0x6f,0x61,0x74,0x33,0x20,0x63,0x29,0x0a,0x7b,0x0a,0x20,0x20,0x20,0x20,0x72,0x65,
    0x74,0x75,0x72,0x6e,0x20,0x70,0x6f,0x77,0x28,0x63,0x2c,0x20,0x32,0x2e,0x32,0x30,
    0x30,0x30,0x30,0x30,0x30,0x34,0x37,0x36,0x38,0x33,0x37,0x31,0x35,0x38,0x32,0x30,
    0x33,0x31,0x32,0x35,0x66,0x2e,0x78,0x78,0x78,0x29,0x3b,0x0a,0x7d,0x0a,0x0a,0x66,
    0x6c,0x6f,0x61,0x74,0x33,0x20,0x6c,0x69,0x6e,0x65,0x61,0x72,0x5f,0x74,0x6f,0x5f,
    0x73,0x72,0x67,0x62,0x28,0x66,0x6c,0x6f,0x61,0x74,0x33,0x20,0x63,0x29,0x0a,0x7b,
    0x0a,0x20,0x20,0x20,0x20,0x72,0x65,0x74,0x75,0x72,0x6e,0x20,0x70,0x6f,0x77,0x28,
    0x63,0x2c,0x20,0x30,0x2e,0x34,0x35,0x34,0x35,0x34,0x35,0x34,0x36,0x38,0x30,0x39,
    0x31,0x39,0x36,0x34,0x37,0x32,0x31,0x36,0x37,0x39,0x36,0x38,0x37,0x35,0x66,0x2e,
    0x78,0x78,0x78,0x29,0x3b,0x0a,0x7d,0x0a,0x0a,0x76,0x6f,0x69,0x64,0x20,0x66,0x72,
    0x61,0x67,0x5f,0x6d,0x61,0x69,0x6e,0x28,0x29,0x0a,0x7b,0x0a,0x20,0x20,0x20,0x20,
    0x75,0x69,0x6e,0x74,0x20,0x5f,0x34,0x35,0x5f,0x64,0x75,0x6d,0x6d,0x79,0x5f,0x70,
    0x61,0x72,0x61,0x6d,0x65,0x74,0x65,0x72,0x3b,0x0a,0x20,0x20,0x20,0x20,0x66,0x6c,
    0x6f,0x61,0x74,0x32,0x20,0x5f,0x34,0x39,0x20,0x3d,0x20,0x6d,0x61,0x78,0x28,0x66,
    0x6c,0x6f,0x61,0x74,0x32,0x28,0x69,0x6e,0x74,0x32,0x28,0x73,0x70,0x76,0x54,0x65,
    0x78,0x74,0x75,0x72,0x65,0x53,0x69,0x7a,0x65,0x28,0x73,0x72,0x63,0x54,0x65,0x78,
    0x2c,0x20,0x75,0x69,0x6e,0x74,0x28,0x30,0x29,0x2c,0x20,0x5f,0x34,0x35,0x5f,0x64,
    0x75,0x6d,0x6d,0x79,0x5f,0x70,0x61,0x72,0x61,0x6d,0x65,0x74,0x65,0x72,0x29,0x29,
    0x29,0x2c,0x20,0x31,0x2e,0x30,0x66,0x2e,0x78,0x78,0x29,0x3b,0x0a,0x20,0x20,0x20,
    0x20,0x66,0x6c,0x6f,0x61,0x74,0x34,0x20,0x5f,0x36,0x39,0x20,0x3d,0x20,0x73,0x72,
    0x63,0x54,0x65,0x78,0x2e,0x53,0x61,0x6d,0x70,0x6c,0x65,0x4c,0x65,0x76,0x65,0x6c,
    0x28,0x73,0x72,0x63,0x53,0x6d,0x70,0x2c,0x20,0x75,0x76,0x20,0x2b,0x20,0x28,0x28,
    0x2d,0x30,0x2e,0x35,0x66,0x29,0x2e,0x78,0x78,0x20,0x2f,0x20,0x5f,0x34,0x39,0x29,
    0x2c,0x20,0x30,0x2e,0x30,0x66,0x29,0x3b,0x0a,0x20,0x20,0x20,0x20,0x66,0x6c,0x6f,
    0x61,0x74,0x34,0x20,0x5f,0x38,0x30,0x20,0x3d,0x20,0x73,0x72,0x63,0x54,0x65,0x78,
    0x2e,0x53,0x61,0x6d,0x70,0x6c,0x65,0x4c,0x65,0x76,0x65,0x6c,0x28,0x73,0x72,0x63,
    0x53,0x6d,0x70,0x2c,0x20,0x75,0x76,0x20,0x2b,0x20,0x28,0x66,0x6c,0x6f,0x61,0x74,
    0x32,0x28,0x30,0x2e,0x35,0x66,0x2c,0x20,0x2d,0x30,0x2e,0x35,0x66,0x29,0x20,0x2f,
    0x20,0x5f,0x34,0x39,0x29,0x2c,0x20,0x30,0x2e,0x30,0x66,0x29,0x3b,0x0a,0x20,0x20,
    0x20,0x20,0x66,0x6c,0x6f,0x61,0x74,0x34,0x20,0x5f,0x39,0x30,0x20,0x3d,0x20,0x73,
    0x72,0x63,0x54,0x65,0x78,0x2e,0x53,0x61,0x6d,0x70,0x6c,0x65,0x4c,0x65,0x76,0x65,
    0x6c,0x28,0x73,0x72,0x63,0x53,0x6d,0x70,0x2c,0x20,0x75,0x76,0x20,0x2b,0x20,0x28,
    0x66,0x6c,0x6f,0x61,0x74,0x32,0x28,0x2d,0x30,0x2e,0x35,0x66,0x2c,0x20,0x30,0x2e,
    0x35,0x66,0x29,0x20,0x2f,0x20,0x5f,0x34,0x39,0x29,0x2c,0x20,0x30,0x2e,0x30,0x66,
    0x29,0x3b,0x0a,0x20,0x20,0x20,0x20,0x66,0x6c,0x6f,0x61,0x74,0x34,0x20,0x5f,0x31,
    0x30,0x30,0x20,0x3d,0x20,0x73,0x72,0x63,0x54,0x65,0x78,0x2e,0x53,0x61,0x6d,0x70,
    0x6c,0x65,0x4c,0x65,0x76,0x65,0x6c,0x28,0x73,0x72,0x63,0x53,0x6d,0x70,0x2c,0x20,
    0x75,0x76,0x20,0x2b,0x20,0x28,0x30,0x2e,0x35,0x66,0x2e,0x78,0x78,0x20,0x2f,0x20,
    0x5f,0x34,0x39,0x29,0x2c,0x20,0x30,0x2e,0x30,0x66,0x29,0x3b,0x0a,0x20,0x20,0x20,
    0x20,0x66,0x6c,0x6f,0x61,0x74,0x33,0x20,0x70,0x61,0x72,0x61,0x6d,0x20,0x3d,0x20,
    0x5f,0x36,0x39,0x2e,0x78,0x79,0x7a,0x3b,0x0a,0x20,0x20,0x20,0x20,0x66,0x6c,0x6f,
    0x61,0x74,0x33,0x20,0x70,0x61,0x72,0x61,0x6d,0x5f,0x31,0x20,0x3d,0x20,0x5f,0x38,
    0x30,0x2e,0x78,0x79,0x7a,0x3b,0x0a,0x20,0x20,0x20,0x20,0x66,0x6c,0x6f,0x61,0x74,
    0x33,0x20,0x70,0x61,0x72,0x61,0x6d,0x5f,0x32,0x20,0x3d,0x20,0x5f,0x39,0x30,0x2e,
    0x78,0x79,0x7a,0x3b,0x0a,0x20,0x20,0x20,0x20,0x66,0x6c,0x6f,0x61,0x74,0x33,0x20,
    0x70,0x61,0x72,0x61,0x6d,0x5f,0x33,0x20,0x3d,0x20,0x5f,0x31,0x30,0x30,0x2e,0x78,
    0x79,0x7a,0x3b,0x0a,0x20,0x20,0x20,0x20,0x66,0x6c,0x6f,0x61,0x74,0x33,0x20,0x70,
    0x61,0x72,0x61,0x6d,0x5f,0x34,0x20,0x3d,0x20,0x28,0x28,0x28,0x73,0x72,0x67,0x62,
    0x5f,0x74,0x6f,0x5f,0x6c,0x69,0x6e,0x65,0x61,0x72,0x28,0x70,0x61,0x72,0x61,0x6d,
    0x29,0x20,0x2b,0x20,0x73,0x72,0x67,0x62,0x5f,0x74,0x6f,0x5f,0x6c,0x69,0x6e,0x65,
    0x61,0x72,0x28,0x70,0x61,0x72,0x61,0x6d,0x5f,0x31,0x29,0x29,0x20,0x2b,0x20,0x73,
    0x72,0x67,0x62,0x5f,0x74,0x6f,0x5f,0x6c,0x69,0x6e,0x65,0x61,0x72,0x28,0x70,0x61,
    0x72,0x61,0x6d,0x5f,0x32,0x29,0x29,0x20,0x2b,0x20,0x73,0x72,0x67,0x62,0x5f,0x74,
    0x6f,0x5f,0x6c,0x69,0x6e,0x65,0x61,0x72,0x28,0x70,0x61,0x72,0x61,0x6d,0x5f,0x33,
    0x29,0x29,0x20,0x2a,0x20,0x30,0x2e,0x32,0x35,0x66,0x3b,0x0a,0x20,0x20,0x20,0x20,
    0x66,0x72,0x61,0x67,0x5f,0x63,0x6f,0x6c,0x6f,0x72,0x20,0x3d,0x20,0x66,0x6c,0x6f,
    0x61,0x74,0x34,0x28,0x6c,0x69,0x6e,0x65,0x61,0x72,0x5f,0x74,0x6f,0x5f,0x73,0x72,
    0x67,0x62,0x28,0x70,0x61,0x72,0x61,0x6d,0x5f,0x34,0x29,0x2c,0x20,0x28,0x28,0x28,
    0x5f,0x36,0x39,0x2e,0x77,0x20,0x2b,0x20,0x5f,0x38,0x30,0x2e,0x77,0x29,0x20,0x2b,
    0x20,0x5f,0x39,0x30,0x2e,0x77,0x29,0x20,0x2b,0x20,0x5f,0x31,0x30,0x30,0x2e,0x77,
    0x29,0x20,0x2a,0x20,0x30,0x2e,0x32,0x35,0x66,0x29,0x3b,0x0a,0x7d,0x0a,0x0a,0x53,
    0x50,0x49,0x52,0x56,0x5f,0x43,0x72,0x6f,0x73,0x73,0x5f,0x4f,0x75,0x74,0x70,0x75,
    0x74,0x20,0x6d,0x61,0x69,0x6e,0x28,0x53,0x50,0x49,0x52,0x56,0x5f,0x43,0x72,0x6f,
    0x73,0x73,0x5f,0x49,0x6e,0x70,0x75,0x74,0x20,0x73,0x74,0x61,0x67,0x65,0x5f,0x69,
    0x6e,0x70,0x75,0x74,0x29,0x0a,0x7b,0x0a,0x20,0x20,0x20,0x20,0x75,0x76,0x20,0x3d,
    0x20,0x73,0x74,0x61,0x67,0x65,0x5f,0x69,0x6e,0x70,0x75,0x74,0x2e,0x75,0x76,0x3b,
    0x0a,0x20,0x20,0x20,0x20,0x66,0x72,0x61,0x67,0x5f,0x6d,0x61,0x69,0x6e,0x28,0x29,
    0x3b,0x0a,0x20,0x20,0x20,0x20,0x53,0x50,0x49,0x52,0x56,0x5f,0x43,0x72,0x6f,0x73,
    0x73,0x5f,0x4f,0x75,0x74,0x70,0x75,0x74,0x20,0x73,0x74,0x61,0x67,0x65,0x5f,0x6f,
    0x75,0x74,0x70,0x75,0x74,0x3b,0x0a,0x20,0x20,0x20,0x20,0x73,0x74,0x61,0x67,0x65,
    0x5f,0x6f,0x75,0x74,0x70,0x75,0x74,0x2e,0x66,0x72,0x61,0x67,0x5f,0x63,0x6f,0x6c,
    0x6f,0x72,0x20,0x3d,0x20,0x66,0x72,0x61,0x67,0x5f,0x63,0x6f,0x6c,0x6f,0x72,0x3b,
    0x0a,0x20,0x20,0x20,0x20,0x72,0x65,0x74,0x75,0x72,0x6e,0x20,0x73,0x74,0x61,0x67,
    0x65,0x5f,0x6f,0x75,0x74,0x70,0x75,0x74,0x3b,0x0a,0x7d,0x0a,0x00,
};
#endif
/*
    Texture2D<float4> srcTex : register(t0);
    SamplerState srcSmp : register(s0);

    static float4 frag_color;
    static float2 uv;

    struct SPIRV_Cross_Input
    {
        float2 uv : TEXCOORD0;
    };

    struct SPIRV_Cross_Output
    {
        float4 frag_color : SV_Target0;
    };

    void frag_main()
    {
        frag_color = srcTex.SampleLevel(srcSmp, uv, 0.0f);
    }

    SPIRV_Cross_Output main(SPIRV_Cross_Input stage_input)
    {
        uv = stage_input.uv;
        frag_main();
        SPIRV_Cross_Output stage_output;
        stage_output.frag_color = frag_color;
        return stage_output;
    }
*/
#if defined(SOKOL_D3D11)
static const uint8_t tc_fbomip_blit_fs_source_hlsl5[532] = {
    0x54,0x65,0x78,0x74,0x75,0x72,0x65,0x32,0x44,0x3c,0x66,0x6c,0x6f,0x61,0x74,0x34,
    0x3e,0x20,0x73,0x72,0x63,0x54,0x65,0x78,0x20,0x3a,0x20,0x72,0x65,0x67,0x69,0x73,
    0x74,0x65,0x72,0x28,0x74,0x30,0x29,0x3b,0x0a,0x53,0x61,0x6d,0x70,0x6c,0x65,0x72,
    0x53,0x74,0x61,0x74,0x65,0x20,0x73,0x72,0x63,0x53,0x6d,0x70,0x20,0x3a,0x20,0x72,
    0x65,0x67,0x69,0x73,0x74,0x65,0x72,0x28,0x73,0x30,0x29,0x3b,0x0a,0x0a,0x73,0x74,
    0x61,0x74,0x69,0x63,0x20,0x66,0x6c,0x6f,0x61,0x74,0x34,0x20,0x66,0x72,0x61,0x67,
    0x5f,0x63,0x6f,0x6c,0x6f,0x72,0x3b,0x0a,0x73,0x74,0x61,0x74,0x69,0x63,0x20,0x66,
    0x6c,0x6f,0x61,0x74,0x32,0x20,0x75,0x76,0x3b,0x0a,0x0a,0x73,0x74,0x72,0x75,0x63,
    0x74,0x20,0x53,0x50,0x49,0x52,0x56,0x5f,0x43,0x72,0x6f,0x73,0x73,0x5f,0x49,0x6e,
    0x70,0x75,0x74,0x0a,0x7b,0x0a,0x20,0x20,0x20,0x20,0x66,0x6c,0x6f,0x61,0x74,0x32,
    0x20,0x75,0x76,0x20,0x3a,0x20,0x54,0x45,0x58,0x43,0x4f,0x4f,0x52,0x44,0x30,0x3b,
    0x0a,0x7d,0x3b,0x0a,0x0a,0x73,0x74,0x72,0x75,0x63,0x74,0x20,0x53,0x50,0x49,0x52,
    0x56,0x5f,0x43,0x72,0x6f,0x73,0x73,0x5f,0x4f,0x75,0x74,0x70,0x75,0x74,0x0a,0x7b,
    0x0a,0x20,0x20,0x20,0x20,0x66,0x6c,0x6f,0x61,0x74,0x34,0x20,0x66,0x72,0x61,0x67,
    0x5f,0x63,0x6f,0x6c,0x6f,0x72,0x20,0x3a,0x20,0x53,0x56,0x5f,0x54,0x61,0x72,0x67,
    0x65,0x74,0x30,0x3b,0x0a,0x7d,0x3b,0x0a,0x0a,0x76,0x6f,0x69,0x64,0x20,0x66,0x72,
    0x61,0x67,0x5f,0x6d,0x61,0x69,0x6e,0x28,0x29,0x0a,0x7b,0x0a,0x20,0x20,0x20,0x20,
    0x66,0x72,0x61,0x67,0x5f,0x63,0x6f,0x6c,0x6f,0x72,0x20,0x3d,0x20,0x73,0x72,0x63,
    0x54,0x65,0x78,0x2e,0x53,0x61,0x6d,0x70,0x6c,0x65,0x4c,0x65,0x76,0x65,0x6c,0x28,
    0x73,0x72,0x63,0x53,0x6d,0x70,0x2c,0x20,0x75,0x76,0x2c,0x20,0x30,0x2e,0x30,0x66,
    0x29,0x3b,0x0a,0x7d,0x0a,0x0a,0x53,0x50,0x49,0x52,0x56,0x5f,0x43,0x72,0x6f,0x73,
    0x73,0x5f,0x4f,0x75,0x74,0x70,0x75,0x74,0x20,0x6d,0x61,0x69,0x6e,0x28,0x53,0x50,
    0x49,0x52,0x56,0x5f,0x43,0x72,0x6f,0x73,0x73,0x5f,0x49,0x6e,0x70,0x75,0x74,0x20,
    0x73,0x74,0x61,0x67,0x65,0x5f,0x69,0x6e,0x70,0x75,0x74,0x29,0x0a,0x7b,0x0a,0x20,
    0x20,0x20,0x20,0x75,0x76,0x20,0x3d,0x20,0x73,0x74,0x61,0x67,0x65,0x5f,0x69,0x6e,
    0x70,0x75,0x74,0x2e,0x75,0x76,0x3b,0x0a,0x20,0x20,0x20,0x20,0x66,0x72,0x61,0x67,
    0x5f,0x6d,0x61,0x69,0x6e,0x28,0x29,0x3b,0x0a,0x20,0x20,0x20,0x20,0x53,0x50,0x49,
    0x52,0x56,0x5f,0x43,0x72,0x6f,0x73,0x73,0x5f,0x4f,0x75,0x74,0x70,0x75,0x74,0x20,
    0x73,0x74,0x61,0x67,0x65,0x5f,0x6f,0x75,0x74,0x70,0x75,0x74,0x3b,0x0a,0x20,0x20,
    0x20,0x20,0x73,0x74,0x61,0x67,0x65,0x5f,0x6f,0x75,0x74,0x70,0x75,0x74,0x2e,0x66,
    0x72,0x61,0x67,0x5f,0x63,0x6f,0x6c,0x6f,0x72,0x20,0x3d,0x20,0x66,0x72,0x61,0x67,
    0x5f,0x63,0x6f,0x6c,0x6f,0x72,0x3b,0x0a,0x20,0x20,0x20,0x20,0x72,0x65,0x74,0x75,
    0x72,0x6e,0x20,0x73,0x74,0x61,0x67,0x65,0x5f,0x6f,0x75,0x74,0x70,0x75,0x74,0x3b,
    0x0a,0x7d,0x0a,0x00,
};
#endif
/*
    #include <metal_stdlib>
    #include <simd/simd.h>

    using namespace metal;

    struct main0_out
    {
        float2 uv [[user(locn0)]];
        float4 gl_Position [[position]];
    };

    struct main0_in
    {
        float2 position [[attribute(0)]];
        float2 texcoord0 [[attribute(1)]];
    };

    vertex main0_out main0(main0_in in [[stage_in]])
    {
        main0_out out = {};
        out.gl_Position = float4(in.position, 0.0, 1.0);
        out.uv = in.texcoord0;
        return out;
    }

*/
#if defined(SOKOL_METAL)
static const uint8_t tc_fbomip_vs_source_metal_macos[437] = {
    0x23,0x69,0x6e,0x63,0x6c,0x75,0x64,0x65,0x20,0x3c,0x6d,0x65,0x74,0x61,0x6c,0x5f,
    0x73,0x74,0x64,0x6c,0x69,0x62,0x3e,0x0a,0x23,0x69,0x6e,0x63,0x6c,0x75,0x64,0x65,
    0x20,0x3c,0x73,0x69,0x6d,0x64,0x2f,0x73,0x69,0x6d,0x64,0x2e,0x68,0x3e,0x0a,0x0a,
    0x75,0x73,0x69,0x6e,0x67,0x20,0x6e,0x61,0x6d,0x65,0x73,0x70,0x61,0x63,0x65,0x20,
    0x6d,0x65,0x74,0x61,0x6c,0x3b,0x0a,0x0a,0x73,0x74,0x72,0x75,0x63,0x74,0x20,0x6d,
    0x61,0x69,0x6e,0x30,0x5f,0x6f,0x75,0x74,0x0a,0x7b,0x0a,0x20,0x20,0x20,0x20,0x66,
    0x6c,0x6f,0x61,0x74,0x32,0x20,0x75,0x76,0x20,0x5b,0x5b,0x75,0x73,0x65,0x72,0x28,
    0x6c,0x6f,0x63,0x6e,0x30,0x29,0x5d,0x5d,0x3b,0x0a,0x20,0x20,0x20,0x20,0x66,0x6c,
    0x6f,0x61,0x74,0x34,0x20,0x67,0x6c,0x5f,0x50,0x6f,0x73,0x69,0x74,0x69,0x6f,0x6e,
    0x20,0x5b,0x5b,0x70,0x6f,0x73,0x69,0x74,0x69,0x6f,0x6e,0x5d,0x5d,0x3b,0x0a,0x7d,
    0x3b,0x0a,0x0a,0x73,0x74,0x72,0x75,0x63,0x74,0x20,0x6d,0x61,0x69,0x6e,0x30,0x5f,
    0x69,0x6e,0x0a,0x7b,0x0a,0x20,0x20,0x20,0x20,0x66,0x6c,0x6f,0x61,0x74,0x32,0x20,
    0x70,0x6f,0x73,0x69,0x74,0x69,0x6f,0x6e,0x20,0x5b,0x5b,0x61,0x74,0x74,0x72,0x69,
    0x62,0x75,0x74,0x65,0x28,0x30,0x29,0x5d,0x5d,0x3b,0x0a,0x20,0x20,0x20,0x20,0x66,
    0x6c,0x6f,0x61,0x74,0x32,0x20,0x74,0x65,0x78,0x63,0x6f,0x6f,0x72,0x64,0x30,0x20,
    0x5b,0x5b,0x61,0x74,0x74,0x72,0x69,0x62,0x75,0x74,0x65,0x28,0x31,0x29,0x5d,0x5d,
    0x3b,0x0a,0x7d,0x3b,0x0a,0x0a,0x76,0x65,0x72,0x74,0x65,0x78,0x20,0x6d,0x61,0x69,
    0x6e,0x30,0x5f,0x6f,0x75,0x74,0x20,0x6d,0x61,0x69,0x6e,0x30,0x28,0x6d,0x61,0x69,
    0x6e,0x30,0x5f,0x69,0x6e,0x20,0x69,0x6e,0x20,0x5b,0x5b,0x73,0x74,0x61,0x67,0x65,
    0x5f,0x69,0x6e,0x5d,0x5d,0x29,0x0a,0x7b,0x0a,0x20,0x20,0x20,0x20,0x6d,0x61,0x69,
    0x6e,0x30,0x5f,0x6f,0x75,0x74,0x20,0x6f,0x75,0x74,0x20,0x3d,0x20,0x7b,0x7d,0x3b,
    0x0a,0x20,0x20,0x20,0x20,0x6f,0x75,0x74,0x2e,0x67,0x6c,0x5f,0x50,0x6f,0x73,0x69,
    0x74,0x69,0x6f,0x6e,0x20,0x3d,0x20,0x66,0x6c,0x6f,0x61,0x74,0x34,0x28,0x69,0x6e,
    0x2e,0x70,0x6f,0x73,0x69,0x74,0x69,0x6f,0x6e,0x2c,0x20,0x30,0x2e,0x30,0x2c,0x20,
    0x31,0x2e,0x30,0x29,0x3b,0x0a,0x20,0x20,0x20,0x20,0x6f,0x75,0x74,0x2e,0x75,0x76,
    0x20,0x3d,0x20,0x69,0x6e,0x2e,0x74,0x65,0x78,0x63,0x6f,0x6f,0x72,0x64,0x30,0x3b,
    0x0a,0x20,0x20,0x20,0x20,0x72,0x65,0x74,0x75,0x72,0x6e,0x20,0x6f,0x75,0x74,0x3b,
    0x0a,0x7d,0x0a,0x0a,0x00,
};
#endif
/*
    #pragma clang diagnostic ignored "-Wmissing-prototypes"

    #include <metal_stdlib>
    #include <simd/simd.h>

    using namespace metal;

    struct main0_out
    {
        float4 frag_color [[color(0)]];
    };

    struct main0_in
    {
        float2 uv [[user(locn0)]];
    };

    static inline __attribute__((always_inline))
    float3 srgb_to_linear(thread const float3& c)
    {
        return powr(c, float3(2.2000000476837158203125));
    }

    static inline __attribute__((always_inline))
    float3 linear_to_srgb(thread const float3& c)
    {
        return powr(c, float3(0.4545454680919647216796875));
    }

    fragment main0_out main0(main0_in in [[stage_in]], texture2d<float> srcTex [[texture(0)]], sampler srcSmp [[sampler(0)]])
    {
        main0_out out = {};
        float2 _49 = fast::max(float2(int2(srcTex.get_width(), srcTex.get_height())), float2(1.0));
        float4 _69 = srcTex.sample(srcSmp, (in.uv + (float2(-0.5) / _49)), level(0.0));
        float4 _80 = srcTex.sample(srcSmp, (in.uv + (float2(0.5, -0.5) / _49)), level(0.0));
        float4 _90 = srcTex.sample(srcSmp, (in.uv + (float2(-0.5, 0.5) / _49)), level(0.0));
        float4 _100 = srcTex.sample(srcSmp, (in.uv + (float2(0.5) / _49)), level(0.0));
        float3 param = _69.xyz;
        float3 param_1 = _80.xyz;
        float3 param_2 = _90.xyz;
        float3 param_3 = _100.xyz;
        float3 param_4 = (((srgb_to_linear(param) + srgb_to_linear(param_1)) + srgb_to_linear(param_2)) + srgb_to_linear(param_3)) * 0.25;
        out.frag_color = float4(linear_to_srgb(param_4), (((_69.w + _80.w) + _90.w) + _100.w) * 0.25);
        return out;
    }

*/
#if defined(SOKOL_METAL)
static const uint8_t tc_fbomip_fs_source_metal_macos[1507] = {
    0x23,0x70,0x72,0x61,0x67,0x6d,0x61,0x20,0x63,0x6c,0x61,0x6e,0x67,0x20,0x64,0x69,
    0x61,0x67,0x6e,0x6f,0x73,0x74,0x69,0x63,0x20,0x69,0x67,0x6e,0x6f,0x72,0x65,0x64,
    0x20,0x22,0x2d,0x57,0x6d,0x69,0x73,0x73,0x69,0x6e,0x67,0x2d,0x70,0x72,0x6f,0x74,
    0x6f,0x74,0x79,0x70,0x65,0x73,0x22,0x0a,0x0a,0x23,0x69,0x6e,0x63,0x6c,0x75,0x64,
    0x65,0x20,0x3c,0x6d,0x65,0x74,0x61,0x6c,0x5f,0x73,0x74,0x64,0x6c,0x69,0x62,0x3e,
    0x0a,0x23,0x69,0x6e,0x63,0x6c,0x75,0x64,0x65,0x20,0x3c,0x73,0x69,0x6d,0x64,0x2f,
    0x73,0x69,0x6d,0x64,0x2e,0x68,0x3e,0x0a,0x0a,0x75,0x73,0x69,0x6e,0x67,0x20,0x6e,
    0x61,0x6d,0x65,0x73,0x70,0x61,0x63,0x65,0x20,0x6d,0x65,0x74,0x61,0x6c,0x3b,0x0a,
    0x0a,0x73,0x74,0x72,0x75,0x63,0x74,0x20,0x6d,0x61,0x69,0x6e,0x30,0x5f,0x6f,0x75,
    0x74,0x0a,0x7b,0x0a,0x20,0x20,0x20,0x20,0x66,0x6c,0x6f,0x61,0x74,0x34,0x20,0x66,
    0x72,0x61,0x67,0x5f,0x63,0x6f,0x6c,0x6f,0x72,0x20,0x5b,0x5b,0x63,0x6f,0x6c,0x6f,
    0x72,0x28,0x30,0x29,0x5d,0x5d,0x3b,0x0a,0x7d,0x3b,0x0a,0x0a,0x73,0x74,0x72,0x75,
    0x63,0x74,0x20,0x6d,0x61,0x69,0x6e,0x30,0x5f,0x69,0x6e,0x0a,0x7b,0x0a,0x20,0x20,
    0x20,0x20,0x66,0x6c,0x6f,0x61,0x74,0x32,0x20,0x75,0x76,0x20,0x5b,0x5b,0x75,0x73,
    0x65,0x72,0x28,0x6c,0x6f,0x63,0x6e,0x30,0x29,0x5d,0x5d,0x3b,0x0a,0x7d,0x3b,0x0a,
    0x0a,0x73,0x74,0x61,0x74,0x69,0x63,0x20,0x69,0x6e,0x6c,0x69,0x6e,0x65,0x20,0x5f,
    0x5f,0x61,0x74,0x74,0x72,0x69,0x62,0x75,0x74,0x65,0x5f,0x5f,0x28,0x28,0x61,0x6c,
    0x77,0x61,0x79,0x73,0x5f,0x69,0x6e,0x6c,0x69,0x6e,0x65,0x29,0x29,0x0a,0x66,0x6c,
    0x6f,0x61,0x74,0x33,0x20,0x73,0x72,0x67,0x62,0x5f,0x74,0x6f,0x5f,0x6c,0x69,0x6e,
    0x65,0x61,0x72,0x28,0x74,0x68,0x72,0x65,0x61,0x64,0x20,0x63,0x6f,0x6e,0x73,0x74,
    0x20,0x66,0x6c,0x6f,0x61,0x74,0x33,0x26,0x20,0x63,0x29,0x0a,0x7b,0x0a,0x20,0x20,
    0x20,0x20,0x72,0x65,0x74,0x75,0x72,0x6e,0x20,0x70,0x6f,0x77,0x72,0x28,0x63,0x2c,
    0x20,0x66,0x6c,0x6f,0x61,0x74,0x33,0x28,0x32,0x2e,0x32,0x30,0x30,0x30,0x30,0x30,
    0x30,0x34,0x37,0x36,0x38,0x33,0x37,0x31,0x35,0x38,0x32,0x30,0x33,0x31,0x32,0x35,
    0x29,0x29,0x3b,0x0a,0x7d,0x0a,0x0a,0x73,0x74,0x61,0x74,0x69,0x63,0x20,0x69,0x6e,
    0x6c,0x69,0x6e,0x65,0x20,0x5f,0x5f,0x61,0x74,0x74,0x72,0x69,0x62,0x75,0x74,0x65,
    0x5f,0x5f,0x28,0x28,0x61,0x6c,0x77,0x61,0x79,0x73,0x5f,0x69,0x6e,0x6c,0x69,0x6e,
    0x65,0x29,0x29,0x0a,0x66,0x6c,0x6f,0x61,0x74,0x33,0x20,0x6c,0x69,0x6e,0x65,0x61,
    0x72,0x5f,0x74,0x6f,0x5f,0x73,0x72,0x67,0x62,0x28,0x74,0x68,0x72,0x65,0x61,0x64,
    0x20,0x63,0x6f,0x6e,0x73,0x74,0x20,0x66,0x6c,0x6f,0x61,0x74,0x33,0x26,0x20,0x63,
    0x29,0x0a,0x7b,0x0a,0x20,0x20,0x20,0x20,0x72,0x65,0x74,0x75,0x72,0x6e,0x20,0x70,
    0x6f,0x77,0x72,0x28,0x63,0x2c,0x20,0x66,0x6c,0x6f,0x61,0x74,0x33,0x28,0x30,0x2e,
    0x34,0x35,0x34,0x35,0x34,0x35,0x34,0x36,0x38,0x30,0x39,0x31,0x39,0x36,0x34,0x37,
    0x32,0x31,0x36,0x37,0x39,0x36,0x38,0x37,0x35,0x29,0x29,0x3b,0x0a,0x7d,0x0a,0x0a,
    0x66,0x72,0x61,0x67,0x6d,0x65,0x6e,0x74,0x20,0x6d,0x61,0x69,0x6e,0x30,0x5f,0x6f,
    0x75,0x74,0x20,0x6d,0x61,0x69,0x6e,0x30,0x28,0x6d,0x61,0x69,0x6e,0x30,0x5f,0x69,
    0x6e,0x20,0x69,0x6e,0x20,0x5b,0x5b,0x73,0x74,0x61,0x67,0x65,0x5f,0x69,0x6e,0x5d,
    0x5d,0x2c,0x20,0x74,0x65,0x78,0x74,0x75,0x72,0x65,0x32,0x64,0x3c,0x66,0x6c,0x6f,
    0x61,0x74,0x3e,0x20,0x73,0x72,0x63,0x54,0x65,0x78,0x20,0x5b,0x5b,0x74,0x65,0x78,
    0x74,0x75,0x72,0x65,0x28,0x30,0x29,0x5d,0x5d,0x2c,0x20,0x73,0x61,0x6d,0x70,0x6c,
    0x65,0x72,0x20,0x73,0x72,0x63,0x53,0x6d,0x70,0x20,0x5b,0x5b,0x73,0x61,0x6d,0x70,
    0x6c,0x65,0x72,0x28,0x30,0x29,0x5d,0x5d,0x29,0x0a,0x7b,0x0a,0x20,0x20,0x20,0x20,
    0x6d,0x61,0x69,0x6e,0x30,0x5f,0x6f,0x75,0x74,0x20,0x6f,0x75,0x74,0x20,0x3d,0x20,
    0x7b,0x7d,0x3b,0x0a,0x20,0x20,0x20,0x20,0x66,0x6c,0x6f,0x61,0x74,0x32,0x20,0x5f,
    0x34,0x39,0x20,0x3d,0x20,0x66,0x61,0x73,0x74,0x3a,0x3a,0x6d,0x61,0x78,0x28,0x66,
    0x6c,0x6f,0x61,0x74,0x32,0x28,0x69,0x6e,0x74,0x32,0x28,0x73,0x72,0x63,0x54,0x65,
    0x78,0x2e,0x67,0x65,0x74,0x5f,0x77,0x69,0x64,0x74,0x68,0x28,0x29,0x2c,0x20,0x73,
    0x72,0x63,0x54,0x65,0x78,0x2e,0x67,0x65,0x74,0x5f,0x68,0x65,0x69,0x67,0x68,0x74,
    0x28,0x29,0x29,0x29,0x2c,0x20,0x66,0x6c,0x6f,0x61,0x74,0x32,0x28,0x31,0x2e,0x30,
    0x29,0x29,0x3b,0x0a,0x20,0x20,0x20,0x20,0x66,0x6c,0x6f,0x61,0x74,0x34,0x20,0x5f,
    0x36,0x39,0x20,0x3d,0x20,0x73,0x72,0x63,0x54,0x65,0x78,0x2e,0x73,0x61,0x6d,0x70,
    0x6c,0x65,0x28,0x73,0x72,0x63,0x53,0x6d,0x70,0x2c,0x20,0x28,0x69,0x6e,0x2e,0x75,
    0x76,0x20,0x2b,0x20,0x28,0x66,0x6c,0x6f,0x61,0x74,0x32,0x28,0x2d,0x30,0x2e,0x35,
    0x29,0x20,0x2f,0x20,0x5f,0x34,0x39,0x29,0x29,0x2c,0x20,0x6c,0x65,0x76,0x65,0x6c,
    0x28,0x30,0x2e,0x30,0x29,0x29,0x3b,0x0a,0x20,0x20,0x20,0x20,0x66,0x6c,0x6f,0x61,
    0x74,0x34,0x20,0x5f,0x38,0x30,0x20,0x3d,0x20,0x73,0x72,0x63,0x54,0x65,0x78,0x2e,
    0x73,0x61,0x6d,0x70,0x6c,0x65,0x28,0x73,0x72,0x63,0x53,0x6d,0x70,0x2c,0x20,0x28,
    0x69,0x6e,0x2e,0x75,0x76,0x20,0x2b,0x20,0x28,0x66,0x6c,0x6f,0x61,0x74,0x32,0x28,
    0x30,0x2e,0x35,0x2c,0x20,0x2d,0x30,0x2e,0x35,0x29,0x20,0x2f,0x20,0x5f,0x34,0x39,
    0x29,0x29,0x2c,0x20,0x6c,0x65,0x76,0x65,0x6c,0x28,0x30,0x2e,0x30,0x29,0x29,0x3b,
    0x0a,0x20,0x20,0x20,0x20,0x66,0x6c,0x6f,0x61,0x74,0x34,0x20,0x5f,0x39,0x30,0x20,
    0x3d,0x20,0x73,0x72,0x63,0x54,0x65,0x78,0x2e,0x73,0x61,0x6d,0x70,0x6c,0x65,0x28,
    0x73,0x72,0x63,0x53,0x6d,0x70,0x2c,0x20,0x28,0x69,0x6e,0x2e,0x75,0x76,0x20,0x2b,
    0x20,0x28,0x66,0x6c,0x6f,0x61,0x74,0x32,0x28,0x2d,0x30,0x2e,0x35,0x2c,0x20,0x30,
    0x2e,0x35,0x29,0x20,0x2f,0x20,0x5f,0x34,0x39,0x29,0x29,0x2c,0x20,0x6c,0x65,0x76,
    0x65,0x6c,0x28,0x30,0x2e,0x30,0x29,0x29,0x3b,0x0a,0x20,0x20,0x20,0x20,0x66,0x6c,
    0x6f,0x61,0x74,0x34,0x20,0x5f,0x31,0x30,0x30,0x20,0x3d,0x20,0x73,0x72,0x63,0x54,
    0x65,0x78,0x2e,0x73,0x61,0x6d,0x70,0x6c,0x65,0x28,0x73,0x72,0x63,0x53,0x6d,0x70,
    0x2c,0x20,0x28,0x69,0x6e,0x2e,0x75,0x76,0x20,0x2b,0x20,0x28,0x66,0x6c,0x6f,0x61,
    0x74,0x32,0x28,0x30,0x2e,0x35,0x29,0x20,0x2f,0x20,0x5f,0x34,0x39,0x29,0x29,0x2c,
    0x20,0x6c,0x65,0x76,0x65,0x6c,0x28,0x30,0x2e,0x30,0x29,0x29,0x3b,0x0a,0x20,0x20,
    0x20,0x20,0x66,0x6c,0x6f,0x61,0x74,0x33,0x20,0x70,0x61,0x72,0x61,0x6d,0x20,0x3d,
    0x20,0x5f,0x36,0x39,0x2e,0x78,0x79,0x7a,0x3b,0x0a,0x20,0x20,0x20,0x20,0x66,0x6c,
    0x6f,0x61,0x74,0x33,0x20,0x70,0x61,0x72,0x61,0x6d,0x5f,0x31,0x20,0x3d,0x20,0x5f,
    0x38,0x30,0x2e,0x78,0x79,0x7a,0x3b,0x0a,0x20,0x20,0x20,0x20,0x66,0x6c,0x6f,0x61,
    0x74,0x33,0x20,0x70,0x61,0x72,0x61,0x6d,0x5f,0x32,0x20,0x3d,0x20,0x5f,0x39,0x30,
    0x2e,0x78,0x79,0x7a,0x3b,0x0a,0x20,0x20,0x20,0x20,0x66,0x6c,0x6f,0x61,0x74,0x33,
    0x20,0x70,0x61,0x72,0x61,0x6d,0x5f,0x33,0x20,0x3d,0x20,0x5f,0x31,0x30,0x30,0x2e,
    0x78,0x79,0x7a,0x3b,0x0a,0x20,0x20,0x20,0x20,0x66,0x6c,0x6f,0x61,0x74,0x33,0x20,
    0x70,0x61,0x72,0x61,0x6d,0x5f,0x34,0x20,0x3d,0x20,0x28,0x28,0x28,0x73,0x72,0x67,
    0x62,0x5f,0x74,0x6f,0x5f,0x6c,0x69,0x6e,0x65,0x61,0x72,0x28,0x70,0x61,0x72,0x61,
    0x6d,0x29,0x20,0x2b,0x20,0x73,0x72,0x67,0x62,0x5f,0x74,0x6f,0x5f,0x6c,0x69,0x6e,
    0x65,0x61,0x72,0x28,0x70,0x61,0x72,0x61,0x6d,0x5f,0x31,0x29,0x29,0x20,0x2b,0x20,
    0x73,0x72,0x67,0x62,0x5f,0x74,0x6f,0x5f,0x6c,0x69,0x6e,0x65,0x61,0x72,0x28,0x70,
    0x61,0x72,0x61,0x6d,0x5f,0x32,0x29,0x29,0x20,0x2b,0x20,0x73,0x72,0x67,0x62,0x5f,
    0x74,0x6f,0x5f,0x6c,0x69,0x6e,0x65,0x61,0x72,0x28,0x70,0x61,0x72,0x61,0x6d,0x5f,
    0x33,0x29,0x29,0x20,0x2a,0x20,0x30,0x2e,0x32,0x35,0x3b,0x0a,0x20,0x20,0x20,0x20,
    0x6f,0x75,0x74,0x2e,0x66,0x72,0x61,0x67,0x5f,0x63,0x6f,0x6c,0x6f,0x72,0x20,0x3d,
    0x20,0x66,0x6c,0x6f,0x61,0x74,0x34,0x28,0x6c,0x69,0x6e,0x65,0x61,0x72,0x5f,0x74,
    0x6f,0x5f,0x73,0x72,0x67,0x62,0x28,0x70,0x61,0x72,0x61,0x6d,0x5f,0x34,0x29,0x2c,
    0x20,0x28,0x28,0x28,0x5f,0x36,0x39,0x2e,0x77,0x20,0x2b,0x20,0x5f,0x38,0x30,0x2e,
    0x77,0x29,0x20,0x2b,0x20,0x5f,0x39,0x30,0x2e,0x77,0x29,0x20,0x2b,0x20,0x5f,0x31,
    0x30,0x30,0x2e,0x77,0x29,0x20,0x2a,0x20,0x30,0x2e,0x32,0x35,0x29,0x3b,0x0a,0x20,
    0x20,0x20,0x20,0x72,0x65,0x74,0x75,0x72,0x6e,0x20,0x6f,0x75,0x74,0x3b,0x0a,0x7d,
    0x0a,0x0a,0x00,
};
#endif
/*
    #include <metal_stdlib>
    #include <simd/simd.h>

    using namespace metal;

    struct main0_out
    {
        float4 frag_color [[color(0)]];
    };

    struct main0_in
    {
        float2 uv [[user(locn0)]];
    };

    fragment main0_out main0(main0_in in [[stage_in]], texture2d<float> srcTex [[texture(0)]], sampler srcSmp [[sampler(0)]])
    {
        main0_out out = {};
        out.frag_color = srcTex.sample(srcSmp, in.uv, level(0.0));
        return out;
    }

*/
#if defined(SOKOL_METAL)
static const uint8_t tc_fbomip_blit_fs_source_metal_macos[415] = {
    0x23,0x69,0x6e,0x63,0x6c,0x75,0x64,0x65,0x20,0x3c,0x6d,0x65,0x74,0x61,0x6c,0x5f,
    0x73,0x74,0x64,0x6c,0x69,0x62,0x3e,0x0a,0x23,0x69,0x6e,0x63,0x6c,0x75,0x64,0x65,
    0x20,0x3c,0x73,0x69,0x6d,0x64,0x2f,0x73,0x69,0x6d,0x64,0x2e,0x68,0x3e,0x0a,0x0a,
    0x75,0x73,0x69,0x6e,0x67,0x20,0x6e,0x61,0x6d,0x65,0x73,0x70,0x61,0x63,0x65,0x20,
    0x6d,0x65,0x74,0x61,0x6c,0x3b,0x0a,0x0a,0x73,0x74,0x72,0x75,0x63,0x74,0x20,0x6d,
    0x61,0x69,0x6e,0x30,0x5f,0x6f,0x75,0x74,0x0a,0x7b,0x0a,0x20,0x20,0x20,0x20,0x66,
    0x6c,0x6f,0x61,0x74,0x34,0x20,0x66,0x72,0x61,0x67,0x5f,0x63,0x6f,0x6c,0x6f,0x72,
    0x20,0x5b,0x5b,0x63,0x6f,0x6c,0x6f,0x72,0x28,0x30,0x29,0x5d,0x5d,0x3b,0x0a,0x7d,
    0x3b,0x0a,0x0a,0x73,0x74,0x72,0x75,0x63,0x74,0x20,0x6d,0x61,0x69,0x6e,0x30,0x5f,
    0x69,0x6e,0x0a,0x7b,0x0a,0x20,0x20,0x20,0x20,0x66,0x6c,0x6f,0x61,0x74,0x32,0x20,
    0x75,0x76,0x20,0x5b,0x5b,0x75,0x73,0x65,0x72,0x28,0x6c,0x6f,0x63,0x6e,0x30,0x29,
    0x5d,0x5d,0x3b,0x0a,0x7d,0x3b,0x0a,0x0a,0x66,0x72,0x61,0x67,0x6d,0x65,0x6e,0x74,
    0x20,0x6d,0x61,0x69,0x6e,0x30,0x5f,0x6f,0x75,0x74,0x20,0x6d,0x61,0x69,0x6e,0x30,
    0x28,0x6d,0x61,0x69,0x6e,0x30,0x5f,0x69,0x6e,0x20,0x69,0x6e,0x20,0x5b,0x5b,0x73,
    0x74,0x61,0x67,0x65,0x5f,0x69,0x6e,0x5d,0x5d,0x2c,0x20,0x74,0x65,0x78,0x74,0x75,
    0x72,0x65,0x32,0x64,0x3c,0x66,0x6c,0x6f,0x61,0x74,0x3e,0x20,0x73,0x72,0x63,0x54,
    0x65,0x78,0x20,0x5b,0x5b,0x74,0x65,0x78,0x74,0x75,0x72,0x65,0x28,0x30,0x29,0x5d,
    0x5d,0x2c,0x20,0x73,0x61,0x6d,0x70,0x6c,0x65,0x72,0x20,0x73,0x72,0x63,0x53,0x6d,
    0x70,0x20,0x5b,0x5b,0x73,0x61,0x6d,0x70,0x6c,0x65,0x72,0x28,0x30,0x29,0x5d,0x5d,
    0x29,0x0a,0x7b,0x0a,0x20,0x20,0x20,0x20,0x6d,0x61,0x69,0x6e,0x30,0x5f,0x6f,0x75,
    0x74,0x20,0x6f,0x75,0x74,0x20,0x3d,0x20,0x7b,0x7d,0x3b,0x0a,0x20,0x20,0x20,0x20,
    0x6f,0x75,0x74,0x2e,0x66,0x72,0x61,0x67,0x5f,0x63,0x6f,0x6c,0x6f,0x72,0x20,0x3d,
    0x20,0x73,0x72,0x63,0x54,0x65,0x78,0x2e,0x73,0x61,0x6d,0x70,0x6c,0x65,0x28,0x73,
    0x72,0x63,0x53,0x6d,0x70,0x2c,0x20,0x69,0x6e,0x2e,0x75,0x76,0x2c,0x20,0x6c,0x65,
    0x76,0x65,0x6c,0x28,0x30,0x2e,0x30,0x29,0x29,0x3b,0x0a,0x20,0x20,0x20,0x20,0x72,
    0x65,0x74,0x75,0x72,0x6e,0x20,0x6f,0x75,0x74,0x3b,0x0a,0x7d,0x0a,0x0a,0x00,
};
#endif
/*
    #include <metal_stdlib>
    #include <simd/simd.h>

    using namespace metal;

    struct main0_out
    {
        float2 uv [[user(locn0)]];
        float4 gl_Position [[position]];
    };

    struct main0_in
    {
        float2 position [[attribute(0)]];
        float2 texcoord0 [[attribute(1)]];
    };

    vertex main0_out main0(main0_in in [[stage_in]])
    {
        main0_out out = {};
        out.gl_Position = float4(in.position, 0.0, 1.0);
        out.uv = in.texcoord0;
        return out;
    }

*/
#if defined(SOKOL_METAL)
static const uint8_t tc_fbomip_vs_source_metal_ios[437] = {
    0x23,0x69,0x6e,0x63,0x6c,0x75,0x64,0x65,0x20,0x3c,0x6d,0x65,0x74,0x61,0x6c,0x5f,
    0x73,0x74,0x64,0x6c,0x69,0x62,0x3e,0x0a,0x23,0x69,0x6e,0x63,0x6c,0x75,0x64,0x65,
    0x20,0x3c,0x73,0x69,0x6d,0x64,0x2f,0x73,0x69,0x6d,0x64,0x2e,0x68,0x3e,0x0a,0x0a,
    0x75,0x73,0x69,0x6e,0x67,0x20,0x6e,0x61,0x6d,0x65,0x73,0x70,0x61,0x63,0x65,0x20,
    0x6d,0x65,0x74,0x61,0x6c,0x3b,0x0a,0x0a,0x73,0x74,0x72,0x75,0x63,0x74,0x20,0x6d,
    0x61,0x69,0x6e,0x30,0x5f,0x6f,0x75,0x74,0x0a,0x7b,0x0a,0x20,0x20,0x20,0x20,0x66,
    0x6c,0x6f,0x61,0x74,0x32,0x20,0x75,0x76,0x20,0x5b,0x5b,0x75,0x73,0x65,0x72,0x28,
    0x6c,0x6f,0x63,0x6e,0x30,0x29,0x5d,0x5d,0x3b,0x0a,0x20,0x20,0x20,0x20,0x66,0x6c,
    0x6f,0x61,0x74,0x34,0x20,0x67,0x6c,0x5f,0x50,0x6f,0x73,0x69,0x74,0x69,0x6f,0x6e,
    0x20,0x5b,0x5b,0x70,0x6f,0x73,0x69,0x74,0x69,0x6f,0x6e,0x5d,0x5d,0x3b,0x0a,0x7d,
    0x3b,0x0a,0x0a,0x73,0x74,0x72,0x75,0x63,0x74,0x20,0x6d,0x61,0x69,0x6e,0x30,0x5f,
    0x69,0x6e,0x0a,0x7b,0x0a,0x20,0x20,0x20,0x20,0x66,0x6c,0x6f,0x61,0x74,0x32,0x20,
    0x70,0x6f,0x73,0x69,0x74,0x69,0x6f,0x6e,0x20,0x5b,0x5b,0x61,0x74,0x74,0x72,0x69,
    0x62,0x75,0x74,0x65,0x28,0x30,0x29,0x5d,0x5d,0x3b,0x0a,0x20,0x20,0x20,0x20,0x66,
    0x6c,0x6f,0x61,0x74,0x32,0x20,0x74,0x65,0x78,0x63,0x6f,0x6f,0x72,0x64,0x30,0x20,
    0x5b,0x5b,0x61,0x74,0x74,0x72,0x69,0x62,0x75,0x74,0x65,0x28,0x31,0x29,0x5d,0x5d,
    0x3b,0x0a,0x7d,0x3b,0x0a,0x0a,0x76,0x65,0x72,0x74,0x65,0x78,0x20,0x6d,0x61,0x69,
    0x6e,0x30,0x5f,0x6f,0x75,0x74,0x20,0x6d,0x61,0x69,0x6e,0x30,0x28,0x6d,0x61,0x69,
    0x6e,0x30,0x5f,0x69,0x6e,0x20,0x69,0x6e,0x20,0x5b,0x5b,0x73,0x74,0x61,0x67,0x65,
    0x5f,0x69,0x6e,0x5d,0x5d,0x29,0x0a,0x7b,0x0a,0x20,0x20,0x20,0x20,0x6d,0x61,0x69,
    0x6e,0x30,0x5f,0x6f,0x75,0x74,0x20,0x6f,0x75,0x74,0x20,0x3d,0x20,0x7b,0x7d,0x3b,
    0x0a,0x20,0x20,0x20,0x20,0x6f,0x75,0x74,0x2e,0x67,0x6c,0x5f,0x50,0x6f,0x73,0x69,
    0x74,0x69,0x6f,0x6e,0x20,0x3d,0x20,0x66,0x6c,0x6f,0x61,0x74,0x34,0x28,0x69,0x6e,
    0x2e,0x70,0x6f,0x73,0x69,0x74,0x69,0x6f,0x6e,0x2c,0x20,0x30,0x2e,0x30,0x2c,0x20,
    0x31,0x2e,0x30,0x29,0x3b,0x0a,0x20,0x20,0x20,0x20,0x6f,0x75,0x74,0x2e,0x75,0x76,
    0x20,0x3d,0x20,0x69,0x6e,0x2e,0x74,0x65,0x78,0x63,0x6f,0x6f,0x72,0x64,0x30,0x3b,
    0x0a,0x20,0x20,0x20,0x20,0x72,0x65,0x74,0x75,0x72,0x6e,0x20,0x6f,0x75,0x74,0x3b,
    0x0a,0x7d,0x0a,0x0a,0x00,
};
#endif
/*
    #pragma clang diagnostic ignored "-Wmissing-prototypes"

    #include <metal_stdlib>
    #include <simd/simd.h>

    using namespace metal;

    struct main0_out
    {
        float4 frag_color [[color(0)]];
    };

    struct main0_in
    {
        float2 uv [[user(locn0)]];
    };

    static inline __attribute__((always_inline))
    float3 srgb_to_linear(thread const float3& c)
    {
        return powr(c, float3(2.2000000476837158203125));
    }

    static inline __attribute__((always_inline))
    float3 linear_to_srgb(thread const float3& c)
    {
        return powr(c, float3(0.4545454680919647216796875));
    }

    fragment main0_out main0(main0_in in [[stage_in]], texture2d<float> srcTex [[texture(0)]], sampler srcSmp [[sampler(0)]])
    {
        main0_out out = {};
        float2 _49 = fast::max(float2(int2(srcTex.get_width(), srcTex.get_height())), float2(1.0));
        float4 _69 = srcTex.sample(srcSmp, (in.uv + (float2(-0.5) / _49)), level(0.0));
        float4 _80 = srcTex.sample(srcSmp, (in.uv + (float2(0.5, -0.5) / _49)), level(0.0));
        float4 _90 = srcTex.sample(srcSmp, (in.uv + (float2(-0.5, 0.5) / _49)), level(0.0));
        float4 _100 = srcTex.sample(srcSmp, (in.uv + (float2(0.5) / _49)), level(0.0));
        float3 param = _69.xyz;
        float3 param_1 = _80.xyz;
        float3 param_2 = _90.xyz;
        float3 param_3 = _100.xyz;
        float3 param_4 = (((srgb_to_linear(param) + srgb_to_linear(param_1)) + srgb_to_linear(param_2)) + srgb_to_linear(param_3)) * 0.25;
        out.frag_color = float4(linear_to_srgb(param_4), (((_69.w + _80.w) + _90.w) + _100.w) * 0.25);
        return out;
    }

*/
#if defined(SOKOL_METAL)
static const uint8_t tc_fbomip_fs_source_metal_ios[1507] = {
    0x23,0x70,0x72,0x61,0x67,0x6d,0x61,0x20,0x63,0x6c,0x61,0x6e,0x67,0x20,0x64,0x69,
    0x61,0x67,0x6e,0x6f,0x73,0x74,0x69,0x63,0x20,0x69,0x67,0x6e,0x6f,0x72,0x65,0x64,
    0x20,0x22,0x2d,0x57,0x6d,0x69,0x73,0x73,0x69,0x6e,0x67,0x2d,0x70,0x72,0x6f,0x74,
    0x6f,0x74,0x79,0x70,0x65,0x73,0x22,0x0a,0x0a,0x23,0x69,0x6e,0x63,0x6c,0x75,0x64,
    0x65,0x20,0x3c,0x6d,0x65,0x74,0x61,0x6c,0x5f,0x73,0x74,0x64,0x6c,0x69,0x62,0x3e,
    0x0a,0x23,0x69,0x6e,0x63,0x6c,0x75,0x64,0x65,0x20,0x3c,0x73,0x69,0x6d,0x64,0x2f,
    0x73,0x69,0x6d,0x64,0x2e,0x68,0x3e,0x0a,0x0a,0x75,0x73,0x69,0x6e,0x67,0x20,0x6e,
    0x61,0x6d,0x65,0x73,0x70,0x61,0x63,0x65,0x20,0x6d,0x65,0x74,0x61,0x6c,0x3b,0x0a,
    0x0a,0x73,0x74,0x72,0x75,0x63,0x74,0x20,0x6d,0x61,0x69,0x6e,0x30,0x5f,0x6f,0x75,
    0x74,0x0a,0x7b,0x0a,0x20,0x20,0x20,0x20,0x66,0x6c,0x6f,0x61,0x74,0x34,0x20,0x66,
    0x72,0x61,0x67,0x5f,0x63,0x6f,0x6c,0x6f,0x72,0x20,0x5b,0x5b,0x63,0x6f,0x6c,0x6f,
    0x72,0x28,0x30,0x29,0x5d,0x5d,0x3b,0x0a,0x7d,0x3b,0x0a,0x0a,0x73,0x74,0x72,0x75,
    0x63,0x74,0x20,0x6d,0x61,0x69,0x6e,0x30,0x5f,0x69,0x6e,0x0a,0x7b,0x0a,0x20,0x20,
    0x20,0x20,0x66,0x6c,0x6f,0x61,0x74,0x32,0x20,0x75,0x76,0x20,0x5b,0x5b,0x75,0x73,
    0x65,0x72,0x28,0x6c,0x6f,0x63,0x6e,0x30,0x29,0x5d,0x5d,0x3b,0x0a,0x7d,0x3b,0x0a,
    0x0a,0x73,0x74,0x61,0x74,0x69,0x63,0x20,0x69,0x6e,0x6c,0x69,0x6e,0x65,0x20,0x5f,
    0x5f,0x61,0x74,0x74,0x72,0x69,0x62,0x75,0x74,0x65,0x5f,0x5f,0x28,0x28,0x61,0x6c,
    0x77,0x61,0x79,0x73,0x5f,0x69,0x6e,0x6c,0x69,0x6e,0x65,0x29,0x29,0x0a,0x66,0x6c,
    0x6f,0x61,0x74,0x33,0x20,0x73,0x72,0x67,0x62,0x5f,0x74,0x6f,0x5f,0x6c,0x69,0x6e,
    0x65,0x61,0x72,0x28,0x74,0x68,0x72,0x65,0x61,0x64,0x20,0x63,0x6f,0x6e,0x73,0x74,
    0x20,0x66,0x6c,0x6f,0x61,0x74,0x33,0x26,0x20,0x63,0x29,0x0a,0x7b,0x0a,0x20,0x20,
    0x20,0x20,0x72,0x65,0x74,0x75,0x72,0x6e,0x20,0x70,0x6f,0x77,0x72,0x28,0x63,0x2c,
    0x20,0x66,0x6c,0x6f,0x61,0x74,0x33,0x28,0x32,0x2e,0x32,0x30,0x30,0x30,0x30,0x30,
    0x30,0x34,0x37,0x36,0x38,0x33,0x37,0x31,0x35,0x38,0x32,0x30,0x33,0x31,0x32,0x35,
    0x29,0x29,0x3b,0x0a,0x7d,0x0a,0x0a,0x73,0x74,0x61,0x74,0x69,0x63,0x20,0x69,0x6e,
    0x6c,0x69,0x6e,0x65,0x20,0x5f,0x5f,0x61,0x74,0x74,0x72,0x69,0x62,0x75,0x74,0x65,
    0x5f,0x5f,0x28,0x28,0x61,0x6c,0x77,0x61,0x79,0x73,0x5f,0x69,0x6e,0x6c,0x69,0x6e,
    0x65,0x29,0x29,0x0a,0x66,0x6c,0x6f,0x61,0x74,0x33,0x20,0x6c,0x69,0x6e,0x65,0x61,
    0x72,0x5f,0x74,0x6f,0x5f,0x73,0x72,0x67,0x62,0x28,0x74,0x68,0x72,0x65,0x61,0x64,
    0x20,0x63,0x6f,0x6e,0x73,0x74,0x20,0x66,0x6c,0x6f,0x61,0x74,0x33,0x26,0x20,0x63,
    0x29,0x0a,0x7b,0x0a,0x20,0x20,0x20,0x20,0x72,0x65,0x74,0x75,0x72,0x6e,0x20,0x70,
    0x6f,0x77,0x72,0x28,0x63,0x2c,0x20,0x66,0x6c,0x6f,0x61,0x74,0x33,0x28,0x30,0x2e,
    0x34,0x35,0x34,0x35,0x34,0x35,0x34,0x36,0x38,0x30,0x39,0x31,0x39,0x36,0x34,0x37,
    0x32,0x31,0x36,0x37,0x39,0x36,0x38,0x37,0x35,0x29,0x29,0x3b,0x0a,0x7d,0x0a,0x0a,
    0x66,0x72,0x61,0x67,0x6d,0x65,0x6e,0x74,0x20,0x6d,0x61,0x69,0x6e,0x30,0x5f,0x6f,
    0x75,0x74,0x20,0x6d,0x61,0x69,0x6e,0x30,0x28,0x6d,0x61,0x69,0x6e,0x30,0x5f,0x69,
    0x6e,0x20,0x69,0x6e,0x20,0x5b,0x5b,0x73,0x74,0x61,0x67,0x65,0x5f,0x69,0x6e,0x5d,
    0x5d,0x2c,0x20,0x74,0x65,0x78,0x74,0x75,0x72,0x65,0x32,0x64,0x3c,0x66,0x6c,0x6f,
    0x61,0x74,0x3e,0x20,0x73,0x72,0x63,0x54,0x65,0x78,0x20,0x5b,0x5b,0x74,0x65,0x78,
    0x74,0x75,0x72,0x65,0x28,0x30,0x29,0x5d,0x5d,0x2c,0x20,0x73,0x61,0x6d,0x70,0x6c,
    0x65,0x72,0x20,0x73,0x72,0x63,0x53,0x6d,0x70,0x20,0x5b,0x5b,0x73,0x61,0x6d,0x70,
    0x6c,0x65,0x72,0x28,0x30,0x29,0x5d,0x5d,0x29,0x0a,0x7b,0x0a,0x20,0x20,0x20,0x20,
    0x6d,0x61,0x69,0x6e,0x30,0x5f,0x6f,0x75,0x74,0x20,0x6f,0x75,0x74,0x20,0x3d,0x20,
    0x7b,0x7d,0x3b,0x0a,0x20,0x20,0x20,0x20,0x66,0x6c,0x6f,0x61,0x74,0x32,0x20,0x5f,
    0x34,0x39,0x20,0x3d,0x20,0x66,0x61,0x73,0x74,0x3a,0x3a,0x6d,0x61,0x78,0x28,0x66,
    0x6c,0x6f,0x61,0x74,0x32,0x28,0x69,0x6e,0x74,0x32,0x28,0x73,0x72,0x63,0x54,0x65,
    0x78,0x2e,0x67,0x65,0x74,0x5f,0x77,0x69,0x64,0x74,0x68,0x28,0x29,0x2c,0x20,0x73,
    0x72,0x63,0x54,0x65,0x78,0x2e,0x67,0x65,0x74,0x5f,0x68,0x65,0x69,0x67,0x68,0x74,
    0x28,0x29,0x29,0x29,0x2c,0x20,0x66,0x6c,0x6f,0x61,0x74,0x32,0x28,0x31,0x2e,0x30,
    0x29,0x29,0x3b,0x0a,0x20,0x20,0x20,0x20,0x66,0x6c,0x6f,0x61,0x74,0x34,0x20,0x5f,
    0x36,0x39,0x20,0x3d,0x20,0x73,0x72,0x63,0x54,0x65,0x78,0x2e,0x73,0x61,0x6d,0x70,
    0x6c,0x65,0x28,0x73,0x72,0x63,0x53,0x6d,0x70,0x2c,0x20,0x28,0x69,0x6e,0x2e,0x75,
    0x76,0x20,0x2b,0x20,0x28,0x66,0x6c,0x6f,0x61,0x74,0x32,0x28,0x2d,0x30,0x2e,0x35,
    0x29,0x20,0x2f,0x20,0x5f,0x34,0x39,0x29,0x29,0x2c,0x20,0x6c,0x65,0x76,0x65,0x6c,
    0x28,0x30,0x2e,0x30,0x29,0x29,0x3b,0x0a,0x20,0x20,0x20,0x20,0x66,0x6c,0x6f,0x61,
    0x74,0x34,0x20,0x5f,0x38,0x30,0x20,0x3d,0x20,0x73,0x72,0x63,0x54,0x65,0x78,0x2e,
    0x73,0x61,0x6d,0x70,0x6c,0x65,0x28,0x73,0x72,0x63,0x53,0x6d,0x70,0x2c,0x20,0x28,
    0x69,0x6e,0x2e,0x75,0x76,0x20,0x2b,0x20,0x28,0x66,0x6c,0x6f,0x61,0x74,0x32,0x28,
    0x30,0x2e,0x35,0x2c,0x20,0x2d,0x30,0x2e,0x35,0x29,0x20,0x2f,0x20,0x5f,0x34,0x39,
    0x29,0x29,0x2c,0x20,0x6c,0x65,0x76,0x65,0x6c,0x28,0x30,0x2e,0x30,0x29,0x29,0x3b,
    0x0a,0x20,0x20,0x20,0x20,0x66,0x6c,0x6f,0x61,0x74,0x34,0x20,0x5f,0x39,0x30,0x20,
    0x3d,0x20,0x73,0x72,0x63,0x54,0x65,0x78,0x2e,0x73,0x61,0x6d,0x70,0x6c,0x65,0x28,
    0x73,0x72,0x63,0x53,0x6d,0x70,0x2c,0x20,0x28,0x69,0x6e,0x2e,0x75,0x76,0x20,0x2b,
    0x20,0x28,0x66,0x6c,0x6f,0x61,0x74,0x32,0x28,0x2d,0x30,0x2e,0x35,0x2c,0x20,0x30,
    0x2e,0x35,0x29,0x20,0x2f,0x20,0x5f,0x34,0x39,0x29,0x29,0x2c,0x20,0x6c,0x65,0x76,
    0x65,0x6c,0x28,0x30,0x2e,0x30,0x29,0x29,0x3b,0x0a,0x20,0x20,0x20,0x20,0x66,0x6c,
    0x6f,0x61,0x74,0x34,0x20,0x5f,0x31,0x30,0x30,0x20,0x3d,0x20,0x73,0x72,0x63,0x54,
    0x65,0x78,0x2e,0x73,0x61,0x6d,0x70,0x6c,0x65,0x28,0x73,0x72,0x63,0x53,0x6d,0x70,
    0x2c,0x20,0x28,0x69,0x6e,0x2e,0x75,0x76,0x20,0x2b,0x20,0x28,0x66,0x6c,0x6f,0x61,
    0x74,0x32,0x28,0x30,0x2e,0x35,0x29,0x20,0x2f,0x20,0x5f,0x34,0x39,0x29,0x29,0x2c,
    0x20,0x6c,0x65,0x76,0x65,0x6c,0x28,0x30,0x2e,0x30,0x29,0x29,0x3b,0x0a,0x20,0x20,
    0x20,0x20,0x66,0x6c,0x6f,0x61,0x74,0x33,0x20,0x70,0x61,0x72,0x61,0x6d,0x20,0x3d,
    0x20,0x5f,0x36,0x39,0x2e,0x78,0x79,0x7a,0x3b,0x0a,0x20,0x20,0x20,0x20,0x66,0x6c,
    0x6f,0x61,0x74,0x33,0x20,0x70,0x61,0x72,0x61,0x6d,0x5f,0x31,0x20,0x3d,0x20,0x5f,
    0x38,0x30,0x2e,0x78,0x79,0x7a,0x3b,0x0a,0x20,0x20,0x20,0x20,0x66,0x6c,0x6f,0x61,
    0x74,0x33,0x20,0x70,0x61,0x72,0x61,0x6d,0x5f,0x32,0x20,0x3d,0x20,0x5f,0x39,0x30,
    0x2e,0x78,0x79,0x7a,0x3b,0x0a,0x20,0x20,0x20,0x20,0x66,0x6c,0x6f,0x61,0x74,0x33,
    0x20,0x70,0x61,0x72,0x61,0x6d,0x5f,0x33,0x20,0x3d,0x20,0x5f,0x31,0x30,0x30,0x2e,
    0x78,0x79,0x7a,0x3b,0x0a,0x20,0x20,0x20,0x20,0x66,0x6c,0x6f,0x61,0x74,0x33,0x20,
    0x70,0x61,0x72,0x61,0x6d,0x5f,0x34,0x20,0x3d,0x20,0x28,0x28,0x28,0x73,0x72,0x67,
    0x62,0x5f,0x74,0x6f,0x5f,0x6c,0x69,0x6e,0x65,0x61,0x72,0x28,0x70,0x61,0x72,0x61,
    0x6d,0x29,0x20,0x2b,0x20,0x73,0x72,0x67,0x62,0x5f,0x74,0x6f,0x5f,0x6c,0x69,0x6e,
    0x65,0x61,0x72,0x28,0x70,0x61,0x72,0x61,0x6d,0x5f,0x31,0x29,0x29,0x20,0x2b,0x20,
    0x73,0x72,0x67,0x62,0x5f,0x74,0x6f,0x5f,0x6c,0x69,0x6e,0x65,0x61,0x72,0x28,0x70,
    0x61,0x72,0x61,0x6d,0x5f,0x32,0x29,0x29,0x20,0x2b,0x20,0x73,0x72,0x67,0x62,0x5f,
    0x74,0x6f,0x5f,0x6c,0x69,0x6e,0x65,0x61,0x72,0x28,0x70,0x61,0x72,0x61,0x6d,0x5f,
    0x33,0x29,0x29,0x20,0x2a,0x20,0x30,0x2e,0x32,0x35,0x3b,0x0a,0x20,0x20,0x20,0x20,
    0x6f,0x75,0x74,0x2e,0x66,0x72,0x61,0x67,0x5f,0x63,0x6f,0x6c,0x6f,0x72,0x20,0x3d,
    0x20,0x66,0x6c,0x6f,0x61,0x74,0x34,0x28,0x6c,0x69,0x6e,0x65,0x61,0x72,0x5f,0x74,
    0x6f,0x5f,0x73,0x72,0x67,0x62,0x28,0x70,0x61,0x72,0x61,0x6d,0x5f,0x34,0x29,0x2c,
    0x20,0x28,0x28,0x28,0x5f,0x36,0x39,0x2e,0x77,0x20,0x2b,0x20,0x5f,0x38,0x30,0x2e,
    0x77,0x29,0x20,0x2b,0x20,0x5f,0x39,0x30,0x2e,0x77,0x29,0x20,0x2b,0x20,0x5f,0x31,
    0x30,0x30,0x2e,0x77,0x29,0x20,0x2a,0x20,0x30,0x2e,0x32,0x35,0x29,0x3b,0x0a,0x20,
    0x20,0x20,0x20,0x72,0x65,0x74,0x75,0x72,0x6e,0x20,0x6f,0x75,0x74,0x3b,0x0a,0x7d,
    0x0a,0x0a,0x00,
};
#endif
/*
    #include <metal_stdlib>
    #include <simd/simd.h>

    using namespace metal;

    struct main0_out
    {
        float4 frag_color [[color(0)]];
    };

    struct main0_in
    {
        float2 uv [[user(locn0)]];
    };

    fragment main0_out main0(main0_in in [[stage_in]], texture2d<float> srcTex [[texture(0)]], sampler srcSmp [[sampler(0)]])
    {
        main0_out out = {};
        out.frag_color = srcTex.sample(srcSmp, in.uv, level(0.0));
        return out;
    }

*/
#if defined(SOKOL_METAL)
static const uint8_t tc_fbomip_blit_fs_source_metal_ios[415] = {
    0x23,0x69,0x6e,0x63,0x6c,0x75,0x64,0x65,0x20,0x3c,0x6d,0x65,0x74,0x61,0x6c,0x5f,
    0x73,0x74,0x64,0x6c,0x69,0x62,0x3e,0x0a,0x23,0x69,0x6e,0x63,0x6c,0x75,0x64,0x65,
    0x20,0x3c,0x73,0x69,0x6d,0x64,0x2f,0x73,0x69,0x6d,0x64,0x2e,0x68,0x3e,0x0a,0x0a,
    0x75,0x73,0x69,0x6e,0x67,0x20,0x6e,0x61,0x6d,0x65,0x73,0x70,0x61,0x63,0x65,0x20,
    0x6d,0x65,0x74,0x61,0x6c,0x3b,0x0a,0x0a,0x73,0x74,0x72,0x75,0x63,0x74,0x20,0x6d,
    0x61,0x69,0x6e,0x30,0x5f,0x6f,0x75,0x74,0x0a,0x7b,0x0a,0x20,0x20,0x20,0x20,0x66,
    0x6c,0x6f,0x61,0x74,0x34,0x20,0x66,0x72,0x61,0x67,0x5f,0x63,0x6f,0x6c,0x6f,0x72,
    0x20,0x5b,0x5b,0x63,0x6f,0x6c,0x6f,0x72,0x28,0x30,0x29,0x5d,0x5d,0x3b,0x0a,0x7d,
    0x3b,0x0a,0x0a,0x73,0x74,0x72,0x75,0x63,0x74,0x20,0x6d,0x61,0x69,0x6e,0x30,0x5f,
    0x69,0x6e,0x0a,0x7b,0x0a,0x20,0x20,0x20,0x20,0x66,0x6c,0x6f,0x61,0x74,0x32,0x20,
    0x75,0x76,0x20,0x5b,0x5b,0x75,0x73,0x65,0x72,0x28,0x6c,0x6f,0x63,0x6e,0x30,0x29,
    0x5d,0x5d,0x3b,0x0a,0x7d,0x3b,0x0a,0x0a,0x66,0x72,0x61,0x67,0x6d,0x65,0x6e,0x74,
    0x20,0x6d,0x61,0x69,0x6e,0x30,0x5f,0x6f,0x75,0x74,0x20,0x6d,0x61,0x69,0x6e,0x30,
    0x28,0x6d,0x61,0x69,0x6e,0x30,0x5f,0x69,0x6e,0x20,0x69,0x6e,0x20,0x5b,0x5b,0x73,
    0x74,0x61,0x67,0x65,0x5f,0x69,0x6e,0x5d,0x5d,0x2c,0x20,0x74,0x65,0x78,0x74,0x75,
    0x72,0x65,0x32,0x64,0x3c,0x66,0x6c,0x6f,0x61,0x74,0x3e,0x20,0x73,0x72,0x63,0x54,
    0x65,0x78,0x20,0x5b,0x5b,0x74,0x65,0x78,0x74,0x75,0x72,0x65,0x28,0x30,0x29,0x5d,
    0x5d,0x2c,0x20,0x73,0x61,0x6d,0x70,0x6c,0x65,0x72,0x20,0x73,0x72,0x63,0x53,0x6d,
    0x70,0x20,0x5b,0x5b,0x73,0x61,0x6d,0x70,0x6c,0x65,0x72,0x28,0x30,0x29,0x5d,0x5d,
    0x29,0x0a,0x7b,0x0a,0x20,0x20,0x20,0x20,0x6d,0x61,0x69,0x6e,0x30,0x5f,0x6f,0x75,
    0x74,0x20,0x6f,0x75,0x74,0x20,0x3d,0x20,0x7b,0x7d,0x3b,0x0a,0x20,0x20,0x20,0x20,
    0x6f,0x75,0x74,0x2e,0x66,0x72,0x61,0x67,0x5f,0x63,0x6f,0x6c,0x6f,0x72,0x20,0x3d,
    0x20,0x73,0x72,0x63,0x54,0x65,0x78,0x2e,0x73,0x61,0x6d,0x70,0x6c,0x65,0x28,0x73,
    0x72,0x63,0x53,0x6d,0x70,0x2c,0x20,0x69,0x6e,0x2e,0x75,0x76,0x2c,0x20,0x6c,0x65,
    0x76,0x65,0x6c,0x28,0x30,0x2e,0x30,0x29,0x29,0x3b,0x0a,0x20,0x20,0x20,0x20,0x72,
    0x65,0x74,0x75,0x72,0x6e,0x20,0x6f,0x75,0x74,0x3b,0x0a,0x7d,0x0a,0x0a,0x00,
};
#endif
/*
    #include <metal_stdlib>
    #include <simd/simd.h>

    using namespace metal;

    struct main0_out
    {
        float2 uv [[user(locn0)]];
        float4 gl_Position [[position]];
    };

    struct main0_in
    {
        float2 position [[attribute(0)]];
        float2 texcoord0 [[attribute(1)]];
    };

    vertex main0_out main0(main0_in in [[stage_in]])
    {
        main0_out out = {};
        out.gl_Position = float4(in.position, 0.0, 1.0);
        out.uv = in.texcoord0;
        return out;
    }

*/
#if defined(SOKOL_METAL)
static const uint8_t tc_fbomip_vs_source_metal_sim[437] = {
    0x23,0x69,0x6e,0x63,0x6c,0x75,0x64,0x65,0x20,0x3c,0x6d,0x65,0x74,0x61,0x6c,0x5f,
    0x73,0x74,0x64,0x6c,0x69,0x62,0x3e,0x0a,0x23,0x69,0x6e,0x63,0x6c,0x75,0x64,0x65,
    0x20,0x3c,0x73,0x69,0x6d,0x64,0x2f,0x73,0x69,0x6d,0x64,0x2e,0x68,0x3e,0x0a,0x0a,
    0x75,0x73,0x69,0x6e,0x67,0x20,0x6e,0x61,0x6d,0x65,0x73,0x70,0x61,0x63,0x65,0x20,
    0x6d,0x65,0x74,0x61,0x6c,0x3b,0x0a,0x0a,0x73,0x74,0x72,0x75,0x63,0x74,0x20,0x6d,
    0x61,0x69,0x6e,0x30,0x5f,0x6f,0x75,0x74,0x0a,0x7b,0x0a,0x20,0x20,0x20,0x20,0x66,
    0x6c,0x6f,0x61,0x74,0x32,0x20,0x75,0x76,0x20,0x5b,0x5b,0x75,0x73,0x65,0x72,0x28,
    0x6c,0x6f,0x63,0x6e,0x30,0x29,0x5d,0x5d,0x3b,0x0a,0x20,0x20,0x20,0x20,0x66,0x6c,
    0x6f,0x61,0x74,0x34,0x20,0x67,0x6c,0x5f,0x50,0x6f,0x73,0x69,0x74,0x69,0x6f,0x6e,
    0x20,0x5b,0x5b,0x70,0x6f,0x73,0x69,0x74,0x69,0x6f,0x6e,0x5d,0x5d,0x3b,0x0a,0x7d,
    0x3b,0x0a,0x0a,0x73,0x74,0x72,0x75,0x63,0x74,0x20,0x6d,0x61,0x69,0x6e,0x30,0x5f,
    0x69,0x6e,0x0a,0x7b,0x0a,0x20,0x20,0x20,0x20,0x66,0x6c,0x6f,0x61,0x74,0x32,0x20,
    0x70,0x6f,0x73,0x69,0x74,0x69,0x6f,0x6e,0x20,0x5b,0x5b,0x61,0x74,0x74,0x72,0x69,
    0x62,0x75,0x74,0x65,0x28,0x30,0x29,0x5d,0x5d,0x3b,0x0a,0x20,0x20,0x20,0x20,0x66,
    0x6c,0x6f,0x61,0x74,0x32,0x20,0x74,0x65,0x78,0x63,0x6f,0x6f,0x72,0x64,0x30,0x20,
    0x5b,0x5b,0x61,0x74,0x74,0x72,0x69,0x62,0x75,0x74,0x65,0x28,0x31,0x29,0x5d,0x5d,
    0x3b,0x0a,0x7d,0x3b,0x0a,0x0a,0x76,0x65,0x72,0x74,0x65,0x78,0x20,0x6d,0x61,0x69,
    0x6e,0x30,0x5f,0x6f,0x75,0x74,0x20,0x6d,0x61,0x69,0x6e,0x30,0x28,0x6d,0x61,0x69,
    0x6e,0x30,0x5f,0x69,0x6e,0x20,0x69,0x6e,0x20,0x5b,0x5b,0x73,0x74,0x61,0x67,0x65,
    0x5f,0x69,0x6e,0x5d,0x5d,0x29,0x0a,0x7b,0x0a,0x20,0x20,0x20,0x20,0x6d,0x61,0x69,
    0x6e,0x30,0x5f,0x6f,0x75,0x74,0x20,0x6f,0x75,0x74,0x20,0x3d,0x20,0x7b,0x7d,0x3b,
    0x0a,0x20,0x20,0x20,0x20,0x6f,0x75,0x74,0x2e,0x67,0x6c,0x5f,0x50,0x6f,0x73,0x69,
    0x74,0x69,0x6f,0x6e,0x20,0x3d,0x20,0x66,0x6c,0x6f,0x61,0x74,0x34,0x28,0x69,0x6e,
    0x2e,0x70,0x6f,0x73,0x69,0x74,0x69,0x6f,0x6e,0x2c,0x20,0x30,0x2e,0x30,0x2c,0x20,
    0x31,0x2e,0x30,0x29,0x3b,0x0a,0x20,0x20,0x20,0x20,0x6f,0x75,0x74,0x2e,0x75,0x76,
    0x20,0x3d,0x20,0x69,0x6e,0x2e,0x74,0x65,0x78,0x63,0x6f,0x6f,0x72,0x64,0x30,0x3b,
    0x0a,0x20,0x20,0x20,0x20,0x72,0x65,0x74,0x75,0x72,0x6e,0x20,0x6f,0x75,0x74,0x3b,
    0x0a,0x7d,0x0a,0x0a,0x00,
};
#endif
/*
    #pragma clang diagnostic ignored "-Wmissing-prototypes"

    #include <metal_stdlib>
    #include <simd/simd.h>

    using namespace metal;

    struct main0_out
    {
        float4 frag_color [[color(0)]];
    };

    struct main0_in
    {
        float2 uv [[user(locn0)]];
    };

    static inline __attribute__((always_inline))
    float3 srgb_to_linear(thread const float3& c)
    {
        return powr(c, float3(2.2000000476837158203125));
    }

    static inline __attribute__((always_inline))
    float3 linear_to_srgb(thread const float3& c)
    {
        return powr(c, float3(0.4545454680919647216796875));
    }

    fragment main0_out main0(main0_in in [[stage_in]], texture2d<float> srcTex [[texture(0)]], sampler srcSmp [[sampler(0)]])
    {
        main0_out out = {};
        float2 _49 = fast::max(float2(int2(srcTex.get_width(), srcTex.get_height())), float2(1.0));
        float4 _69 = srcTex.sample(srcSmp, (in.uv + (float2(-0.5) / _49)), level(0.0));
        float4 _80 = srcTex.sample(srcSmp, (in.uv + (float2(0.5, -0.5) / _49)), level(0.0));
        float4 _90 = srcTex.sample(srcSmp, (in.uv + (float2(-0.5, 0.5) / _49)), level(0.0));
        float4 _100 = srcTex.sample(srcSmp, (in.uv + (float2(0.5) / _49)), level(0.0));
        float3 param = _69.xyz;
        float3 param_1 = _80.xyz;
        float3 param_2 = _90.xyz;
        float3 param_3 = _100.xyz;
        float3 param_4 = (((srgb_to_linear(param) + srgb_to_linear(param_1)) + srgb_to_linear(param_2)) + srgb_to_linear(param_3)) * 0.25;
        out.frag_color = float4(linear_to_srgb(param_4), (((_69.w + _80.w) + _90.w) + _100.w) * 0.25);
        return out;
    }

*/
#if defined(SOKOL_METAL)
static const uint8_t tc_fbomip_fs_source_metal_sim[1507] = {
    0x23,0x70,0x72,0x61,0x67,0x6d,0x61,0x20,0x63,0x6c,0x61,0x6e,0x67,0x20,0x64,0x69,
    0x61,0x67,0x6e,0x6f,0x73,0x74,0x69,0x63,0x20,0x69,0x67,0x6e,0x6f,0x72,0x65,0x64,
    0x20,0x22,0x2d,0x57,0x6d,0x69,0x73,0x73,0x69,0x6e,0x67,0x2d,0x70,0x72,0x6f,0x74,
    0x6f,0x74,0x79,0x70,0x65,0x73,0x22,0x0a,0x0a,0x23,0x69,0x6e,0x63,0x6c,0x75,0x64,
    0x65,0x20,0x3c,0x6d,0x65,0x74,0x61,0x6c,0x5f,0x73,0x74,0x64,0x6c,0x69,0x62,0x3e,
    0x0a,0x23,0x69,0x6e,0x63,0x6c,0x75,0x64,0x65,0x20,0x3c,0x73,0x69,0x6d,0x64,0x2f,
    0x73,0x69,0x6d,0x64,0x2e,0x68,0x3e,0x0a,0x0a,0x75,0x73,0x69,0x6e,0x67,0x20,0x6e,
    0x61,0x6d,0x65,0x73,0x70,0x61,0x63,0x65,0x20,0x6d,0x65,0x74,0x61,0x6c,0x3b,0x0a,
    0x0a,0x73,0x74,0x72,0x75,0x63,0x74,0x20,0x6d,0x61,0x69,0x6e,0x30,0x5f,0x6f,0x75,
    0x74,0x0a,0x7b,0x0a,0x20,0x20,0x20,0x20,0x66,0x6c,0x6f,0x61,0x74,0x34,0x20,0x66,
    0x72,0x61,0x67,0x5f,0x63,0x6f,0x6c,0x6f,0x72,0x20,0x5b,0x5b,0x63,0x6f,0x6c,0x6f,
    0x72,0x28,0x30,0x29,0x5d,0x5d,0x3b,0x0a,0x7d,0x3b,0x0a,0x0a,0x73,0x74,0x72,0x75,
    0x63,0x74,0x20,0x6d,0x61,0x69,0x6e,0x30,0x5f,0x69,0x6e,0x0a,0x7b,0x0a,0x20,0x20,
    0x20,0x20,0x66,0x6c,0x6f,0x61,0x74,0x32,0x20,0x75,0x76,0x20,0x5b,0x5b,0x75,0x73,
    0x65,0x72,0x28,0x6c,0x6f,0x63,0x6e,0x30,0x29,0x5d,0x5d,0x3b,0x0a,0x7d,0x3b,0x0a,
    0x0a,0x73,0x74,0x61,0x74,0x69,0x63,0x20,0x69,0x6e,0x6c,0x69,0x6e,0x65,0x20,0x5f,
    0x5f,0x61,0x74,0x74,0x72,0x69,0x62,0x75,0x74,0x65,0x5f,0x5f,0x28,0x28,0x61,0x6c,
    0x77,0x61,0x79,0x73,0x5f,0x69,0x6e,0x6c,0x69,0x6e,0x65,0x29,0x29,0x0a,0x66,0x6c,
    0x6f,0x61,0x74,0x33,0x20,0x73,0x72,0x67,0x62,0x5f,0x74,0x6f,0x5f,0x6c,0x69,0x6e,
    0x65,0x61,0x72,0x28,0x74,0x68,0x72,0x65,0x61,0x64,0x20,0x63,0x6f,0x6e,0x73,0x74,
    0x20,0x66,0x6c,0x6f,0x61,0x74,0x33,0x26,0x20,0x63,0x29,0x0a,0x7b,0x0a,0x20,0x20,
    0x20,0x20,0x72,0x65,0x74,0x75,0x72,0x6e,0x20,0x70,0x6f,0x77,0x72,0x28,0x63,0x2c,
    0x20,0x66,0x6c,0x6f,0x61,0x74,0x33,0x28,0x32,0x2e,0x32,0x30,0x30,0x30,0x30,0x30,
    0x30,0x34,0x37,0x36,0x38,0x33,0x37,0x31,0x35,0x38,0x32,0x30,0x33,0x31,0x32,0x35,
    0x29,0x29,0x3b,0x0a,0x7d,0x0a,0x0a,0x73,0x74,0x61,0x74,0x69,0x63,0x20,0x69,0x6e,
    0x6c,0x69,0x6e,0x65,0x20,0x5f,0x5f,0x61,0x74,0x74,0x72,0x69,0x62,0x75,0x74,0x65,
    0x5f,0x5f,0x28,0x28,0x61,0x6c,0x77,0x61,0x79,0x73,0x5f,0x69,0x6e,0x6c,0x69,0x6e,
    0x65,0x29,0x29,0x0a,0x66,0x6c,0x6f,0x61,0x74,0x33,0x20,0x6c,0x69,0x6e,0x65,0x61,
    0x72,0x5f,0x74,0x6f,0x5f,0x73,0x72,0x67,0x62,0x28,0x74,0x68,0x72,0x65,0x61,0x64,
    0x20,0x63,0x6f,0x6e,0x73,0x74,0x20,0x66,0x6c,0x6f,0x61,0x74,0x33,0x26,0x20,0x63,
    0x29,0x0a,0x7b,0x0a,0x20,0x20,0x20,0x20,0x72,0x65,0x74,0x75,0x72,0x6e,0x20,0x70,
    0x6f,0x77,0x72,0x28,0x63,0x2c,0x20,0x66,0x6c,0x6f,0x61,0x74,0x33,0x28,0x30,0x2e,
    0x34,0x35,0x34,0x35,0x34,0x35,0x34,0x36,0x38,0x30,0x39,0x31,0x39,0x36,0x34,0x37,
    0x32,0x31,0x36,0x37,0x39,0x36,0x38,0x37,0x35,0x29,0x29,0x3b,0x0a,0x7d,0x0a,0x0a,
    0x66,0x72,0x61,0x67,0x6d,0x65,0x6e,0x74,0x20,0x6d,0x61,0x69,0x6e,0x30,0x5f,0x6f,
    0x75,0x74,0x20,0x6d,0x61,0x69,0x6e,0x30,0x28,0x6d,0x61,0x69,0x6e,0x30,0x5f,0x69,
    0x6e,0x20,0x69,0x6e,0x20,0x5b,0x5b,0x73,0x74,0x61,0x67,0x65,0x5f,0x69,0x6e,0x5d,
    0x5d,0x2c,0x20,0x74,0x65,0x78,0x74,0x75,0x72,0x65,0x32,0x64,0x3c,0x66,0x6c,0x6f,
    0x61,0x74,0x3e,0x20,0x73,0x72,0x63,0x54,0x65,0x78,0x20,0x5b,0x5b,0x74,0x65,0x78,
    0x74,0x75,0x72,0x65,0x28,0x30,0x29,0x5d,0x5d,0x2c,0x20,0x73,0x61,0x6d,0x70,0x6c,
    0x65,0x72,0x20,0x73,0x72,0x63,0x53,0x6d,0x70,0x20,0x5b,0x5b,0x73,0x61,0x6d,0x70,
    0x6c,0x65,0x72,0x28,0x30,0x29,0x5d,0x5d,0x29,0x0a,0x7b,0x0a,0x20,0x20,0x20,0x20,
    0x6d,0x61,0x69,0x6e,0x30,0x5f,0x6f,0x75,0x74,0x20,0x6f,0x75,0x74,0x20,0x3d,0x20,
    0x7b,0x7d,0x3b,0x0a,0x20,0x20,0x20,0x20,0x66,0x6c,0x6f,0x61,0x74,0x32,0x20,0x5f,
    0x34,0x39,0x20,0x3d,0x20,0x66,0x61,0x73,0x74,0x3a,0x3a,0x6d,0x61,0x78,0x28,0x66,
    0x6c,0x6f,0x61,0x74,0x32,0x28,0x69,0x6e,0x74,0x32,0x28,0x73,0x72,0x63,0x54,0x65,
    0x78,0x2e,0x67,0x65,0x74,0x5f,0x77,0x69,0x64,0x74,0x68,0x28,0x29,0x2c,0x20,0x73,
    0x72,0x63,0x54,0x65,0x78,0x2e,0x67,0x65,0x74,0x5f,0x68,0x65,0x69,0x67,0x68,0x74,
    0x28,0x29,0x29,0x29,0x2c,0x20,0x66,0x6c,0x6f,0x61,0x74,0x32,0x28,0x31,0x2e,0x30,
    0x29,0x29,0x3b,0x0a,0x20,0x20,0x20,0x20,0x66,0x6c,0x6f,0x61,0x74,0x34,0x20,0x5f,
    0x36,0x39,0x20,0x3d,0x20,0x73,0x72,0x63,0x54,0x65,0x78,0x2e,0x73,0x61,0x6d,0x70,
    0x6c,0x65,0x28,0x73,0x72,0x63,0x53,0x6d,0x70,0x2c,0x20,0x28,0x69,0x6e,0x2e,0x75,
    0x76,0x20,0x2b,0x20,0x28,0x66,0x6c,0x6f,0x61,0x74,0x32,0x28,0x2d,0x30,0x2e,0x35,
    0x29,0x20,0x2f,0x20,0x5f,0x34,0x39,0x29,0x29,0x2c,0x20,0x6c,0x65,0x76,0x65,0x6c,
    0x28,0x30,0x2e,0x30,0x29,0x29,0x3b,0x0a,0x20,0x20,0x20,0x20,0x66,0x6c,0x6f,0x61,
    0x74,0x34,0x20,0x5f,0x38,0x30,0x20,0x3d,0x20,0x73,0x72,0x63,0x54,0x65,0x78,0x2e,
    0x73,0x61,0x6d,0x70,0x6c,0x65,0x28,0x73,0x72,0x63,0x53,0x6d,0x70,0x2c,0x20,0x28,
    0x69,0x6e,0x2e,0x75,0x76,0x20,0x2b,0x20,0x28,0x66,0x6c,0x6f,0x61,0x74,0x32,0x28,
    0x30,0x2e,0x35,0x2c,0x20,0x2d,0x30,0x2e,0x35,0x29,0x20,0x2f,0x20,0x5f,0x34,0x39,
    0x29,0x29,0x2c,0x20,0x6c,0x65,0x76,0x65,0x6c,0x28,0x30,0x2e,0x30,0x29,0x29,0x3b,
    0x0a,0x20,0x20,0x20,0x20,0x66,0x6c,0x6f,0x61,0x74,0x34,0x20,0x5f,0x39,0x30,0x20,
    0x3d,0x20,0x73,0x72,0x63,0x54,0x65,0x78,0x2e,0x73,0x61,0x6d,0x70,0x6c,0x65,0x28,
    0x73,0x72,0x63,0x53,0x6d,0x70,0x2c,0x20,0x28,0x69,0x6e,0x2e,0x75,0x76,0x20,0x2b,
    0x20,0x28,0x66,0x6c,0x6f,0x61,0x74,0x32,0x28,0x2d,0x30,0x2e,0x35,0x2c,0x20,0x30,
    0x2e,0x35,0x29,0x20,0x2f,0x20,0x5f,0x34,0x39,0x29,0x29,0x2c,0x20,0x6c,0x65,0x76,
    0x65,0x6c,0x28,0x30,0x2e,0x30,0x29,0x29,0x3b,0x0a,0x20,0x20,0x20,0x20,0x66,0x6c,
    0x6f,0x61,0x74,0x34,0x20,0x5f,0x31,0x30,0x30,0x20,0x3d,0x20,0x73,0x72,0x63,0x54,
    0x65,0x78,0x2e,0x73,0x61,0x6d,0x70,0x6c,0x65,0x28,0x73,0x72,0x63,0x53,0x6d,0x70,
    0x2c,0x20,0x28,0x69,0x6e,0x2e,0x75,0x76,0x20,0x2b,0x20,0x28,0x66,0x6c,0x6f,0x61,
    0x74,0x32,0x28,0x30,0x2e,0x35,0x29,0x20,0x2f,0x20,0x5f,0x34,0x39,0x29,0x29,0x2c,
    0x20,0x6c,0x65,0x76,0x65,0x6c,0x28,0x30,0x2e,0x30,0x29,0x29,0x3b,0x0a,0x20,0x20,
    0x20,0x20,0x66,0x6c,0x6f,0x61,0x74,0x33,0x20,0x70,0x61,0x72,0x61,0x6d,0x20,0x3d,
    0x20,0x5f,0x36,0x39,0x2e,0x78,0x79,0x7a,0x3b,0x0a,0x20,0x20,0x20,0x20,0x66,0x6c,
    0x6f,0x61,0x74,0x33,0x20,0x70,0x61,0x72,0x61,0x6d,0x5f,0x31,0x20,0x3d,0x20,0x5f,
    0x38,0x30,0x2e,0x78,0x79,0x7a,0x3b,0x0a,0x20,0x20,0x20,0x20,0x66,0x6c,0x6f,0x61,
    0x74,0x33,0x20,0x70,0x61,0x72,0x61,0x6d,0x5f,0x32,0x20,0x3d,0x20,0x5f,0x39,0x30,
    0x2e,0x78,0x79,0x7a,0x3b,0x0a,0x20,0x20,0x20,0x20,0x66,0x6c,0x6f,0x61,0x74,0x33,
    0x20,0x70,0x61,0x72,0x61,0x6d,0x5f,0x33,0x20,0x3d,0x20,0x5f,0x31,0x30,0x30,0x2e,
    0x78,0x79,0x7a,0x3b,0x0a,0x20,0x20,0x20,0x20,0x66,0x6c,0x6f,0x61,0x74,0x33,0x20,
    0x70,0x61,0x72,0x61,0x6d,0x5f,0x34,0x20,0x3d,0x20,0x28,0x28,0x28,0x73,0x72,0x67,
    0x62,0x5f,0x74,0x6f,0x5f,0x6c,0x69,0x6e,0x65,0x61,0x72,0x28,0x70,0x61,0x72,0x61,
    0x6d,0x29,0x20,0x2b,0x20,0x73,0x72,0x67,0x62,0x5f,0x74,0x6f,0x5f,0x6c,0x69,0x6e,
    0x65,0x61,0x72,0x28,0x70,0x61,0x72,0x61,0x6d,0x5f,0x31,0x29,0x29,0x20,0x2b,0x20,
    0x73,0x72,0x67,0x62,0x5f,0x74,0x6f,0x5f,0x6c,0x69,0x6e,0x65,0x61,0x72,0x28,0x70,
    0x61,0x72,0x61,0x6d,0x5f,0x32,0x29,0x29,0x20,0x2b,0x20,0x73,0x72,0x67,0x62,0x5f,
    0x74,0x6f,0x5f,0x6c,0x69,0x6e,0x65,0x61,0x72,0x28,0x70,0x61,0x72,0x61,0x6d,0x5f,
    0x33,0x29,0x29,0x20,0x2a,0x20,0x30,0x2e,0x32,0x35,0x3b,0x0a,0x20,0x20,0x20,0x20,
    0x6f,0x75,0x74,0x2e,0x66,0x72,0x61,0x67,0x5f,0x63,0x6f,0x6c,0x6f,0x72,0x20,0x3d,
    0x20,0x66,0x6c,0x6f,0x61,0x74,0x34,0x28,0x6c,0x69,0x6e,0x65,0x61,0x72,0x5f,0x74,
    0x6f,0x5f,0x73,0x72,0x67,0x62,0x28,0x70,0x61,0x72,0x61,0x6d,0x5f,0x34,0x29,0x2c,
    0x20,0x28,0x28,0x28,0x5f,0x36,0x39,0x2e,0x77,0x20,0x2b,0x20,0x5f,0x38,0x30,0x2e,
    0x77,0x29,0x20,0x2b,0x20,0x5f,0x39,0x30,0x2e,0x77,0x29,0x20,0x2b,0x20,0x5f,0x31,
    0x30,0x30,0x2e,0x77,0x29,0x20,0x2a,0x20,0x30,0x2e,0x32,0x35,0x29,0x3b,0x0a,0x20,
    0x20,0x20,0x20,0x72,0x65,0x74,0x75,0x72,0x6e,0x20,0x6f,0x75,0x74,0x3b,0x0a,0x7d,
    0x0a,0x0a,0x00,
};
#endif
/*
    #include <metal_stdlib>
    #include <simd/simd.h>

    using namespace metal;

    struct main0_out
    {
        float4 frag_color [[color(0)]];
    };

    struct main0_in
    {
        float2 uv [[user(locn0)]];
    };

    fragment main0_out main0(main0_in in [[stage_in]], texture2d<float> srcTex [[texture(0)]], sampler srcSmp [[sampler(0)]])
    {
        main0_out out = {};
        out.frag_color = srcTex.sample(srcSmp, in.uv, level(0.0));
        return out;
    }

*/
#if defined(SOKOL_METAL)
static const uint8_t tc_fbomip_blit_fs_source_metal_sim[415] = {
    0x23,0x69,0x6e,0x63,0x6c,0x75,0x64,0x65,0x20,0x3c,0x6d,0x65,0x74,0x61,0x6c,0x5f,
    0x73,0x74,0x64,0x6c,0x69,0x62,0x3e,0x0a,0x23,0x69,0x6e,0x63,0x6c,0x75,0x64,0x65,
    0x20,0x3c,0x73,0x69,0x6d,0x64,0x2f,0x73,0x69,0x6d,0x64,0x2e,0x68,0x3e,0x0a,0x0a,
    0x75,0x73,0x69,0x6e,0x67,0x20,0x6e,0x61,0x6d,0x65,0x73,0x70,0x61,0x63,0x65,0x20,
    0x6d,0x65,0x74,0x61,0x6c,0x3b,0x0a,0x0a,0x73,0x74,0x72,0x75,0x63,0x74,0x20,0x6d,
    0x61,0x69,0x6e,0x30,0x5f,0x6f,0x75,0x74,0x0a,0x7b,0x0a,0x20,0x20,0x20,0x20,0x66,
    0x6c,0x6f,0x61,0x74,0x34,0x20,0x66,0x72,0x61,0x67,0x5f,0x63,0x6f,0x6c,0x6f,0x72,
    0x20,0x5b,0x5b,0x63,0x6f,0x6c,0x6f,0x72,0x28,0x30,0x29,0x5d,0x5d,0x3b,0x0a,0x7d,
    0x3b,0x0a,0x0a,0x73,0x74,0x72,0x75,0x63,0x74,0x20,0x6d,0x61,0x69,0x6e,0x30,0x5f,
    0x69,0x6e,0x0a,0x7b,0x0a,0x20,0x20,0x20,0x20,0x66,0x6c,0x6f,0x61,0x74,0x32,0x20,
    0x75,0x76,0x20,0x5b,0x5b,0x75,0x73,0x65,0x72,0x28,0x6c,0x6f,0x63,0x6e,0x30,0x29,
    0x5d,0x5d,0x3b,0x0a,0x7d,0x3b,0x0a,0x0a,0x66,0x72,0x61,0x67,0x6d,0x65,0x6e,0x74,
    0x20,0x6d,0x61,0x69,0x6e,0x30,0x5f,0x6f,0x75,0x74,0x20,0x6d,0x61,0x69,0x6e,0x30,
    0x28,0x6d,0x61,0x69,0x6e,0x30,0x5f,0x69,0x6e,0x20,0x69,0x6e,0x20,0x5b,0x5b,0x73,
    0x74,0x61,0x67,0x65,0x5f,0x69,0x6e,0x5d,0x5d,0x2c,0x20,0x74,0x65,0x78,0x74,0x75,
    0x72,0x65,0x32,0x64,0x3c,0x66,0x6c,0x6f,0x61,0x74,0x3e,0x20,0x73,0x72,0x63,0x54,
    0x65,0x78,0x20,0x5b,0x5b,0x74,0x65,0x78,0x74,0x75,0x72,0x65,0x28,0x30,0x29,0x5d,
    0x5d,0x2c,0x20,0x73,0x61,0x6d,0x70,0x6c,0x65,0x72,0x20,0x73,0x72,0x63,0x53,0x6d,
    0x70,0x20,0x5b,0x5b,0x73,0x61,0x6d,0x70,0x6c,0x65,0x72,0x28,0x30,0x29,0x5d,0x5d,
    0x29,0x0a,0x7b,0x0a,0x20,0x20,0x20,0x20,0x6d,0x61,0x69,0x6e,0x30,0x5f,0x6f,0x75,
    0x74,0x20,0x6f,0x75,0x74,0x20,0x3d,0x20,0x7b,0x7d,0x3b,0x0a,0x20,0x20,0x20,0x20,
    0x6f,0x75,0x74,0x2e,0x66,0x72,0x61,0x67,0x5f,0x63,0x6f,0x6c,0x6f,0x72,0x20,0x3d,
    0x20,0x73,0x72,0x63,0x54,0x65,0x78,0x2e,0x73,0x61,0x6d,0x70,0x6c,0x65,0x28,0x73,
    0x72,0x63,0x53,0x6d,0x70,0x2c,0x20,0x69,0x6e,0x2e,0x75,0x76,0x2c,0x20,0x6c,0x65,
    0x76,0x65,0x6c,0x28,0x30,0x2e,0x30,0x29,0x29,0x3b,0x0a,0x20,0x20,0x20,0x20,0x72,
    0x65,0x74,0x75,0x72,0x6e,0x20,0x6f,0x75,0x74,0x3b,0x0a,0x7d,0x0a,0x0a,0x00,
};
#endif
/*
    diagnostic(off, derivative_uniformity);

    var<private> position_1 : vec2f;

    var<private> uv : vec2f;

    var<private> texcoord0 : vec2f;

    var<private> gl_Position : vec4f;

    fn main_1() {
      gl_Position = vec4f(position_1.x, position_1.y, 0.0f, 1.0f);
      uv = texcoord0;
      return;
    }

    struct main_out {
      @builtin(position)
      gl_Position : vec4f,
      @location(0)
      uv_1 : vec2f,
    }

    @vertex
    fn main(@location(0) position_1_param : vec2f, @location(1) texcoord0_param : vec2f) -> main_out {
      position_1 = position_1_param;
      texcoord0 = texcoord0_param;
      main_1();
      return main_out(gl_Position, uv);
    }
*/
#if defined(SOKOL_WGPU)
static const uint8_t tc_fbomip_vs_source_wgsl[595] = {
    0x64,0x69,0x61,0x67,0x6e,0x6f,0x73,0x74,0x69,0x63,0x28,0x6f,0x66,0x66,0x2c,0x20,
    0x64,0x65,0x72,0x69,0x76,0x61,0x74,0x69,0x76,0x65,0x5f,0x75,0x6e,0x69,0x66,0x6f,
    0x72,0x6d,0x69,0x74,0x79,0x29,0x3b,0x0a,0x0a,0x76,0x61,0x72,0x3c,0x70,0x72,0x69,
    0x76,0x61,0x74,0x65,0x3e,0x20,0x70,0x6f,0x73,0x69,0x74,0x69,0x6f,0x6e,0x5f,0x31,
    0x20,0x3a,0x20,0x76,0x65,0x63,0x32,0x66,0x3b,0x0a,0x0a,0x76,0x61,0x72,0x3c,0x70,
    0x72,0x69,0x76,0x61,0x74,0x65,0x3e,0x20,0x75,0x76,0x20,0x3a,0x20,0x76,0x65,0x63,
    0x32,0x66,0x3b,0x0a,0x0a,0x76,0x61,0x72,0x3c,0x70,0x72,0x69,0x76,0x61,0x74,0x65,
    0x3e,0x20,0x74,0x65,0x78,0x63,0x6f,0x6f,0x72,0x64,0x30,0x20,0x3a,0x20,0x76,0x65,
    0x63,0x32,0x66,0x3b,0x0a,0x0a,0x76,0x61,0x72,0x3c,0x70,0x72,0x69,0x76,0x61,0x74,
    0x65,0x3e,0x20,0x67,0x6c,0x5f,0x50,0x6f,0x73,0x69,0x74,0x69,0x6f,0x6e,0x20,0x3a,
    0x20,0x76,0x65,0x63,0x34,0x66,0x3b,0x0a,0x0a,0x66,0x6e,0x20,0x6d,0x61,0x69,0x6e,
    0x5f,0x31,0x28,0x29,0x20,0x7b,0x0a,0x20,0x20,0x67,0x6c,0x5f,0x50,0x6f,0x73,0x69,
    0x74,0x69,0x6f,0x6e,0x20,0x3d,0x20,0x76,0x65,0x63,0x34,0x66,0x28,0x70,0x6f,0x73,
    0x69,0x74,0x69,0x6f,0x6e,0x5f,0x31,0x2e,0x78,0x2c,0x20,0x70,0x6f,0x73,0x69,0x74,
    0x69,0x6f,0x6e,0x5f,0x31,0x2e,0x79,0x2c,0x20,0x30,0x2e,0x30,0x66,0x2c,0x20,0x31,
    0x2e,0x30,0x66,0x29,0x3b,0x0a,0x20,0x20,0x75,0x76,0x20,0x3d,0x20,0x74,0x65,0x78,
    0x63,0x6f,0x6f,0x72,0x64,0x30,0x3b,0x0a,0x20,0x20,0x72,0x65,0x74,0x75,0x72,0x6e,
    0x3b,0x0a,0x7d,0x0a,0x0a,0x73,0x74,0x72,0x75,0x63,0x74,0x20,0x6d,0x61,0x69,0x6e,
    0x5f,0x6f,0x75,0x74,0x20,0x7b,0x0a,0x20,0x20,0x40,0x62,0x75,0x69,0x6c,0x74,0x69,
    0x6e,0x28,0x70,0x6f,0x73,0x69,0x74,0x69,0x6f,0x6e,0x29,0x0a,0x20,0x20,0x67,0x6c,
    0x5f,0x50,0x6f,0x73,0x69,0x74,0x69,0x6f,0x6e,0x20,0x3a,0x20,0x76,0x65,0x63,0x34,
    0x66,0x2c,0x0a,0x20,0x20,0x40,0x6c,0x6f,0x63,0x61,0x74,0x69,0x6f,0x6e,0x28,0x30,
    0x29,0x0a,0x20,0x20,0x75,0x76,0x5f,0x31,0x20,0x3a,0x20,0x76,0x65,0x63,0x32,0x66,
    0x2c,0x0a,0x7d,0x0a,0x0a,0x40,0x76,0x65,0x72,0x74,0x65,0x78,0x0a,0x66,0x6e,0x20,
    0x6d,0x61,0x69,0x6e,0x28,0x40,0x6c,0x6f,0x63,0x61,0x74,0x69,0x6f,0x6e,0x28,0x30,
    0x29,0x20,0x70,0x6f,0x73,0x69,0x74,0x69,0x6f,0x6e,0x5f,0x31,0x5f,0x70,0x61,0x72,
    0x61,0x6d,0x20,0x3a,0x20,0x76,0x65,0x63,0x32,0x66,0x2c,0x20,0x40,0x6c,0x6f,0x63,
    0x61,0x74,0x69,0x6f,0x6e,0x28,0x31,0x29,0x20,0x74,0x65,0x78,0x63,0x6f,0x6f,0x72,
    0x64,0x30,0x5f,0x70,0x61,0x72,0x61,0x6d,0x20,0x3a,0x20,0x76,0x65,0x63,0x32,0x66,
    0x29,0x20,0x2d,0x3e,0x20,0x6d,0x61,0x69,0x6e,0x5f,0x6f,0x75,0x74,0x20,0x7b,0x0a,
    0x20,0x20,0x70,0x6f,0x73,0x69,0x74,0x69,0x6f,0x6e,0x5f,0x31,0x20,0x3d,0x20,0x70,
    0x6f,0x73,0x69,0x74,0x69,0x6f,0x6e,0x5f,0x31,0x5f,0x70,0x61,0x72,0x61,0x6d,0x3b,
    0x0a,0x20,0x20,0x74,0x65,0x78,0x63,0x6f,0x6f,0x72,0x64,0x30,0x20,0x3d,0x20,0x74,
    0x65,0x78,0x63,0x6f,0x6f,0x72,0x64,0x30,0x5f,0x70,0x61,0x72,0x61,0x6d,0x3b,0x0a,
    0x20,0x20,0x6d,0x61,0x69,0x6e,0x5f,0x31,0x28,0x29,0x3b,0x0a,0x20,0x20,0x72,0x65,
    0x74,0x75,0x72,0x6e,0x20,0x6d,0x61,0x69,0x6e,0x5f,0x6f,0x75,0x74,0x28,0x67,0x6c,
    0x5f,0x50,0x6f,0x73,0x69,0x74,0x69,0x6f,0x6e,0x2c,0x20,0x75,0x76,0x29,0x3b,0x0a,
    0x7d,0x0a,0x00,
};
#endif
/*
    diagnostic(off, derivative_uniformity);

    @binding(0) @group(1) var srcTex : texture_2d<f32>;

    @binding(32) @group(1) var srcSmp : sampler;

    var<private> uv : vec2f;

    var<private> frag_color : vec4f;

    fn srgb_to_linear_vf3_(c : ptr<function, vec3f>) -> vec3f {
      let x_16 = *(c);
      return pow(x_16, vec3f(2.20000004768371582031f));
    }

    fn linear_to_srgb_vf3_(c_1 : ptr<function, vec3f>) -> vec3f {
      let x_22 = *(c_1);
      return pow(x_22, vec3f(0.45454546809196472168f));
    }

    fn main_1() {
      var param : vec3f;
      var param_1 : vec3f;
      var param_2 : vec3f;
      var param_3 : vec3f;
      var param_4 : vec3f;
      let x_49 = max(vec2f(vec2i(textureDimensions(srcTex, 0i))), vec2f(1.0f));
      let x_69 = textureSampleLevel(srcTex, srcSmp, (uv + (vec2f(-0.5f) / x_49)), 0.0f);
      let x_80 = textureSampleLevel(srcTex, srcSmp, (uv + (vec2f(0.5f, -0.5f) / x_49)), 0.0f);
      let x_90 = textureSampleLevel(srcTex, srcSmp, (uv + (vec2f(-0.5f, 0.5f) / x_49)), 0.0f);
      let x_100 = textureSampleLevel(srcTex, srcSmp, (uv + (vec2f(0.5f) / x_49)), 0.0f);
      param = x_69.xyz;
      let x_105 = srgb_to_linear_vf3_(&(param));
      param_1 = x_80.xyz;
      let x_109 = srgb_to_linear_vf3_(&(param_1));
      param_2 = x_90.xyz;
      let x_114 = srgb_to_linear_vf3_(&(param_2));
      param_3 = x_100.xyz;
      let x_119 = srgb_to_linear_vf3_(&(param_3));
      param_4 = ((((x_105 + x_109) + x_114) + x_119) * 0.25f);
      let x_143 = linear_to_srgb_vf3_(&(param_4));
      frag_color = vec4f(x_143.x, x_143.y, x_143.z, ((((x_69.w + x_80.w) + x_90.w) + x_100.w) * 0.25f));
      return;
    }

    struct main_out {
      @location(0)
      frag_color_1 : vec4f,
    }

    @fragment
    fn main(@location(0) uv_param : vec2f) -> main_out {
      uv = uv_param;
      main_1();
      return main_out(frag_color);
    }
*/
#if defined(SOKOL_WGPU)
static const uint8_t tc_fbomip_fs_source_wgsl[1706] = {
    0x64,0x69,0x61,0x67,0x6e,0x6f,0x73,0x74,0x69,0x63,0x28,0x6f,0x66,0x66,0x2c,0x20,
    0x64,0x65,0x72,0x69,0x76,0x61,0x74,0x69,0x76,0x65,0x5f,0x75,0x6e,0x69,0x66,0x6f,
    0x72,0x6d,0x69,0x74,0x79,0x29,0x3b,0x0a,0x0a,0x40,0x62,0x69,0x6e,0x64,0x69,0x6e,
    0x67,0x28,0x30,0x29,0x20,0x40,0x67,0x72,0x6f,0x75,0x70,0x28,0x31,0x29,0x20,0x76,
    0x61,0x72,0x20,0x73,0x72,0x63,0x54,0x65,0x78,0x20,0x3a,0x20,0x74,0x65,0x78,0x74,
    0x75,0x72,0x65,0x5f,0x32,0x64,0x3c,0x66,0x33,0x32,0x3e,0x3b,0x0a,0x0a,0x40,0x62,
    0x69,0x6e,0x64,0x69,0x6e,0x67,0x28,0x33,0x32,0x29,0x20,0x40,0x67,0x72,0x6f,0x75,
    0x70,0x28,0x31,0x29,0x20,0x76,0x61,0x72,0x20,0x73,0x72,0x63,0x53,0x6d,0x70,0x20,
    0x3a,0x20,0x73,0x61,0x6d,0x70,0x6c,0x65,0x72,0x3b,0x0a,0x0a,0x76,0x61,0x72,0x3c,
    0x70,0x72,0x69,0x76,0x61,0x74,0x65,0x3e,0x20,0x75,0x76,0x20,0x3a,0x20,0x76,0x65,
    0x63,0x32,0x66,0x3b,0x0a,0x0a,0x76,0x61,0x72,0x3c,0x70,0x72,0x69,0x76,0x61,0x74,
    0x65,0x3e,0x20,0x66,0x72,0x61,0x67,0x5f,0x63,0x6f,0x6c,0x6f,0x72,0x20,0x3a,0x20,
    0x76,0x65,0x63,0x34,0x66,0x3b,0x0a,0x0a,0x66,0x6e,0x20,0x73,0x72,0x67,0x62,0x5f,
    0x74,0x6f,0x5f,0x6c,0x69,0x6e,0x65,0x61,0x72,0x5f,0x76,0x66,0x33,0x5f,0x28,0x63,
    0x20,0x3a,0x20,0x70,0x74,0x72,0x3c,0x66,0x75,0x6e,0x63,0x74,0x69,0x6f,0x6e,0x2c,
    0x20,0x76,0x65,0x63,0x33,0x66,0x3e,0x29,0x20,0x2d,0x3e,0x20,0x76,0x65,0x63,0x33,
    0x66,0x20,0x7b,0x0a,0x20,0x20,0x6c,0x65,0x74,0x20,0x78,0x5f,0x31,0x36,0x20,0x3d,
    0x20,0x2a,0x28,0x63,0x29,0x3b,0x0a,0x20,0x20,0x72,0x65,0x74,0x75,0x72,0x6e,0x20,
    0x70,0x6f,0x77,0x28,0x78,0x5f,0x31,0x36,0x2c,0x20,0x76,0x65,0x63,0x33,0x66,0x28,
    0x32,0x2e,0x32,0x30,0x30,0x30,0x30,0x30,0x30,0x34,0x37,0x36,0x38,0x33,0x37,0x31,
    0x35,0x38,0x32,0x30,0x33,0x31,0x66,0x29,0x29,0x3b,0x0a,0x7d,0x0a,0x0a,0x66,0x6e,
    0x20,0x6c,0x69,0x6e,0x65,0x61,0x72,0x5f,0x74,0x6f,0x5f,0x73,0x72,0x67,0x62,0x5f,
    0x76,0x66,0x33,0x5f,0x28,0x63,0x5f,0x31,0x20,0x3a,0x20,0x70,0x74,0x72,0x3c,0x66,
    0x75,0x6e,0x63,0x74,0x69,0x6f,0x6e,0x2c,0x20,0x76,0x65,0x63,0x33,0x66,0x3e,0x29,
    0x20,0x2d,0x3e,0x20,0x76,0x65,0x63,0x33,0x66,0x20,0x7b,0x0a,0x20,0x20,0x6c,0x65,
    0x74,0x20,0x78,0x5f,0x32,0x32,0x20,0x3d,0x20,0x2a,0x28,0x63,0x5f,0x31,0x29,0x3b,
    0x0a,0x20,0x20,0x72,0x65,0x74,0x75,0x72,0x6e,0x20,0x70,0x6f,0x77,0x28,0x78,0x5f,
    0x32,0x32,0x2c,0x20,0x76,0x65,0x63,0x33,0x66,0x28,0x30,0x2e,0x34,0x35,0x34,0x35,
    0x34,0x35,0x34,0x36,0x38,0x30,0x39,0x31,0x39,0x36,0x34,0x37,0x32,0x31,0x36,0x38,
    0x66,0x29,0x29,0x3b,0x0a,0x7d,0x0a,0x0a,0x66,0x6e,0x20,0x6d,0x61,0x69,0x6e,0x5f,
    0x31,0x28,0x29,0x20,0x7b,0x0a,0x20,0x20,0x76,0x61,0x72,0x20,0x70,0x61,0x72,0x61,
    0x6d,0x20,0x3a,0x20,0x76,0x65,0x63,0x33,0x66,0x3b,0x0a,0x20,0x20,0x76,0x61,0x72,
    0x20,0x70,0x61,0x72,0x61,0x6d,0x5f,0x31,0x20,0x3a,0x20,0x76,0x65,0x63,0x33,0x66,
    0x3b,0x0a,0x20,0x20,0x76,0x61,0x72,0x20,0x70,0x61,0x72,0x61,0x6d,0x5f,0x32,0x20,
    0x3a,0x20,0x76,0x65,0x63,0x33,0x66,0x3b,0x0a,0x20,0x20,0x76,0x61,0x72,0x20,0x70,
    0x61,0x72,0x61,0x6d,0x5f,0x33,0x20,0x3a,0x20,0x76,0x65,0x63,0x33,0x66,0x3b,0x0a,
    0x20,0x20,0x76,0x61,0x72,0x20,0x70,0x61,0x72,0x61,0x6d,0x5f,0x34,0x20,0x3a,0x20,
    0x76,0x65,0x63,0x33,0x66,0x3b,0x0a,0x20,0x20,0x6c,0x65,0x74,0x20,0x78,0x5f,0x34,
    0x39,0x20,0x3d,0x20,0x6d,0x61,0x78,0x28,0x76,0x65,0x63,0x32,0x66,0x28,0x76,0x65,
    0x63,0x32,0x69,0x28,0x74,0x65,0x78,0x74,0x75,0x72,0x65,0x44,0x69,0x6d,0x65,0x6e,
    0x73,0x69,0x6f,0x6e,0x73,0x28,0x73,0x72,0x63,0x54,0x65,0x78,0x2c,0x20,0x30,0x69,
    0x29,0x29,0x29,0x2c,0x20,0x76,0x65,0x63,0x32,0x66,0x28,0x31,0x2e,0x30,0x66,0x29,
    0x29,0x3b,0x0a,0x20,0x20,0x6c,0x65,0x74,0x20,0x78,0x5f,0x36,0x39,0x20,0x3d,0x20,
    0x74,0x65,0x78,0x74,0x75,0x72,0x65,0x53,0x61,0x6d,0x70,0x6c,0x65,0x4c,0x65,0x76,
    0x65,0x6c,0x28,0x73,0x72,0x63,0x54,0x65,0x78,0x2c,0x20,0x73,0x72,0x63,0x53,0x6d,
    0x70,0x2c,0x20,0x28,0x75,0x76,0x20,0x2b,0x20,0x28,0x76,0x65,0x63,0x32,0x66,0x28,
    0x2d,0x30,0x2e,0x35,0x66,0x29,0x20,0x2f,0x20,0x78,0x5f,0x34,0x39,0x29,0x29,0x2c,
    0x20,0x30,0x2e,0x30,0x66,0x29,0x3b,0x0a,0x20,0x20,0x6c,0x65,0x74,0x20,0x78,0x5f,
    0x38,0x30,0x20,0x3d,0x20,0x74,0x65,0x78,0x74,0x75,0x72,0x65,0x53,0x61,0x6d,0x70,
    0x6c,0x65,0x4c,0x65,0x76,0x65,0x6c,0x28,0x73,0x72,0x63,0x54,0x65,0x78,0x2c,0x20,
    0x73,0x72,0x63,0x53,0x6d,0x70,0x2c,0x20,0x28,0x75,0x76,0x20,0x2b,0x20,0x28,0x76,
    0x65,0x63,0x32,0x66,0x28,0x30,0x2e,0x35,0x66,0x2c,0x20,0x2d,0x30,0x2e,0x35,0x66,
    0x29,0x20,0x2f,0x20,0x78,0x5f,0x34,0x39,0x29,0x29,0x2c,0x20,0x30,0x2e,0x30,0x66,
    0x29,0x3b,0x0a,0x20,0x20,0x6c,0x65,0x74,0x20,0x78,0x5f,0x39,0x30,0x20,0x3d,0x20,
    0x74,0x65,0x78,0x74,0x75,0x72,0x65,0x53,0x61,0x6d,0x70,0x6c,0x65,0x4c,0x65,0x76,
    0x65,0x6c,0x28,0x73,0x72,0x63,0x54,0x65,0x78,0x2c,0x20,0x73,0x72,0x63,0x53,0x6d,
    0x70,0x2c,0x20,0x28,0x75,0x76,0x20,0x2b,0x20,0x28,0x76,0x65,0x63,0x32,0x66,0x28,
    0x2d,0x30,0x2e,0x35,0x66,0x2c,0x20,0x30,0x2e,0x35,0x66,0x29,0x20,0x2f,0x20,0x78,
    0x5f,0x34,0x39,0x29,0x29,0x2c,0x20,0x30,0x2e,0x30,0x66,0x29,0x3b,0x0a,0x20,0x20,
    0x6c,0x65,0x74,0x20,0x78,0x5f,0x31,0x30,0x30,0x20,0x3d,0x20,0x74,0x65,0x78,0x74,
    0x75,0x72,0x65,0x53,0x61,0x6d,0x70,0x6c,0x65,0x4c,0x65,0x76,0x65,0x6c,0x28,0x73,
    0x72,0x63,0x54,0x65,0x78,0x2c,0x20,0x73,0x72,0x63,0x53,0x6d,0x70,0x2c,0x20,0x28,
    0x75,0x76,0x20,0x2b,0x20,0x28,0x76,0x65,0x63,0x32,0x66,0x28,0x30,0x2e,0x35,0x66,
    0x29,0x20,0x2f,0x20,0x78,0x5f,0x34,0x39,0x29,0x29,0x2c,0x20,0x30,0x2e,0x30,0x66,
    0x29,0x3b,0x0a,0x20,0x20,0x70,0x61,0x72,0x61,0x6d,0x20,0x3d,0x20,0x78,0x5f,0x36,
    0x39,0x2e,0x78,0x79,0x7a,0x3b,0x0a,0x20,0x20,0x6c,0x65,0x74,0x20,0x78,0x5f,0x31,
    0x30,0x35,0x20,0x3d,0x20,0x73,0x72,0x67,0x62,0x5f,0x74,0x6f,0x5f,0x6c,0x69,0x6e,
    0x65,0x61,0x72,0x5f,0x76,0x66,0x33,0x5f,0x28,0x26,0x28,0x70,0x61,0x72,0x61,0x6d,
    0x29,0x29,0x3b,0x0a,0x20,0x20,0x70,0x61,0x72,0x61,0x6d,0x5f,0x31,0x20,0x3d,0x20,
    0x78,0x5f,0x38,0x30,0x2e,0x78,0x79,0x7a,0x3b,0x0a,0x20,0x20,0x6c,0x65,0x74,0x20,
    0x78,0x5f,0x31,0x30,0x39,0x20,0x3d,0x20,0x73,0x72,0x67,0x62,0x5f,0x74,0x6f,0x5f,
    0x6c,0x69,0x6e,0x65,0x61,0x72,0x5f,0x76,0x66,0x33,0x5f,0x28,0x26,0x28,0x70,0x61,
    0x72,0x61,0x6d,0x5f,0x31,0x29,0x29,0x3b,0x0a,0x20,0x20,0x70,0x61,0x72,0x61,0x6d,
    0x5f,0x32,0x20,0x3d,0x20,0x78,0x5f,0x39,0x30,0x2e,0x78,0x79,0x7a,0x3b,0x0a,0x20,
    0x20,0x6c,0x65,0x74,0x20,0x78,0x5f,0x31,0x31,0x34,0x20,0x3d,0x20,0x73,0x72,0x67,
    0x62,0x5f,0x74,0x6f,0x5f,0x6c,0x69,0x6e,0x65,0x61,0x72,0x5f,0x76,0x66,0x33,0x5f,
    0x28,0x26,0x28,0x70,0x61,0x72,0x61,0x6d,0x5f,0x32,0x29,0x29,0x3b,0x0a,0x20,0x20,
    0x70,0x61,0x72,0x61,0x6d,0x5f,0x33,0x20,0x3d,0x20,0x78,0x5f,0x31,0x30,0x30,0x2e,
    0x78,0x79,0x7a,0x3b,0x0a,0x20,0x20,0x6c,0x65,0x74,0x20,0x78,0x5f,0x31,0x31,0x39,
    0x20,0x3d,0x20,0x73,0x72,0x67,0x62,0x5f,0x74,0x6f,0x5f,0x6c,0x69,0x6e,0x65,0x61,
    0x72,0x5f,0x76,0x66,0x33,0x5f,0x28,0x26,0x28,0x70,0x61,0x72,0x61,0x6d,0x5f,0x33,
    0x29,0x29,0x3b,0x0a,0x20,0x20,0x70,0x61,0x72,0x61,0x6d,0x5f,0x34,0x20,0x3d,0x20,
    0x28,0x28,0x28,0x28,0x78,0x5f,0x31,0x30,0x35,0x20,0x2b,0x20,0x78,0x5f,0x31,0x30,
    0x39,0x29,0x20,0x2b,0x20,0x78,0x5f,0x31,0x31,0x34,0x29,0x20,0x2b,0x20,0x78,0x5f,
    0x31,0x31,0x39,0x29,0x20,0x2a,0x20,0x30,0x2e,0x32,0x35,0x66,0x29,0x3b,0x0a,0x20,
    0x20,0x6c,0x65,0x74,0x20,0x78,0x5f,0x31,0x34,0x33,0x20,0x3d,0x20,0x6c,0x69,0x6e,
    0x65,0x61,0x72,0x5f,0x74,0x6f,0x5f,0x73,0x72,0x67,0x62,0x5f,0x76,0x66,0x33,0x5f,
    0x28,0x26,0x28,0x70,0x61,0x72,0x61,0x6d,0x5f,0x34,0x29,0x29,0x3b,0x0a,0x20,0x20,
    0x66,0x72,0x61,0x67,0x5f,0x63,0x6f,0x6c,0x6f,0x72,0x20,0x3d,0x20,0x76,0x65,0x63,
    0x34,0x66,0x28,0x78,0x5f,0x31,0x34,0x33,0x2e,0x78,0x2c,0x20,0x78,0x5f,0x31,0x34,
    0x33,0x2e,0x79,0x2c,0x20,0x78,0x5f,0x31,0x34,0x33,0x2e,0x7a,0x2c,0x20,0x28,0x28,
    0x28,0x28,0x78,0x5f,0x36,0x39,0x2e,0x77,0x20,0x2b,0x20,0x78,0x5f,0x38,0x30,0x2e,
    0x77,0x29,0x20,0x2b,0x20,0x78,0x5f,0x39,0x30,0x2e,0x77,0x29,0x20,0x2b,0x20,0x78,
    0x5f,0x31,0x30,0x30,0x2e,0x77,0x29,0x20,0x2a,0x20,0x30,0x2e,0x32,0x35,0x66,0x29,
    0x29,0x3b,0x0a,0x20,0x20,0x72,0x65,0x74,0x75,0x72,0x6e,0x3b,0x0a,0x7d,0x0a,0x0a,
    0x73,0x74,0x72,0x75,0x63,0x74,0x20,0x6d,0x61,0x69,0x6e,0x5f,0x6f,0x75,0x74,0x20,
    0x7b,0x0a,0x20,0x20,0x40,0x6c,0x6f,0x63,0x61,0x74,0x69,0x6f,0x6e,0x28,0x30,0x29,
    0x0a,0x20,0x20,0x66,0x72,0x61,0x67,0x5f,0x63,0x6f,0x6c,0x6f,0x72,0x5f,0x31,0x20,
    0x3a,0x20,0x76,0x65,0x63,0x34,0x66,0x2c,0x0a,0x7d,0x0a,0x0a,0x40,0x66,0x72,0x61,
    0x67,0x6d,0x65,0x6e,0x74,0x0a,0x66,0x6e,0x20,0x6d,0x61,0x69,0x6e,0x28,0x40,0x6c,
    0x6f,0x63,0x61,0x74,0x69,0x6f,0x6e,0x28,0x30,0x29,0x20,0x75,0x76,0x5f,0x70,0x61,
    0x72,0x61,0x6d,0x20,0x3a,0x20,0x76,0x65,0x63,0x32,0x66,0x29,0x20,0x2d,0x3e,0x20,
    0x6d,0x61,0x69,0x6e,0x5f,0x6f,0x75,0x74,0x20,0x7b,0x0a,0x20,0x20,0x75,0x76,0x20,
    0x3d,0x20,0x75,0x76,0x5f,0x70,0x61,0x72,0x61,0x6d,0x3b,0x0a,0x20,0x20,0x6d,0x61,
    0x69,0x6e,0x5f,0x31,0x28,0x29,0x3b,0x0a,0x20,0x20,0x72,0x65,0x74,0x75,0x72,0x6e,
    0x20,0x6d,0x61,0x69,0x6e,0x5f,0x6f,0x75,0x74,0x28,0x66,0x72,0x61,0x67,0x5f,0x63,
    0x6f,0x6c,0x6f,0x72,0x29,0x3b,0x0a,0x7d,0x0a,0x00,
};
#endif
/*
    diagnostic(off, derivative_uniformity);

    var<private> frag_color : vec4f;

    @binding(0) @group(1) var srcTex : texture_2d<f32>;

    @binding(32) @group(1) var srcSmp : sampler;

    var<private> uv : vec2f;

    fn main_1() {
      frag_color = textureSampleLevel(srcTex, srcSmp, uv, 0.0f);
      return;
    }

    struct main_out {
      @location(0)
      frag_color_1 : vec4f,
    }

    @fragment
    fn main(@location(0) uv_param : vec2f) -> main_out {
      uv = uv_param;
      main_1();
      return main_out(frag_color);
    }
*/
#if defined(SOKOL_WGPU)
static const uint8_t tc_fbomip_blit_fs_source_wgsl[474] = {
    0x64,0x69,0x61,0x67,0x6e,0x6f,0x73,0x74,0x69,0x63,0x28,0x6f,0x66,0x66,0x2c,0x20,
    0x64,0x65,0x72,0x69,0x76,0x61,0x74,0x69,0x76,0x65,0x5f,0x75,0x6e,0x69,0x66,0x6f,
    0x72,0x6d,0x69,0x74,0x79,0x29,0x3b,0x0a,0x0a,0x76,0x61,0x72,0x3c,0x70,0x72,0x69,
    0x76,0x61,0x74,0x65,0x3e,0x20,0x66,0x72,0x61,0x67,0x5f,0x63,0x6f,0x6c,0x6f,0x72,
    0x20,0x3a,0x20,0x76,0x65,0x63,0x34,0x66,0x3b,0x0a,0x0a,0x40,0x62,0x69,0x6e,0x64,
    0x69,0x6e,0x67,0x28,0x30,0x29,0x20,0x40,0x67,0x72,0x6f,0x75,0x70,0x28,0x31,0x29,
    0x20,0x76,0x61,0x72,0x20,0x73,0x72,0x63,0x54,0x65,0x78,0x20,0x3a,0x20,0x74,0x65,
    0x78,0x74,0x75,0x72,0x65,0x5f,0x32,0x64,0x3c,0x66,0x33,0x32,0x3e,0x3b,0x0a,0x0a,
    0x40,0x62,0x69,0x6e,0x64,0x69,0x6e,0x67,0x28,0x33,0x32,0x29,0x20,0x40,0x67,0x72,
    0x6f,0x75,0x70,0x28,0x31,0x29,0x20,0x76,0x61,0x72,0x20,0x73,0x72,0x63,0x53,0x6d,
    0x70,0x20,0x3a,0x20,0x73,0x61,0x6d,0x70,0x6c,0x65,0x72,0x3b,0x0a,0x0a,0x76,0x61,
    0x72,0x3c,0x70,0x72,0x69,0x76,0x61,0x74,0x65,0x3e,0x20,0x75,0x76,0x20,0x3a,0x20,
    0x76,0x65,0x63,0x32,0x66,0x3b,0x0a,0x0a,0x66,0x6e,0x20,0x6d,0x61,0x69,0x6e,0x5f,
    0x31,0x28,0x29,0x20,0x7b,0x0a,0x20,0x20,0x66,0x72,0x61,0x67,0x5f,0x63,0x6f,0x6c,
    0x6f,0x72,0x20,0x3d,0x20,0x74,0x65,0x78,0x74,0x75,0x72,0x65,0x53,0x61,0x6d,0x70,
    0x6c,0x65,0x4c,0x65,0x76,0x65,0x6c,0x28,0x73,0x72,0x63,0x54,0x65,0x78,0x2c,0x20,
    0x73,0x72,0x63,0x53,0x6d,0x70,0x2c,0x20,0x75,0x76,0x2c,0x20,0x30,0x2e,0x30,0x66,
    0x29,0x3b,0x0a,0x20,0x20,0x72,0x65,0x74,0x75,0x72,0x6e,0x3b,0x0a,0x7d,0x0a,0x0a,
    0x73,0x74,0x72,0x75,0x63,0x74,0x20,0x6d,0x61,0x69,0x6e,0x5f,0x6f,0x75,0x74,0x20,
    0x7b,0x0a,0x20,0x20,0x40,0x6c,0x6f,0x63,0x61,0x74,0x69,0x6f,0x6e,0x28,0x30,0x29,
    0x0a,0x20,0x20,0x66,0x72,0x61,0x67,0x5f,0x63,0x6f,0x6c,0x6f,0x72,0x5f,0x31,0x20,
    0x3a,0x20,0x76,0x65,0x63,0x34,0x66,0x2c,0x0a,0x7d,0x0a,0x0a,0x40,0x66,0x72,0x61,
    0x67,0x6d,0x65,0x6e,0x74,0x0a,0x66,0x6e,0x20,0x6d,0x61,0x69,0x6e,0x28,0x40,0x6c,
    0x6f,0x63,0x61,0x74,0x69,0x6f,0x6e,0x28,0x30,0x29,0x20,0x75,0x76,0x5f,0x70,0x61,
    0x72,0x61,0x6d,0x20,0x3a,0x20,0x76,0x65,0x63,0x32,0x66,0x29,0x20,0x2d,0x3e,0x20,
    0x6d,0x61,0x69,0x6e,0x5f,0x6f,0x75,0x74,0x20,0x7b,0x0a,0x20,0x20,0x75,0x76,0x20,
    0x3d,0x20,0x75,0x76,0x5f,0x70,0x61,0x72,0x61,0x6d,0x3b,0x0a,0x20,0x20,0x6d,0x61,
    0x69,0x6e,0x5f,0x31,0x28,0x29,0x3b,0x0a,0x20,0x20,0x72,0x65,0x74,0x75,0x72,0x6e,
    0x20,0x6d,0x61,0x69,0x6e,0x5f,0x6f,0x75,0x74,0x28,0x66,0x72,0x61,0x67,0x5f,0x63,
    0x6f,0x6c,0x6f,0x72,0x29,0x3b,0x0a,0x7d,0x0a,0x00,
};
#endif
static inline const sg_shader_desc* tc_fbomip_blit_shader_desc(sg_backend backend) {
    #if defined(SOKOL_GLCORE)
    if (backend == SG_BACKEND_GLCORE) {
        static sg_shader_desc desc;
        static bool valid;
        if (!valid) {
            valid = true;
            desc.vertex_func.source = (const char*)tc_fbomip_vs_source_glsl430;
            desc.vertex_func.entry = "main";
            desc.fragment_func.source = (const char*)tc_fbomip_blit_fs_source_glsl430;
            desc.fragment_func.entry = "main";
            desc.attrs[0].base_type = SG_SHADERATTRBASETYPE_FLOAT;
            desc.attrs[0].glsl_name = "position";
            desc.attrs[1].base_type = SG_SHADERATTRBASETYPE_FLOAT;
            desc.attrs[1].glsl_name = "texcoord0";
            desc.views[0].texture.stage = SG_SHADERSTAGE_FRAGMENT;
            desc.views[0].texture.image_type = SG_IMAGETYPE_2D;
            desc.views[0].texture.sample_type = SG_IMAGESAMPLETYPE_FLOAT;
            desc.views[0].texture.multisampled = false;
            desc.samplers[0].stage = SG_SHADERSTAGE_FRAGMENT;
            desc.samplers[0].sampler_type = SG_SAMPLERTYPE_FILTERING;
            desc.texture_sampler_pairs[0].stage = SG_SHADERSTAGE_FRAGMENT;
            desc.texture_sampler_pairs[0].view_slot = 0;
            desc.texture_sampler_pairs[0].sampler_slot = 0;
            desc.texture_sampler_pairs[0].glsl_name = "srcTex_srcSmp";
            desc.label = "tc_fbomip_blit_shader";
        }
        return &desc;
    }
    #endif /* SOKOL_GLCORE */
    #if defined(SOKOL_GLES3)
    if (backend == SG_BACKEND_GLES3) {
        static sg_shader_desc desc;
        static bool valid;
        if (!valid) {
            valid = true;
            desc.vertex_func.source = (const char*)tc_fbomip_vs_source_glsl300es;
            desc.vertex_func.entry = "main";
            desc.fragment_func.source = (const char*)tc_fbomip_blit_fs_source_glsl300es;
            desc.fragment_func.entry = "main";
            desc.attrs[0].base_type = SG_SHADERATTRBASETYPE_FLOAT;
            desc.attrs[0].glsl_name = "position";
            desc.attrs[1].base_type = SG_SHADERATTRBASETYPE_FLOAT;
            desc.attrs[1].glsl_name = "texcoord0";
            desc.views[0].texture.stage = SG_SHADERSTAGE_FRAGMENT;
            desc.views[0].texture.image_type = SG_IMAGETYPE_2D;
            desc.views[0].texture.sample_type = SG_IMAGESAMPLETYPE_FLOAT;
            desc.views[0].texture.multisampled = false;
            desc.samplers[0].stage = SG_SHADERSTAGE_FRAGMENT;
            desc.samplers[0].sampler_type = SG_SAMPLERTYPE_FILTERING;
            desc.texture_sampler_pairs[0].stage = SG_SHADERSTAGE_FRAGMENT;
            desc.texture_sampler_pairs[0].view_slot = 0;
            desc.texture_sampler_pairs[0].sampler_slot = 0;
            desc.texture_sampler_pairs[0].glsl_name = "srcTex_srcSmp";
            desc.label = "tc_fbomip_blit_shader";
        }
        return &desc;
    }
    #endif /* SOKOL_GLES3 */
    #if defined(SOKOL_D3D11)
    if (backend == SG_BACKEND_D3D11) {
        static sg_shader_desc desc;
        static bool valid;
        if (!valid) {
            valid = true;
            desc.vertex_func.source = (const char*)tc_fbomip_vs_source_hlsl5;
            desc.vertex_func.d3d11_target = "vs_5_0";
            desc.vertex_func.entry = "main";
            desc.fragment_func.source = (const char*)tc_fbomip_blit_fs_source_hlsl5;
            desc.fragment_func.d3d11_target = "ps_5_0";
            desc.fragment_func.entry = "main";
            desc.attrs[0].base_type = SG_SHADERATTRBASETYPE_FLOAT;
            desc.attrs[0].hlsl_sem_name = "TEXCOORD";
            desc.attrs[0].hlsl_sem_index = 0;
            desc.attrs[1].base_type = SG_SHADERATTRBASETYPE_FLOAT;
            desc.attrs[1].hlsl_sem_name = "TEXCOORD";
            desc.attrs[1].hlsl_sem_index = 1;
            desc.views[0].texture.stage = SG_SHADERSTAGE_FRAGMENT;
            desc.views[0].texture.image_type = SG_IMAGETYPE_2D;
            desc.views[0].texture.sample_type = SG_IMAGESAMPLETYPE_FLOAT;
            desc.views[0].texture.multisampled = false;
            desc.views[0].texture.hlsl_register_t_n = 0;
            desc.samplers[0].stage = SG_SHADERSTAGE_FRAGMENT;
            desc.samplers[0].sampler_type = SG_SAMPLERTYPE_FILTERING;
            desc.samplers[0].hlsl_register_s_n = 0;
            desc.texture_sampler_pairs[0].stage = SG_SHADERSTAGE_FRAGMENT;
            desc.texture_sampler_pairs[0].view_slot = 0;
            desc.texture_sampler_pairs[0].sampler_slot = 0;
            desc.label = "tc_fbomip_blit_shader";
        }
        return &desc;
    }
    #endif /* SOKOL_D3D11 */
    #if defined(SOKOL_METAL)
    if (backend == SG_BACKEND_METAL_MACOS) {
        static sg_shader_desc desc;
        static bool valid;
        if (!valid) {
            valid = true;
            desc.vertex_func.source = (const char*)tc_fbomip_vs_source_metal_macos;
            desc.vertex_func.entry = "main0";
            desc.fragment_func.source = (const char*)tc_fbomip_blit_fs_source_metal_macos;
            desc.fragment_func.entry = "main0";
            desc.attrs[0].base_type = SG_SHADERATTRBASETYPE_FLOAT;
            desc.attrs[1].base_type = SG_SHADERATTRBASETYPE_FLOAT;
            desc.views[0].texture.stage = SG_SHADERSTAGE_FRAGMENT;
            desc.views[0].texture.image_type = SG_IMAGETYPE_2D;
            desc.views[0].texture.sample_type = SG_IMAGESAMPLETYPE_FLOAT;
            desc.views[0].texture.multisampled = false;
            desc.views[0].texture.msl_texture_n = 0;
            desc.samplers[0].stage = SG_SHADERSTAGE_FRAGMENT;
            desc.samplers[0].sampler_type = SG_SAMPLERTYPE_FILTERING;
            desc.samplers[0].msl_sampler_n = 0;
            desc.texture_sampler_pairs[0].stage = SG_SHADERSTAGE_FRAGMENT;
            desc.texture_sampler_pairs[0].view_slot = 0;
            desc.texture_sampler_pairs[0].sampler_slot = 0;
            desc.label = "tc_fbomip_blit_shader";
        }
        return &desc;
    }
    #endif /* SOKOL_METAL */
    #if defined(SOKOL_METAL)
    if (backend == SG_BACKEND_METAL_IOS) {
        static sg_shader_desc desc;
        static bool valid;
        if (!valid) {
            valid = true;
            desc.vertex_func.source = (const char*)tc_fbomip_vs_source_metal_ios;
            desc.vertex_func.entry = "main0";
            desc.fragment_func.source = (const char*)tc_fbomip_blit_fs_source_metal_ios;
            desc.fragment_func.entry = "main0";
            desc.attrs[0].base_type = SG_SHADERATTRBASETYPE_FLOAT;
            desc.attrs[1].base_type = SG_SHADERATTRBASETYPE_FLOAT;
            desc.views[0].texture.stage = SG_SHADERSTAGE_FRAGMENT;
            desc.views[0].texture.image_type = SG_IMAGETYPE_2D;
            desc.views[0].texture.sample_type = SG_IMAGESAMPLETYPE_FLOAT;
            desc.views[0].texture.multisampled = false;
            desc.views[0].texture.msl_texture_n = 0;
            desc.samplers[0].stage = SG_SHADERSTAGE_FRAGMENT;
            desc.samplers[0].sampler_type = SG_SAMPLERTYPE_FILTERING;
            desc.samplers[0].msl_sampler_n = 0;
            desc.texture_sampler_pairs[0].stage = SG_SHADERSTAGE_FRAGMENT;
            desc.texture_sampler_pairs[0].view_slot = 0;
            desc.texture_sampler_pairs[0].sampler_slot = 0;
            desc.label = "tc_fbomip_blit_shader";
        }
        return &desc;
    }
    #endif /* SOKOL_METAL */
    #if defined(SOKOL_METAL)
    if (backend == SG_BACKEND_METAL_SIMULATOR) {
        static sg_shader_desc desc;
        static bool valid;
        if (!valid) {
            valid = true;
            desc.vertex_func.source = (const char*)tc_fbomip_vs_source_metal_sim;
            desc.vertex_func.entry = "main0";
            desc.fragment_func.source = (const char*)tc_fbomip_blit_fs_source_metal_sim;
            desc.fragment_func.entry = "main0";
            desc.attrs[0].base_type = SG_SHADERATTRBASETYPE_FLOAT;
            desc.attrs[1].base_type = SG_SHADERATTRBASETYPE_FLOAT;
            desc.views[0].texture.stage = SG_SHADERSTAGE_FRAGMENT;
            desc.views[0].texture.image_type = SG_IMAGETYPE_2D;
            desc.views[0].texture.sample_type = SG_IMAGESAMPLETYPE_FLOAT;
            desc.views[0].texture.multisampled = false;
            desc.views[0].texture.msl_texture_n = 0;
            desc.samplers[0].stage = SG_SHADERSTAGE_FRAGMENT;
            desc.samplers[0].sampler_type = SG_SAMPLERTYPE_FILTERING;
            desc.samplers[0].msl_sampler_n = 0;
            desc.texture_sampler_pairs[0].stage = SG_SHADERSTAGE_FRAGMENT;
            desc.texture_sampler_pairs[0].view_slot = 0;
            desc.texture_sampler_pairs[0].sampler_slot = 0;
            desc.label = "tc_fbomip_blit_shader";
        }
        return &desc;
    }
    #endif /* SOKOL_METAL */
    #if defined(SOKOL_WGPU)
    if (backend == SG_BACKEND_WGPU) {
        static sg_shader_desc desc;
        static bool valid;
        if (!valid) {
            valid = true;
            desc.vertex_func.source = (const char*)tc_fbomip_vs_source_wgsl;
            desc.vertex_func.entry = "main";
            desc.fragment_func.source = (const char*)tc_fbomip_blit_fs_source_wgsl;
            desc.fragment_func.entry = "main";
            desc.attrs[0].base_type = SG_SHADERATTRBASETYPE_FLOAT;
            desc.attrs[1].base_type = SG_SHADERATTRBASETYPE_FLOAT;
            desc.views[0].texture.stage = SG_SHADERSTAGE_FRAGMENT;
            desc.views[0].texture.image_type = SG_IMAGETYPE_2D;
            desc.views[0].texture.sample_type = SG_IMAGESAMPLETYPE_FLOAT;
            desc.views[0].texture.multisampled = false;
            desc.views[0].texture.wgsl_group1_binding_n = 0;
            desc.samplers[0].stage = SG_SHADERSTAGE_FRAGMENT;
            desc.samplers[0].sampler_type = SG_SAMPLERTYPE_FILTERING;
            desc.samplers[0].wgsl_group1_binding_n = 32;
            desc.texture_sampler_pairs[0].stage = SG_SHADERSTAGE_FRAGMENT;
            desc.texture_sampler_pairs[0].view_slot = 0;
            desc.texture_sampler_pairs[0].sampler_slot = 0;
            desc.label = "tc_fbomip_blit_shader";
        }
        return &desc;
    }
    #endif /* SOKOL_WGPU */
    return 0;
}
static inline const sg_shader_desc* tc_fbomip_downsample_shader_desc(sg_backend backend) {
    #if defined(SOKOL_GLCORE)
    if (backend == SG_BACKEND_GLCORE) {
        static sg_shader_desc desc;
        static bool valid;
        if (!valid) {
            valid = true;
            desc.vertex_func.source = (const char*)tc_fbomip_vs_source_glsl430;
            desc.vertex_func.entry = "main";
            desc.fragment_func.source = (const char*)tc_fbomip_fs_source_glsl430;
            desc.fragment_func.entry = "main";
            desc.attrs[0].base_type = SG_SHADERATTRBASETYPE_FLOAT;
            desc.attrs[0].glsl_name = "position";
            desc.attrs[1].base_type = SG_SHADERATTRBASETYPE_FLOAT;
            desc.attrs[1].glsl_name = "texcoord0";
            desc.views[0].texture.stage = SG_SHADERSTAGE_FRAGMENT;
            desc.views[0].texture.image_type = SG_IMAGETYPE_2D;
            desc.views[0].texture.sample_type = SG_IMAGESAMPLETYPE_FLOAT;
            desc.views[0].texture.multisampled = false;
            desc.samplers[0].stage = SG_SHADERSTAGE_FRAGMENT;
            desc.samplers[0].sampler_type = SG_SAMPLERTYPE_FILTERING;
            desc.texture_sampler_pairs[0].stage = SG_SHADERSTAGE_FRAGMENT;
            desc.texture_sampler_pairs[0].view_slot = 0;
            desc.texture_sampler_pairs[0].sampler_slot = 0;
            desc.texture_sampler_pairs[0].glsl_name = "srcTex_srcSmp";
            desc.label = "tc_fbomip_downsample_shader";
        }
        return &desc;
    }
    #endif /* SOKOL_GLCORE */
    #if defined(SOKOL_GLES3)
    if (backend == SG_BACKEND_GLES3) {
        static sg_shader_desc desc;
        static bool valid;
        if (!valid) {
            valid = true;
            desc.vertex_func.source = (const char*)tc_fbomip_vs_source_glsl300es;
            desc.vertex_func.entry = "main";
            desc.fragment_func.source = (const char*)tc_fbomip_fs_source_glsl300es;
            desc.fragment_func.entry = "main";
            desc.attrs[0].base_type = SG_SHADERATTRBASETYPE_FLOAT;
            desc.attrs[0].glsl_name = "position";
            desc.attrs[1].base_type = SG_SHADERATTRBASETYPE_FLOAT;
            desc.attrs[1].glsl_name = "texcoord0";
            desc.views[0].texture.stage = SG_SHADERSTAGE_FRAGMENT;
            desc.views[0].texture.image_type = SG_IMAGETYPE_2D;
            desc.views[0].texture.sample_type = SG_IMAGESAMPLETYPE_FLOAT;
            desc.views[0].texture.multisampled = false;
            desc.samplers[0].stage = SG_SHADERSTAGE_FRAGMENT;
            desc.samplers[0].sampler_type = SG_SAMPLERTYPE_FILTERING;
            desc.texture_sampler_pairs[0].stage = SG_SHADERSTAGE_FRAGMENT;
            desc.texture_sampler_pairs[0].view_slot = 0;
            desc.texture_sampler_pairs[0].sampler_slot = 0;
            desc.texture_sampler_pairs[0].glsl_name = "srcTex_srcSmp";
            desc.label = "tc_fbomip_downsample_shader";
        }
        return &desc;
    }
    #endif /* SOKOL_GLES3 */
    #if defined(SOKOL_D3D11)
    if (backend == SG_BACKEND_D3D11) {
        static sg_shader_desc desc;
        static bool valid;
        if (!valid) {
            valid = true;
            desc.vertex_func.source = (const char*)tc_fbomip_vs_source_hlsl5;
            desc.vertex_func.d3d11_target = "vs_5_0";
            desc.vertex_func.entry = "main";
            desc.fragment_func.source = (const char*)tc_fbomip_fs_source_hlsl5;
            desc.fragment_func.d3d11_target = "ps_5_0";
            desc.fragment_func.entry = "main";
            desc.attrs[0].base_type = SG_SHADERATTRBASETYPE_FLOAT;
            desc.attrs[0].hlsl_sem_name = "TEXCOORD";
            desc.attrs[0].hlsl_sem_index = 0;
            desc.attrs[1].base_type = SG_SHADERATTRBASETYPE_FLOAT;
            desc.attrs[1].hlsl_sem_name = "TEXCOORD";
            desc.attrs[1].hlsl_sem_index = 1;
            desc.views[0].texture.stage = SG_SHADERSTAGE_FRAGMENT;
            desc.views[0].texture.image_type = SG_IMAGETYPE_2D;
            desc.views[0].texture.sample_type = SG_IMAGESAMPLETYPE_FLOAT;
            desc.views[0].texture.multisampled = false;
            desc.views[0].texture.hlsl_register_t_n = 0;
            desc.samplers[0].stage = SG_SHADERSTAGE_FRAGMENT;
            desc.samplers[0].sampler_type = SG_SAMPLERTYPE_FILTERING;
            desc.samplers[0].hlsl_register_s_n = 0;
            desc.texture_sampler_pairs[0].stage = SG_SHADERSTAGE_FRAGMENT;
            desc.texture_sampler_pairs[0].view_slot = 0;
            desc.texture_sampler_pairs[0].sampler_slot = 0;
            desc.label = "tc_fbomip_downsample_shader";
        }
        return &desc;
    }
    #endif /* SOKOL_D3D11 */
    #if defined(SOKOL_METAL)
    if (backend == SG_BACKEND_METAL_MACOS) {
        static sg_shader_desc desc;
        static bool valid;
        if (!valid) {
            valid = true;
            desc.vertex_func.source = (const char*)tc_fbomip_vs_source_metal_macos;
            desc.vertex_func.entry = "main0";
            desc.fragment_func.source = (const char*)tc_fbomip_fs_source_metal_macos;
            desc.fragment_func.entry = "main0";
            desc.attrs[0].base_type = SG_SHADERATTRBASETYPE_FLOAT;
            desc.attrs[1].base_type = SG_SHADERATTRBASETYPE_FLOAT;
            desc.views[0].texture.stage = SG_SHADERSTAGE_FRAGMENT;
            desc.views[0].texture.image_type = SG_IMAGETYPE_2D;
            desc.views[0].texture.sample_type = SG_IMAGESAMPLETYPE_FLOAT;
            desc.views[0].texture.multisampled = false;
            desc.views[0].texture.msl_texture_n = 0;
            desc.samplers[0].stage = SG_SHADERSTAGE_FRAGMENT;
            desc.samplers[0].sampler_type = SG_SAMPLERTYPE_FILTERING;
            desc.samplers[0].msl_sampler_n = 0;
            desc.texture_sampler_pairs[0].stage = SG_SHADERSTAGE_FRAGMENT;
            desc.texture_sampler_pairs[0].view_slot = 0;
            desc.texture_sampler_pairs[0].sampler_slot = 0;
            desc.label = "tc_fbomip_downsample_shader";
        }
        return &desc;
    }
    #endif /* SOKOL_METAL */
    #if defined(SOKOL_METAL)
    if (backend == SG_BACKEND_METAL_IOS) {
        static sg_shader_desc desc;
        static bool valid;
        if (!valid) {
            valid = true;
            desc.vertex_func.source = (const char*)tc_fbomip_vs_source_metal_ios;
            desc.vertex_func.entry = "main0";
            desc.fragment_func.source = (const char*)tc_fbomip_fs_source_metal_ios;
            desc.fragment_func.entry = "main0";
            desc.attrs[0].base_type = SG_SHADERATTRBASETYPE_FLOAT;
            desc.attrs[1].base_type = SG_SHADERATTRBASETYPE_FLOAT;
            desc.views[0].texture.stage = SG_SHADERSTAGE_FRAGMENT;
            desc.views[0].texture.image_type = SG_IMAGETYPE_2D;
            desc.views[0].texture.sample_type = SG_IMAGESAMPLETYPE_FLOAT;
            desc.views[0].texture.multisampled = false;
            desc.views[0].texture.msl_texture_n = 0;
            desc.samplers[0].stage = SG_SHADERSTAGE_FRAGMENT;
            desc.samplers[0].sampler_type = SG_SAMPLERTYPE_FILTERING;
            desc.samplers[0].msl_sampler_n = 0;
            desc.texture_sampler_pairs[0].stage = SG_SHADERSTAGE_FRAGMENT;
            desc.texture_sampler_pairs[0].view_slot = 0;
            desc.texture_sampler_pairs[0].sampler_slot = 0;
            desc.label = "tc_fbomip_downsample_shader";
        }
        return &desc;
    }
    #endif /* SOKOL_METAL */
    #if defined(SOKOL_METAL)
    if (backend == SG_BACKEND_METAL_SIMULATOR) {
        static sg_shader_desc desc;
        static bool valid;
        if (!valid) {
            valid = true;
            desc.vertex_func.source = (const char*)tc_fbomip_vs_source_metal_sim;
            desc.vertex_func.entry = "main0";
            desc.fragment_func.source = (const char*)tc_fbomip_fs_source_metal_sim;
            desc.fragment_func.entry = "main0";
            desc.attrs[0].base_type = SG_SHADERATTRBASETYPE_FLOAT;
            desc.attrs[1].base_type = SG_SHADERATTRBASETYPE_FLOAT;
            desc.views[0].texture.stage = SG_SHADERSTAGE_FRAGMENT;
            desc.views[0].texture.image_type = SG_IMAGETYPE_2D;
            desc.views[0].texture.sample_type = SG_IMAGESAMPLETYPE_FLOAT;
            desc.views[0].texture.multisampled = false;
            desc.views[0].texture.msl_texture_n = 0;
            desc.samplers[0].stage = SG_SHADERSTAGE_FRAGMENT;
            desc.samplers[0].sampler_type = SG_SAMPLERTYPE_FILTERING;
            desc.samplers[0].msl_sampler_n = 0;
            desc.texture_sampler_pairs[0].stage = SG_SHADERSTAGE_FRAGMENT;
            desc.texture_sampler_pairs[0].view_slot = 0;
            desc.texture_sampler_pairs[0].sampler_slot = 0;
            desc.label = "tc_fbomip_downsample_shader";
        }
        return &desc;
    }
    #endif /* SOKOL_METAL */
    #if defined(SOKOL_WGPU)
    if (backend == SG_BACKEND_WGPU) {
        static sg_shader_desc desc;
        static bool valid;
        if (!valid) {
            valid = true;
            desc.vertex_func.source = (const char*)tc_fbomip_vs_source_wgsl;
            desc.vertex_func.entry = "main";
            desc.fragment_func.source = (const char*)tc_fbomip_fs_source_wgsl;
            desc.fragment_func.entry = "main";
            desc.attrs[0].base_type = SG_SHADERATTRBASETYPE_FLOAT;
            desc.attrs[1].base_type = SG_SHADERATTRBASETYPE_FLOAT;
            desc.views[0].texture.stage = SG_SHADERSTAGE_FRAGMENT;
            desc.views[0].texture.image_type = SG_IMAGETYPE_2D;
            desc.views[0].texture.sample_type = SG_IMAGESAMPLETYPE_FLOAT;
            desc.views[0].texture.multisampled = false;
            desc.views[0].texture.wgsl_group1_binding_n = 0;
            desc.samplers[0].stage = SG_SHADERSTAGE_FRAGMENT;
            desc.samplers[0].sampler_type = SG_SAMPLERTYPE_FILTERING;
            desc.samplers[0].wgsl_group1_binding_n = 32;
            desc.texture_sampler_pairs[0].stage = SG_SHADERSTAGE_FRAGMENT;
            desc.texture_sampler_pairs[0].view_slot = 0;
            desc.texture_sampler_pairs[0].sampler_slot = 0;
            desc.label = "tc_fbomip_downsample_shader";
        }
        return &desc;
    }
    #endif /* SOKOL_WGPU */
    return 0;
}
