#pragma once
/*
    #version:1# (machine generated, don't edit!)

    Generated by sokol-shdc (https://github.com/floooh/sokol-tools)

    Cmdline:
        sokol-shdc -i C:/Users/Owner/lab/TrussC/core/shaders/pointCloud.glsl -o pointCloud.glsl.h -l metal_macos:metal_ios:metal_sim:hlsl5:glsl430:glsl300es:wgsl --ifdef

    Overview:
    =========
    Shader program: 'point':
        Get shader desc: tc_pointcloud_point_shader_desc(sg_query_backend());
        Vertex Shader: vs
        Fragment Shader: fs
        Attributes:
            ATTR_tc_pointcloud_point_corner => 0
            ATTR_tc_pointcloud_point_inPos => 1
            ATTR_tc_pointcloud_point_inColor => 2
    Shader program: 'point_prim':
        Get shader desc: tc_pointcloud_point_prim_shader_desc(sg_query_backend());
        Vertex Shader: vs_prim
        Fragment Shader: fs_prim
        Attributes:
            ATTR_tc_pointcloud_point_prim_inPos => 0
            ATTR_tc_pointcloud_point_prim_inColor => 1
    Bindings:
        Uniform block 'vs_params':
            C struct: tc_pointcloud_vs_params_t
            Bind slot: UB_tc_pointcloud_vs_params => 0
*/
#if !defined(SOKOL_GFX_INCLUDED)
#error "Please include sokol_gfx.h before pointCloud.glsl.h"
#endif
#if !defined(SOKOL_SHDC_ALIGN)
#if defined(_MSC_VER)
#define SOKOL_SHDC_ALIGN(a) __declspec(align(a))
#else
#define SOKOL_SHDC_ALIGN(a) __attribute__((aligned(a)))
#endif
#endif
#define ATTR_tc_pointcloud_point_corner (0)
#define ATTR_tc_pointcloud_point_inPos (1)
#define ATTR_tc_pointcloud_point_inColor (2)
#define ATTR_tc_pointcloud_point_prim_inPos (0)
#define ATTR_tc_pointcloud_point_prim_inColor (1)
#define UB_tc_pointcloud_vs_params (0)
#pragma pack(push,1)
SOKOL_SHDC_ALIGN(16) typedef struct tc_pointcloud_vs_params_t {
    float viewProj[16];
    float params[4];
    float tint[4];
} tc_pointcloud_vs_params_t;
#pragma pack(pop)
/*
    #version 430

    uniform vec4 vs_params[6];
    layout(location = 1) in vec3 inPos;
    layout(location = 0) in vec2 corner;
    layout(location = 0) out vec4 color;
    layout(location = 2) in vec4 inColor;
    layout(location = 1) out vec2 uv;
    layout(location = 2) out float vRound;

    void main()
    {
        vec4 _28 = mat4(vs_params[0], vs_params[1], vs_params[2], vs_params[3]) * vec4(inPos, 1.0);
        vec2 _41 = corner * vs_params[4].x;
        _41.x = _41.x * vs_params[4].z;
        vec2 _57 = _28.xy + (_41 * _28.w);
        vec4 _91 = _28;
        _91.x = _57.x;
        _91.y = _57.y;
        gl_Position = _91;
        color = inColor * vs_params[5];
        uv = corner;
        vRound = vs_params[4].y;
    }

*/
#if defined(SOKOL_GLCORE)
static const uint8_t tc_pointcloud_vs_source_glsl430[655] = {
    0x23,0x76,0x65,0x72,0x73,0x69,0x6f,0x6e,0x20,0x34,0x33,0x30,0x0a,0x0a,0x75,0x6e,
    0x69,0x66,0x6f,0x72,0x6d,0x20,0x76,0x65,0x63,0x34,0x20,0x76,0x73,0x5f,0x70,0x61,
    0x72,0x61,0x6d,0x73,0x5b,0x36,0x5d,0x3b,0x0a,0x6c,0x61,0x79,0x6f,0x75,0x74,0x28,
    0x6c,0x6f,0x63,0x61,0x74,0x69,0x6f,0x6e,0x20,0x3d,0x20,0x31,0x29,0x20,0x69,0x6e,
    0x20,0x76,0x65,0x63,0x33,0x20,0x69,0x6e,0x50,0x6f,0x73,0x3b,0x0a,0x6c,0x61,0x79,
    0x6f,0x75,0x74,0x28,0x6c,0x6f,0x63,0x61,0x74,0x69,0x6f,0x6e,0x20,0x3d,0x20,0x30,
    0x29,0x20,0x69,0x6e,0x20,0x76,0x65,0x63,0x32,0x20,0x63,0x6f,0x72,0x6e,0x65,0x72,
    0x3b,0x0a,0x6c,0x61,0x79,0x6f,0x75,0x74,0x28,0x6c,0x6f,0x63,0x61,0x74,0x69,0x6f,
    0x6e,0x20,0x3d,0x20,0x30,0x29,0x20,0x6f,0x75,0x74,0x20,0x76,0x65,0x63,0x34,0x20,
    0x63,0x6f,0x6c,0x6f,0x72,0x3b,0x0a,0x6c,0x61,0x79,0x6f,0x75,0x74,0x28,0x6c,0x6f,
    0x63,0x61,0x74,0x69,0x6f,0x6e,0x20,0x3d,0x20,0x32,0x29,0x20,0x69,0x6e,0x20,0x76,
    0x65,0x63,0x34,0x20,0x69,0x6e,0x43,0x6f,0x6c,0x6f,0x72,0x3b,0x0a,0x6c,0x61,0x79,
    0x6f,0x75,0x74,0x28,0x6c,0x6f,0x63,0x61,0x74,0x69,0x6f,0x6e,0x20,0x3d,0x20,0x31,
    0x29,0x20,0x6f,0x75,0x74,0x20,0x76,0x65,0x63,0x32,0x20,0x75,0x76,0x3b,0x0a,0x6c,
    0x61,0x79,0x6f,0x75,0x74,0x28,0x6c,0x6f,0x63,0x61,0x74,0x69,0x6f,0x6e,0x20,0x3d,
    0x20,0x32,0x29,0x20,0x6f,0x75,0x74,0x20,0x66,0x6c,0x6f,0x61,0x74,0x20,0x76,0x52,
    0x6f,0x75,0x6e,0x64,0x3b,0x0a,0x0a,0x76,0x6f,0x69,0x64,0x20,0x6d,0x61,0x69,0x6e,
    0x28,0x29,0x0a,0x7b,0x0a,0x20,0x20,0x20,0x20,0x76,0x65,0x63,0x34,0x20,0x5f,0x32,
    0x38,0x20,0x3d,0x20,0x6d,0x61,0x74,0x34,0x28,0x76,0x73,0x5f,0x70,0x61,0x72,0x61,
    0x6d,0x73,0x5b,0x30,0x5d,0x2c,0x20,0x76,0x73,0x5f,0x70,0x61,0x72,0x61,0x6d,0x73,
    0x5b,0x31,0x5d,0x2c,0x20,0x76,0x73,0x5f,0x70,0x61,0x72,0x61,0x6d,0x73,0x5b,0x32,
    0x5d,0x2c,0x20,0x76,0x73,0x5f,0x70,0x61,0x72,0x61,0x6d,0x73,0x5b,0x33,0x5d,0x29,
    0x20,0x2a,0x20,0x76,0x65,0x63,0x34,0x28,0x69,0x6e,0x50,0x6f,0x73,0x2c,0x20,0x31,
    0x2e,0x30,0x29,0x3b,0x0a,0x20,0x20,0x20,0x20,0x76,0x65,0x63,0x32,0x20,0x5f,0x34,
    0x31,0x20,0x3d,0x20,0x63,0x6f,0x72,0x6e,0x65,0x72,0x20,0x2a,0x20,0x76,0x73,0x5f,
    0x70,0x61,0x72,0x61,0x6d,0x73,0x5b,0x34,0x5d,0x2e,0x78,0x3b,0x0a,0x20,0x20,0x20,
    0x20,0x5f,0x34,0x31,0x2e,0x78,0x20,0x3d,0x20,0x5f,0x34,0x31,0x2e,0x78,0x20,0x2a,
    0x20,0x76,0x73,0x5f,0x70,0x61,0x72,0x61,0x6d,0x73,0x5b,0x34,0x5d,0x2e,0x7a,0x3b,
    0x0a,0x20,0x20,0x20,0x20,0x76,0x65,0x63,0x32,0x20,0x5f,0x35,0x37,0x20,0x3d,0x20,
    0x5f,0x32,0x38,0x2e,0x78,0x79,0x20,0x2b,0x20,0x28,0x5f,0x34,0x31,0x20,0x2a,0x20,
    0x5f,0x32,0x38,0x2e,0x77,0x29,0x3b,0x0a,0x20,0x20,0x20,0x20,0x76,0x65,0x63,0x34,
    0x20,0x5f,0x39,0x31,0x20,0x3d,0x20,0x5f,0x32,0x38,0x3b,0x0a,0x20,0x20,0x20,0x20,
    0x5f,0x39,0x31,0x2e,0x78,0x20,0x3d,0x20,0x5f,0x35,0x37,0x2e,0x78,0x3b,0x0a,0x20,
    0x20,0x20,0x20,0x5f,0x39,0x31,0x2e,0x79,0x20,0x3d,0x20,0x5f,0x35,0x37,0x2e,0x79,
    0x3b,0x0a,0x20,0x20,0x20,0x20,0x67,0x6c,0x5f,0x50,0x6f,0x73,0x69,0x74,0x69,0x6f,
    0x6e,0x20,0x3d,0x20,0x5f,0x39,0x31,0x3b,0x0a,0x20,0x20,0x20,0x20,0x63,0x6f,0x6c,
    0x6f,0x72,0x20,0x3d,0x20,0x69,0x6e,0x43,0x6f,0x6c,0x6f,0x72,0x20,0x2a,0x20,0x76,
    0x73,0x5f,0x70,0x61,0x72,0x61,0x6d,0x73,0x5b,0x35,0x5d,0x3b,0x0a,0x20,0x20,0x20,
    0x20,0x75,0x76,0x20,0x3d,0x20,0x63,0x6f,0x72,0x6e,0x65,0x72,0x3b,0x0a,0x20,0x20,
    0x20,0x20,0x76,0x52,0x6f,0x75,0x6e,0x64,0x20,0x3d,0x20,0x76,0x73,0x5f,0x70,0x61,
    0x72,0x61,0x6d,0x73,0x5b,0x34,0x5d,0x2e,0x79,0x3b,0x0a,0x7d,0x0a,0x0a,0x00,
};
#endif
/*
    #version 430

    layout(location = 0) in vec4 color;
    layout(location = 2) in float vRound;
    layout(location = 1) in vec2 uv;
    layout(location = 0) out vec4 frag;

    void main()
    {
        float a = color.w;
        if (vRound > 0.5)
        {
            float _31 = length(uv) * 2.0;
            float _34 = fwidth(_31);
            a *= (1.0 - smoothstep(1.0 - _34, 1.0 + _34, _31));
        }
        frag = vec4(color.xyz, a);
    }

*/
#if defined(SOKOL_GLCORE)
static const uint8_t tc_pointcloud_fs_source_glsl430[395] = {
    0x23,0x76,0x65,0x72,0x73,0x69,0x6f,0x6e,0x20,0x34,0x33,0x30,0x0a,0x0a,0x6c,0x61,
    0x79,0x6f,0x75,0x74,0x28,0x6c,0x6f,0x63,0x61,0x74,0x69,0x6f,0x6e,0x20,0x3d,0x20,
    0x30,0x29,0x20,0x69,0x6e,0x20,0x76,0x65,0x63,0x34,0x20,0x63,0x6f,0x6c,0x6f,0x72,
    0x3b,0x0a,0x6c,0x61,0x79,0x6f,0x75,0x74,0x28,0x6c,0x6f,0x63,0x61,0x74,0x69,0x6f,
    0x6e,0x20,0x3d,0x20,0x32,0x29,0x20,0x69,0x6e,0x20,0x66,0x6c,0x6f,0x61,0x74,0x20,
    0x76,0x52,0x6f,0x75,0x6e,0x64,0x3b,0x0a,0x6c,0x61,0x79,0x6f,0x75,0x74,0x28,0x6c,
    0x6f,0x63,0x61,0x74,0x69,0x6f,0x6e,0x20,0x3d,0x20,0x31,0x29,0x20,0x69,0x6e,0x20,
    0x76,0x65,0x63,0x32,0x20,0x75,0x76,0x3b,0x0a,0x6c,0x61,0x79,0x6f,0x75,0x74,0x28,
    0x6c,0x6f,0x63,0x61,0x74,0x69,0x6f,0x6e,0x20,0x3d,0x20,0x30,0x29,0x20,0x6f,0x75,
    0x74,0x20,0x76,0x65,0x63,0x34,0x20,0x66,0x72,0x61,0x67,0x3b,0x0a,0x0a,0x76,0x6f,
    0x69,0x64,0x20,0x6d,0x61,0x69,0x6e,0x28,0x29,0x0a,0x7b,0x0a,0x20,0x20,0x20,0x20,
    0x66,0x6c,0x6f,0x61,0x74,0x20,0x61,0x20,0x3d,0x20,0x63,0x6f,0x6c,0x6f,0x72,0x2e,
    0x77,0x3b,0x0a,0x20,0x20,0x20,0x20,0x69,0x66,0x20,0x28,0x76,0x52,0x6f,0x75,0x6e,
    0x64,0x20,0x3e,0x20,0x30,0x2e,0x35,0x29,0x0a,0x20,0x20,0x20,0x20,0x7b,0x0a,0x20,
    0x20,0x20,0x20,0x20,0x20,0x20,0x20,0x66,0x6c,0x6f,0x61,0x74,0x20,0x5f,0x33,0x31,
    0x20,0x3d,0x20,0x6c,0x65,0x6e,0x67,0x74,0x68,0x28,0x75,0x76,0x29,0x20,0x2a,0x20,
    0x32,0x2e,0x30,0x3b,0x0a,0x20,0x20,0x20,0x20,0x20,0x20,0x20,0x20,0x66,0x6c,0x6f,
    0x61,0x74,0x20,0x5f,0x33,0x34,0x20,0x3d,0x20,0x66,0x77,0x69,0x64,0x74,0x68,0x28,
    0x5f,0x33,0x31,0x29,0x3b,0x0a,0x20,0x20,0x20,0x20,0x20,0x20,0x20,0x20,0x61,0x20,
    0x2a,0x3d,0x20,0x28,0x31,0x2e,0x30,0x20,0x2d,0x20,0x73,0x6d,0x6f,0x6f,0x74,0x68,
    0x73,0x74,0x65,0x70,0x28,0x31,0x2e,0x30,0x20,0x2d,0x20,0x5f,0x33,0x34,0x2c,0x20,
    0x31,0x2e,0x30,0x20,0x2b,0x20,0x5f,0x33,0x34,0x2c,0x20,0x5f,0x33,0x31,0x29,0x29,
    0x3b,0x0a,0x20,0x20,0x20,0x20,0x7d,0x0a,0x20,0x20,0x20,0x20,0x66,0x72,0x61,0x67,
    0x20,0x3d,0x20,0x76,0x65,0x63,0x34,0x28,0x63,0x6f,0x6c,0x6f,0x72,0x2e,0x78,0x79,
    0x7a,0x2c,0x20,0x61,0x29,0x3b,0x0a,0x7d,0x0a,0x0a,0x00,
};
#endif
/*
    #version 430

    uniform vec4 vs_params[6];
    layout(location = 0) in vec3 inPos;
    layout(location = 0) out vec4 color;
    layout(location = 1) in vec4 inColor;

    void main()
    {
        gl_Position = mat4(vs_params[0], vs_params[1], vs_params[2], vs_params[3]) * vec4(inPos, 1.0);
        gl_PointSize = 1.0;
        color = inColor * vs_params[5];
    }

*/
#if defined(SOKOL_GLCORE)
static const uint8_t tc_pointcloud_vs_prim_source_glsl430[330] = {
    0x23,0x76,0x65,0x72,0x73,0x69,0x6f,0x6e,0x20,0x34,0x33,0x30,0x0a,0x0a,0x75,0x6e,
    0x69,0x66,0x6f,0x72,0x6d,0x20,0x76,0x65,0x63,0x34,0x20,0x76,0x73,0x5f,0x70,0x61,
    0x72,0x61,0x6d,0x73,0x5b,0x36,0x5d,0x3b,0x0a,0x6c,0x61,0x79,0x6f,0x75,0x74,0x28,
    0x6c,0x6f,0x63,0x61,0x74,0x69,0x6f,0x6e,0x20,0x3d,0x20,0x30,0x29,0x20,0x69,0x6e,
    0x20,0x76,0x65,0x63,0x33,0x20,0x69,0x6e,0x50,0x6f,0x73,0x3b,0x0a,0x6c,0x61,0x79,
    0x6f,0x75,0x74,0x28,0x6c,0x6f,0x63,0x61,0x74,0x69,0x6f,0x6e,0x20,0x3d,0x20,0x30,
    0x29,0x20,0x6f,0x75,0x74,0x20,0x76,0x65,0x63,0x34,0x20,0x63,0x6f,0x6c,0x6f,0x72,
    0x3b,0x0a,0x6c,0x61,0x79,0x6f,0x75,0x74,0x28,0x6c,0x6f,0x63,0x61,0x74,0x69,0x6f,
    0x6e,0x20,0x3d,0x20,0x31,0x29,0x20,0x69,0x6e,0x20,0x76,0x65,0x63,0x34,0x20,0x69,
    0x6e,0x43,0x6f,0x6c,0x6f,0x72,0x3b,0x0a,0x0a,0x76,0x6f,0x69,0x64,0x20,0x6d,0x61,
    0x69,0x6e,0x28,0x29,0x0a,0x7b,0x0a,0x20,0x20,0x20,0x20,0x67,0x6c,0x5f,0x50,0x6f,
    0x73,0x69,0x74,0x69,0x6f,0x6e,0x20,0x3d,0x20,0x6d,0x61,0x74,0x34,0x28,0x76,0x73,
    0x5f,0x70,0x61,0x72,0x61,0x6d,0x73,0x5b,0x30,0x5d,0x2c,0x20,0x76,0x73,0x5f,0x70,
    0x61,0x72,0x61,0x6d,0x73,0x5b,0x31,0x5d,0x2c,0x20,0x76,0x73,0x5f,0x70,0x61,0x72,
    0x61,0x6d,0x73,0x5b,0x32,0x5d,0x2c,0x20,0x76,0x73,0x5f,0x70,0x61,0x72,0x61,0x6d,
    0x73,0x5b,0x33,0x5d,0x29,0x20,0x2a,0x20,0x76,0x65,0x63,0x34,0x28,0x69,0x6e,0x50,
    0x6f,0x73,0x2c,0x20,0x31,0x2e,0x30,0x29,0x3b,0x0a,0x20,0x20,0x20,0x20,0x67,0x6c,
    0x5f,0x50,0x6f,0x69,0x6e,0x74,0x53,0x69,0x7a,0x65,0x20,0x3d,0x20,0x31,0x2e,0x30,
    0x3b,0x0a,0x20,0x20,0x20,0x20,0x63,0x6f,0x6c,0x6f,0x72,0x20,0x3d,0x20,0x69,0x6e,
    0x43,0x6f,0x6c,0x6f,0x72,0x20,0x2a,0x20,0x76,0x73,0x5f,0x70,0x61,0x72,0x61,0x6d,
    0x73,0x5b,0x35,0x5d,0x3b,0x0a,0x7d,0x0a,0x0a,0x00,
};
#endif
/*
    #version 430

    layout(location = 0) out vec4 frag;
    layout(location = 0) in vec4 color;

    void main()
    {
        frag = color;
    }

*/
#if defined(SOKOL_GLCORE)
static const uint8_t tc_pointcloud_fs_prim_source_glsl430[123] = {
    0x23,0x76,0x65,0x72,0x73,0x69,0x6f,0x6e,0x20,0x34,0x33,0x30,0x0a,0x0a,0x6c,0x61,
    0x79,0x6f,0x75,0x74,0x28,0x6c,0x6f,0x63,0x61,0x74,0x69,0x6f,0x6e,0x20,0x3d,0x20,
    0x30,0x29,0x20,0x6f,0x75,0x74,0x20,0x76,0x65,0x63,0x34,0x20,0x66,0x72,0x61,0x67,
    0x3b,0x0a,0x6c,0x61,0x79,0x6f,0x75,0x74,0x28,0x6c,0x6f,0x63,0x61,0x74,0x69,0x6f,
    0x6e,0x20,0x3d,0x20,0x30,0x29,0x20,0x69,0x6e,0x20,0x76,0x65,0x63,0x34,0x20,0x63,
    0x6f,0x6c,0x6f,0x72,0x3b,0x0a,0x0a,0x76,0x6f,0x69,0x64,0x20,0x6d,0x61,0x69,0x6e,
    0x28,0x29,0x0a,0x7b,0x0a,0x20,0x20,0x20,0x20,0x66,0x72,0x61,0x67,0x20,0x3d,0x20,
    0x63,0x6f,0x6c,0x6f,0x72,0x3b,0x0a,0x7d,0x0a,0x0a,0x00,
};
#endif
/*
    #version 300 es

    uniform vec4 vs_params[6];
    layout(location = 1) in vec3 inPos;
    layout(location = 0) in vec2 corner;
    out vec4 color;
    layout(location = 2) in vec4 inColor;
    out vec2 uv;
    out float vRound;

    void main()
    {
        vec4 _28 = mat4(vs_params[0], vs_params[1], vs_params[2], vs_params[3]) * vec4(inPos, 1.0);
        vec2 _41 = corner * vs_params[4].x;
        _41.x = _41.x * vs_params[4].z;
        vec2 _57 = _28.xy + (_41 * _28.w);
        vec4 _91 = _28;
        _91.x = _57.x;
        _91.y = _57.y;
        gl_Position = _91;
        color = inColor * vs_params[5];
        uv = corner;
        vRound = vs_params[4].y;
    }

*/
#if defined(SOKOL_GLES3)
static const uint8_t tc_pointcloud_vs_source_glsl300es[595] = {
    0x23,0x76,0x65,0x72,0x73,0x69,0x6f,0x6e,0x20,0x33,0x30,0x30,0x20,0x65,0x73,0x0a,
    0x0a,0x75,0x6e,0x69,0x66,0x6f,0x72,0x6d,0x20,0x76,0x65,0x63,0x34,0x20,0x76,0x73,
    0x5f,0x70,0x61,0x72,0x61,0x6d,0x73,0x5b,0x36,0x5d,0x3b,0x0a,0x6c,0x61,0x79,0x6f,
    0x75,0x74,0x28,0x6c,0x6f,0x63,0x61,0x74,0x69,0x6f,0x6e,0x20,0x3d,0x20,0x31,0x29,
    0x20,0x69,0x6e,0x20,0x76,0x65,0x63,0x33,0x20,0x69,0x6e,0x50,0x6f,0x73,0x3b,0x0a,
    0x6c,0x61,0x79,0x6f,0x75,0x74,0x28,0x6c,0x6f,0x63,0x61,0x74,0x69,0x6f,0x6e,0x20,
    0x3d,0x20,0x30,0x29,0x20,0x69,0x6e,0x20,0x76,0x65,0x63,0x32,0x20,0x63,0x6f,0x72,
    0x6e,0x65,0x72,0x3b,0x0a,0x6f,0x75,0x74,0x20,0x76,0x65,0x63,0x34,0x20,0x63,0x6f,
    0x6c,0x6f,0x72,0x3b,0x0a,0x6c,0x61,0x79,0x6f,0x75,0x74,0x28,0x6c,0x6f,0x63,0x61,
    0x74,0x69,0x6f,0x6e,0x20,0x3d,0x20,0x32,0x29,0x20,0x69,0x6e,0x20,0x76,0x65,0x63,
    0x34,0x20,0x69,0x6e,0x43,0x6f,0x6c,0x6f,0x72,0x3b,0x0a,0x6f,0x75,0x74,0x20,0x76,
    0x65,0x63,0x32,0x20,0x75,0x76,0x3b,0x0a,0x6f,0x75,0x74,0x20,0x66,0x6c,0x6f,0x61,
    0x74,0x20,0x76,0x52,0x6f,0x75,0x6e,0x64,0x3b,0x0a,0x0a,0x76,0x6f,0x69,0x64,0x20,
    0x6d,0x61,0x69,0x6e,0x28,0x29,0x0a,0x7b,0x0a,0x20,0x20,0x20,0x20,0x76,0x65,0x63,
    0x34,0x20,0x5f,0x32,0x38,0x20,0x3d,0x20,0x6d,0x61,0x74,0x34,0x28,0x76,0x73,0x5f,
    0x70,0x61,0x72,0x61,0x6d,0x73,0x5b,0x30,0x5d,0x2c,0x20,0x76,0x73,0x5f,0x70,0x61,
    0x72,0x61,0x6d,0x73,0x5b,0x31,0x5d,0x2c,0x20,0x76,0x73,0x5f,0x70,0x61,0x72,0x61,
    0x6d,0x73,0x5b,0x32,0x5d,0x2c,0x20,0x76,0x73,0x5f,0x70,0x61,0x72,0x61,0x6d,0x73,
    0x5b,0x33,0x5d,0x29,0x20,0x2a,0x20,0x76,0x65,0x63,0x34,0x28,0x69,0x6e,0x50,0x6f,
    0x73,0x2c,0x20,0x31,0x2e,0x30,0x29,0x3b,0x0a,0x20,0x20,0x20,0x20,0x76,0x65,0x63,
    0x32,0x20,0x5f,0x34,0x31,0x20,0x3d,0x20,0x63,0x6f,0x72,0x6e,0x65,0x72,0x20,0x2a,
    0x20,0x76,0x73,0x5f,0x70,0x61,0x72,0x61,0x6d,0x73,0x5b,0x34,0x5d,0x2e,0x78,0x3b,
    0x0a,0x20,0x20,0x20,0x20,0x5f,0x34,0x31,0x2e,0x78,0x20,0x3d,0x20,0x5f,0x34,0x31,
    0x2e,0x78,0x20,0x2a,0x20,0x76,0x73,0x5f,0x70,0x61,0x72,0x61,0x6d,0x73,0x5b,0x34,
    0x5d,0x2e,0x7a,0x3b,0x0a,0x20,0x20,0x20,0x20,0x76,0x65,0x63,0x32,0x20,0x5f,0x35,
    0x37,0x20,0x3d,0x20,0x5f,0x32,0x38,0x2e,0x78,0x79,0x20,0x2b,0x20,0x28,0x5f,0x34,
    0x31,0x20,0x2a,0x20,0x5f,0x32,0x38,0x2e,0x77,0x29,0x3b,0x0a,0x20,0x20,0x20,0x20,
    0x76,0x65,0x63,0x34,0x20,0x5f,0x39,0x31,0x20,0x3d,0x20,0x5f,0x32,0x38,0x3b,0x0a,
    0x20,0x20,0x20,0x20,0x5f,0x39,0x31,0x2e,0x78,0x20,0x3d,0x20,0x5f,0x35,0x37,0x2e,
    0x78,0x3b,0x0a,0x20,0x20,0x20,0x20,0x5f,0x39,0x31,0x2e,0x79,0x20,0x3d,0x20,0x5f,
    0x35,0x37,0x2e,0x79,0x3b,0x0a,0x20,0x20,0x20,0x20,0x67,0x6c,0x5f,0x50,0x6f,0x73,
    0x69,0x74,0x69,0x6f,0x6e,0x20,0x3d,0x20,0x5f,0x39,0x31,0x3b,0x0a,0x20,0x20,0x20,
    0x20,0x63,0x6f,0x6c,0x6f,0x72,0x20,0x3d,0x20,0x69,0x6e,0x43,0x6f,0x6c,0x6f,0x72,
    0x20,0x2a,0x20,0x76,0x73,0x5f,0x70,0x61,0x72,0x61,0x6d,0x73,0x5b,0x35,0x5d,0x3b,
    0x0a,0x20,0x20,0x20,0x20,0x75,0x76,0x20,0x3d,0x20,0x63,0x6f,0x72,0x6e,0x65,0x72,
    0x3b,0x0a,0x20,0x20,0x20,0x20,0x76,0x52,0x6f,0x75,0x6e,0x64,0x20,0x3d,0x20,0x76,
    0x73,0x5f,0x70,0x61,0x72,0x61,0x6d,0x73,0x5b,0x34,0x5d,0x2e,0x79,0x3b,0x0a,0x7d,
    0x0a,0x0a,0x00,
};
#endif
/*
    #version 300 es
    precision mediump float;
    precision highp int;

    in highp vec4 color;
    in highp float vRound;
    in highp vec2 uv;
    layout(location = 0) out highp vec4 frag;

    void main()
    {
        highp float a = color.w;
        if (vRound > 0.5)
        {
            highp float _31 = length(uv) * 2.0;
            highp float _34 = fwidth(_31);
            a *= (1.0 - smoothstep(1.0 - _34, 1.0 + _34, _31));
        }
        frag = vec4(color.xyz, a);
    }

*/
#if defined(SOKOL_GLES3)
static const uint8_t tc_pointcloud_fs_source_glsl300es[423] = {
    0x23,0x76,0x65,0x72,0x73,0x69,0x6f,0x6e,0x20,0x33,0x30,0x30,0x20,0x65,0x73,0x0a,
    0x70,0x72,0x65,0x63,0x69,0x73,0x69,0x6f,0x6e,0x20,0x6d,0x65,0x64,0x69,0x75,0x6d,
    0x70,0x20,0x66,0x6c,0x6f,0x61,0x74,0x3b,0x0a,0x70,0x72,0x65,0x63,0x69,0x73,0x69,
    0x6f,0x6e,0x20,0x68,0x69,0x67,0x68,0x70,0x20,0x69,0x6e,0x74,0x3b,0x0a,0x0a,0x69,
    0x6e,0x20,0x68,0x69,0x67,0x68,0x70,0x20,0x76,0x65,0x63,0x34,0x20,0x63,0x6f,0x6c,
    0x6f,0x72,0x3b,0x0a,0x69,0x6e,0x20,0x68,0x69,0x67,0x68,0x70,0x20,0x66,0x6c,0x6f,
    0x61,0x74,0x20,0x76,0x52,0x6f,0x75,0x6e,0x64,0x3b,0x0a,0x69,0x6e,0x20,0x68,0x69,
    0x67,0x68,0x70,0x20,0x76,0x65,0x63,0x32,0x20,0x75,0x76,0x3b,0x0a,0x6c,0x61,0x79,
    0x6f,0x75,0x74,0x28,0x6c,0x6f,0x63,0x61,0x74,0x69,0x6f,0x6e,0x20,0x3d,0x20,0x30,
    0x29,0x20,0x6f,0x75,0x74,0x20,0x68,0x69,0x67,0x68,0x70,0x20,0x76,0x65,0x63,0x34,
    0x20,0x66,0x72,0x61,0x67,0x3b,0x0a,0x0a,0x76,0x6f,0x69,0x64,0x20,0x6d,0x61,0x69,
    0x6e,0x28,0x29,0x0a,0x7b,0x0a,0x20,0x20,0x20,0x20,0x68,0x69,0x67,0x68,0x70,0x20,
    0x66,0x6c,0x6f,0x61,0x74,0x20,0x61,0x20,0x3d,0x20,0x63,0x6f,0x6c,0x6f,0x72,0x2e,
    0x77,0x3b,0x0a,0x20,0x20,0x20,0x20,0x69,0x66,0x20,0x28,0x76,0x52,0x6f,0x75,0x6e,
    0x64,0x20,0x3e,0x20,0x30,0x2e,0x35,0x29,0x0a,0x20,0x20,0x20,0x20,0x7b,0x0a,0x20,
    0x20,0x20,0x20,0x20,0x20,0x20,0x20,0x68,0x69,0x67,0x68,0x70,0x20,0x66,0x6c,0x6f,
    0x61,0x74,0x20,0x5f,0x33,0x31,0x20,0x3d,0x20,0x6c,0x65,0x6e,0x67,0x74,0x68,0x28,
    0x75,0x76,0x29,0x20,0x2a,0x20,0x32,0x2e,0x30,0x3b,0x0a,0x20,0x20,0x20,0x20,0x20,
    0x20,0x20,0x20,0x68,0x69,0x67,0x68,0x70,0x20,0x66,0x6c,0x6f,0x61,0x74,0x20,0x5f,
    0x33,0x34,0x20,0x3d,0x20,0x66,0x77,0x69,0x64,0x74,0x68,0x28,0x5f,0x33,0x31,0x29,
    0x3b,0x0a,0x20,0x20,0x20,0x20,0x20,0x20,0x20,0x20,0x61,0x20,0x2a,0x3d,0x20,0x28,
    0x31,0x2e,0x30,0x20,0x2d,0x20,0x73,0x6d,0x6f,0x6f,0x74,0x68,0x73,0x74,0x65,0x70,
    0x28,0x31,0x2e,0x30,0x20,0x2d,0x20,0x5f,0x33,0x34,0x2c,0x20,0x31,0x2e,0x30,0x20,
    0x2b,0x20,0x5f,0x33,0x34,0x2c,0x20,0x5f,0x33,0x31,0x29,0x29,0x3b,0x0a,0x20,0x20,
    0x20,0x20,0x7d,0x0a,0x20,0x20,0x20,0x20,0x66,0x72,0x61,0x67,0x20,0x3d,0x20,0x76,
    0x65,0x63,0x34,0x28,0x63,0x6f,0x6c,0x6f,0x72,0x2e,0x78,0x79,0x7a,0x2c,0x20,0x61,
    0x29,0x3b,0x0a,0x7d,0x0a,0x0a,0x00,
};
#endif
/*
    #version 300 es

    uniform vec4 vs_params[6];
    layout(location = 0) in vec3 inPos;
    out vec4 color;
    layout(location = 1) in vec4 inColor;

    void main()
    {
        gl_Position = mat4(vs_params[0], vs_params[1], vs_params[2], vs_params[3]) * vec4(inPos, 1.0);
        gl_PointSize = 1.0;
        color = inColor * vs_params[5];
    }

*/
#if defined(SOKOL_GLES3)
static const uint8_t tc_pointcloud_vs_prim_source_glsl300es[312] = {
    0x23,0x76,0x65,0x72,0x73,0x69,0x6f,0x6e,0x20,0x33,0x30,0x30,0x20,0x65,0x73,0x0a,
    0x0a,0x75,0x6e,0x69,0x66,0x6f,0x72,0x6d,0x20,0x76,0x65,0x63,0x34,0x20,0x76,0x73,
    0x5f,0x70,0x61,0x72,0x61,0x6d,0x73,0x5b,0x36,0x5d,0x3b,0x0a,0x6c,0x61,0x79,0x6f,
    0x75,0x74,0x28,0x6c,0x6f,0x63,0x61,0x74,0x69,0x6f,0x6e,0x20,0x3d,0x20,0x30,0x29,
    0x20,0x69,0x6e,0x20,0x76,0x65,0x63,0x33,0x20,0x69,0x6e,0x50,0x6f,0x73,0x3b,0x0a,
    0x6f,0x75,0x74,0x20,0x76,0x65,0x63,0x34,0x20,0x63,0x6f,0x6c,0x6f,0x72,0x3b,0x0a,
    0x6c,0x61,0x79,0x6f,0x75,0x74,0x28,0x6c,0x6f,0x63,0x61,0x74,0x69,0x6f,0x6e,0x20,
    0x3d,0x20,0x31,0x29,0x20,0x69,0x6e,0x20,0x76,0x65,0x63,0x34,0x20,0x69,0x6e,0x43,
    0x6f,0x6c,0x6f,0x72,0x3b,0x0a,0x0a,0x76,0x6f,0x69,0x64,0x20,0x6d,0x61,0x69,0x6e,
    0x28,0x29,0x0a,0x7b,0x0a,0x20,0x20,0x20,0x20,0x67,0x6c,0x5f,0x50,0x6f,0x73,0x69,
    0x74,0x69,0x6f,0x6e,0x20,0x3d,0x20,0x6d,0x61,0x74,0x34,0x28,0x76,0x73,0x5f,0x70,
    0x61,0x72,0x61,0x6d,0x73,0x5b,0x30,0x5d,0x2c,0x20,0x76,0x73,0x5f,0x70,0x61,0x72,
    0x61,0x6d,0x73,0x5b,0x31,0x5d,0x2c,0x20,0x76,0x73,0x5f,0x70,0x61,0x72,0x61,0x6d,
    0x73,0x5b,0x32,0x5d,0x2c,0x20,0x76,0x73,0x5f,0x70,0x61,0x72,0x61,0x6d,0x73,0x5b,
    0x33,0x5d,0x29,0x20,0x2a,0x20,0x76,0x65,0x63,0x34,0x28,0x69,0x6e,0x50,0x6f,0x73,
    0x2c,0x20,0x31,0x2e,0x30,0x29,0x3b,0x0a,0x20,0x20,0x20,0x20,0x67,0x6c,0x5f,0x50,
    0x6f,0x69,0x6e,0x74,0x53,0x69,0x7a,0x65,0x20,0x3d,0x20,0x31,0x2e,0x30,0x3b,0x0a,
    0x20,0x20,0x20,0x20,0x63,0x6f,0x6c,0x6f,0x72,0x20,0x3d,0x20,0x69,0x6e,0x43,0x6f,
    0x6c,0x6f,0x72,0x20,0x2a,0x20,0x76,0x73,0x5f,0x70,0x61,0x72,0x61,0x6d,0x73,0x5b,
    0x35,0x5d,0x3b,0x0a,0x7d,0x0a,0x0a,0x00,
};
#endif
/*
    #version 300 es
    precision mediump float;
    precision highp int;

    layout(location = 0) out highp vec4 frag;
    in highp vec4 color;

    void main()
    {
        frag = color;
    }

*/
#if defined(SOKOL_GLES3)
static const uint8_t tc_pointcloud_fs_prim_source_glsl300es[163] = {
    0x23,0x76,0x65,0x72,0x73,0x69,0x6f,0x6e,0x20,0x33,0x30,0x30,0x20,0x65,0x73,0x0a,
    0x70,0x72,0x65,0x63,0x69,0x73,0x69,0x6f,0x6e,0x20,0x6d,0x65,0x64,0x69,0x75,0x6d,
    0x70,0x20,0x66,0x6c,0x6f,0x61,0x74,0x3b,0x0a,0x70,0x72,0x65,0x63,0x69,0x73,0x69,
    0x6f,0x6e,0x20,0x68,0x69,0x67,0x68,0x70,0x20,0x69,0x6e,0x74,0x3b,0x0a,0x0a,0x6c,
    0x61,0x79,0x6f,0x75,0x74,0x28,0x6c,0x6f,0x63,0x61,0x74,0x69,0x6f,0x6e,0x20,0x3d,
    0x20,0x30,0x29,0x20,0x6f,0x75,0x74,0x20,0x68,0x69,0x67,0x68,0x70,0x20,0x76,0x65,
    0x63,0x34,0x20,0x66,0x72,0x61,0x67,0x3b,0x0a,0x69,0x6e,0x20,0x68,0x69,0x67,0x68,
    0x70,0x20,0x76,0x65,0x63,0x34,0x20,0x63,0x6f,0x6c,0x6f,0x72,0x3b,0x0a,0x0a,0x76,
    0x6f,0x69,0x64,0x20,0x6d,0x61,0x69,0x6e,0x28,0x29,0x0a,0x7b,0x0a,0x20,0x20,0x20,
    0x20,0x66,0x72,0x61,0x67,0x20,0x3d,0x20,0x63,0x6f,0x6c,0x6f,0x72,0x3b,0x0a,0x7d,
    0x0a,0x0a,0x00,
};
#endif
/*
    cbuffer vs_params : register(b0)
    {
        row_major float4x4 _13_viewProj : packoffset(c0);
        float4 _13_params : packoffset(c4);
        float4 _13_tint : packoffset(c5);
    };


    static float4 gl_Position;
    static float3 inPos;
    static float2 corner;
    static float4 color;
    static float4 inColor;
    static float2 uv;
    static float vRound;

    struct SPIRV_Cross_Input
    {
        float2 corner : TEXCOORD0;
        float3 inPos : TEXCOORD1;
        float4 inColor : TEXCOORD2;
    };

    struct SPIRV_Cross_Output
    {
        float4 color : TEXCOORD0;
        float2 uv : TEXCOORD1;
        float vRound : TEXCOORD2;
        float4 gl_Position : SV_Position;
    };

    void vert_main()
    {
        float4 _28 = mul(float4(inPos, 1.0f), _13_viewProj);
        float2 _41 = corner * _13_params.x;
        _41.x = _41.x * _13_params.z;
        float2 _57 = _28.xy + (_41 * _28.w);
        float4 _91 = _28;
        _91.x = _57.x;
        _91.y = _57.y;
        gl_Position = _91;
        color = inColor * _13_tint;
        uv = corner;
        vRound = _13_params.y;
    }

    SPIRV_Cross_Output main(SPIRV_Cross_Input stage_input)
    {
        inPos = stage_input.inPos;
        corner = stage_input.corner;
        inColor = stage_input.inColor;
        vert_main();
        SPIRV_Cross_Output stage_output;
        stage_output.gl_Position = gl_Position;
        stage_output.color = color;
        stage_output.uv = uv;
        stage_output.vRound = vRound;
        return stage_output;
    }
*/
#if defined(SOKOL_D3D11)
static const uint8_t tc_pointcloud_vs_source_hlsl5[1334] = {
    0x63,0x62,0x75,0x66,0x66,0x65,0x72,0x20,0x76,0x73,0x5f,0x70,0x61,0x72,0x61,0x6d,
    0x73,0x20,0x3a,0x20,0x72,0x65,0x67,0x69,0x73,0x74,0x65,0x72,0x28,0x62,0x30,0x29,
    0x0a,0x7b,0x0a,0x20,0x20,0x20,0x20,0x72,0x6f,0x77,0x5f,0x6d,0x61,0x6a,0x6f,0x72,
    0x20,0x66,0x6c,0x6f,0x61,0x74,0x34,0x78,0x34,0x20,0x5f,0x31,0x33,0x5f,0x76,0x69,
    0x65,0x77,0x50,0x72,0x6f,0x6a,0x20,0x3a,0x20,0x70,0x61,0x63,0x6b,0x6f,0x66,0x66,
    0x73,0x65,0x74,0x28,0x63,0x30,0x29,0x3b,0x0a,0x20,0x20,0x20,0x20,0x66,0x6c,0x6f,
    0x61,0x74,0x34,0x20,0x5f,0x31,0x33,0x5f,0x70,0x61,0x72,0x61,0x6d,0x73,0x20,0x3a,
    0x20,0x70,0x61,0x63,0x6b,0x6f,0x66,0x66,0x73,0x65,0x74,0x28,0x63,0x34,0x29,0x3b,
    0x0a,0x20,0x20,0x20,0x20,0x66,0x6c,0x6f,0x61,0x74,0x34,0x20,0x5f,0x31,0x33,0x5f,
    0x74,0x69,0x6e,0x74,0x20,0x3a,0x20,0x70,0x61,0x63,0x6b,0x6f,0x66,0x66,0x73,0x65,
    0x74,0x28,0x63,0x35,0x29,0x3b,0x0a,0x7d,0x3b,0x0a,0x0a,0x0a,0x73,0x74,0x61,0x74,
    0x69,0x63,0x20,0x66,0x6c,0x6f,0x61,0x74,0x34,0x20,0x67,0x6c,0x5f,0x50,0x6f,0x73,
    0x69,0x74,0x69,0x6f,0x6e,0x3b,0x0a,0x73,0x74,0x61,0x74,0x69,0x63,0x20,0x66,0x6c,
    0x6f,0x61,0x74,0x33,0x20,0x69,0x6e,0x50,0x6f,0x73,0x3b,0x0a,0x73,0x74,0x61,0x74,
    0x69,0x63,0x20,0x66,0x6c,0x6f,0x61,0x74,0x32,0x20,0x63,0x6f,0x72,0x6e,0x65,0x72,
    0x3b,0x0a,0x73,0x74,0x61,0x74,0x69,0x63,0x20,0x66,0x6c,0x6f,0x61,0x74,0x34,0x20,
    0x63,0x6f,0x6c,0x6f,0x72,0x3b,0x0a,0x73,0x74,0x61,0x74,0x69,0x63,0x20,0x66,0x6c,
    0x6f,0x61,0x74,0x34,0x20,0x69,0x6e,0x43,0x6f,0x6c,0x6f,0x72,0x3b,0x0a,0x73,0x74,
    0x61,0x74,0x69,0x63,0x20,0x66,0x6c,0x6f,0x61,0x74,0x32,0x20,0x75,0x76,0x3b,0x0a,
    0x73,0x74,0x61,0x74,0x69,0x63,0x20,0x66,0x6c,0x6f,0x61,0x74,0x20,0x76,0x52,0x6f,
    0x75,0x6e,0x64,0x3b,0x0a,0x0a,0x73,0x74,0x72,0x75,0x63,0x74,0x20,0x53,0x50,0x49,
    0x52,0x56,0x5f,0x43,0x72,0x6f,0x73,0x73,0x5f,0x49,0x6e,0x70,0x75,0x74,0x0a,0x7b,
    0x0a,0x20,0x20,0x20,0x20,0x66,0x6c,0x6f,0x61,0x74,0x32,0x20,0x63,0x6f,0x72,0x6e,
    0x65,0x72,0x20,0x3a,0x20,0x54,0x45,0x58,0x43,0x4f,0x4f,0x52,0x44,0x30,0x3b,0x0a,
    0x20,0x20,0x20,0x20,0x66,0x6c,0x6f,0x61,0x74,0x33,0x20,0x69,0x6e,0x50,0x6f,0x73,
    0x20,0x3a,0x20,0x54,0x45,0x58,0x43,0x4f,0x4f,0x52,0x44,0x31,0x3b,0x0a,0x20,0x20,
    0x20,0x20,0x66,0x6c,0x6f,0x61,0x74,0x34,0x20,0x69,0x6e,0x43,0x6f,0x6c,0x6f,0x72,
    0x20,0x3a,0x20,0x54,0x45,0x58,0x43,0x4f,0x4f,0x52,0x44,0x32,0x3b,0x0a,0x7d,0x3b,
    0x0a,0x0a,0x73,0x74,0x72,0x75,0x63,0x74,0x20,0x53,0x50,0x49,0x52,0x56,0x5f,0x43,
    0x72,0x6f,0x73,0x73,0x5f,0x4f,0x75,0x74,0x70,0x75,0x74,0x0a,0x7b,0x0a,0x20,0x20,
    0x20,0x20,0x66,0x6c,0x6f,0x61,0x74,0x34,0x20,0x63,0x6f,0x6c,0x6f,0x72,0x20,0x3a,
    0x20,0x54,0x45,0x58,0x43,0x4f,0x4f,0x52,0x44,0x30,0x3b,0x0a,0x20,0x20,0x20,0x20,
    0x66,0x6c,0x6f,0x61,0x74,0x32,0x20,0x75,0x76,0x20,0x3a,0x20,0x54,0x45,0x58,0x43,
    0x4f,0x4f,0x52,0x44,0x31,0x3b,0x0a,0x20,0x20,0x20,0x20,0x66,0x6c,0x6f,0x61,0x74,
    0x20,0x76,0x52,0x6f,0x75,0x6e,0x64,0x20,0x3a,0x20,0x54,0x45,0x58,0x43,0x4f,0x4f,
    0x52,0x44,0x32,0x3b,0x0a,0x20,0x20,0x20,0x20,0x66,0x6c,0x6f,0x61,0x74,0x34,0x20,
    0x67,0x6c,0x5f,0x50,0x6f,0x73,0x69,0x74,0x69,0x6f,0x6e,0x20,0x3a,0x20,0x53,0x56,
    0x5f,0x50,0x6f,0x73,0x69,0x74,0x69,0x6f,0x6e,0x3b,0x0a,0x7d,0x3b,0x0a,0x0a,0x76,
    0x6f,0x69,0x64,0x20,0x76,0x65,0x72,0x74,0x5f,0x6d,0x61,0x69,0x6e,0x28,0x29,0x0a,
    0x7b,0x0a,0x20,0x20,0x20,0x20,0x66,0x6c,0x6f,0x61,0x74,0x34,0x20,0x5f,0x32,0x38,
    0x20,0x3d,0x20,0x6d,0x75,0x6c,0x28,0x66,0x6c,0x6f,0x61,0x74,0x34,0x28,0x69,0x6e,
    0x50,0x6f,0x73,0x2c,0x20,0x31,0x2e,0x30,0x66,0x29,0x2c,0x20,0x5f,0x31,0x33,0x5f,
    0x76,0x69,0x65,0x77,0x50,0x72,0x6f,0x6a,0x29,0x3b,0x0a,0x20,0x20,0x20,0x20,0x66,
    0x6c,0x6f,0x61,0x74,0x32,0x20,0x5f,0x34,0x31,0x20,0x3d,0x20,0x63,0x6f,0x72,0x6e,
    0x65,0x72,0x20,0x2a,0x20,0x5f,0x31,0x33,0x5f,0x70,0x61,0x72,0x61,0x6d,0x73,0x2e,
    0x78,0x3b,0x0a,0x20,0x20,0x20,0x20,0x5f,0x34,0x31,0x2e,0x78,0x20,0x3d,0x20,0x5f,
    0x34,0x31,0x2e,0x78,0x20,0x2a,0x20,0x5f,0x31,0x33,0x5f,0x70,0x61,0x72,0x61,0x6d,
    0x73,0x2e,0x7a,0x3b,0x0a,0x20,0x20,0x20,0x20,0x66,0x6c,0x6f,0x61,0x74,0x32,0x20,
    0x5f,0x35,0x37,0x20,0x3d,0x20,0x5f,0x32,0x38,0x2e,0x78,0x79,0x20,0x2b,0x20,0x28,
    0x5f,0x34,0x31,0x20,0x2a,0x20,0x5f,0x32,0x38,0x2e,0x77,0x29,0x3b,0x0a,0x20,0x20,
    0x20,0x20,0x66,0x6c,0x6f,0x61,0x74,0x34,0x20,0x5f,0x39,0x31,0x20,0x3d,0x20,0x5f,
    0x32,0x38,0x3b,0x0a,0x20,0x20,0x20,0x20,0x5f,0x39,0x31,0x2e,0x78,0x20,0x3d,0x20,
    0x5f,0x35,0x37,0x2e,0x78,0x3b,0x0a,0x20,0x20,0x20,0x20,0x5f,0x39,0x31,0x2e,0x79,
    0x20,0x3d,0x20,0x5f,0x35,0x37,0x2e,0x79,0x3b,0x0a,0x20,0x20,0x20,0x20,0x67,0x6c,
    0x5f,0x50,0x6f,0x73,0x69,0x74,0x69,0x6f,0x6e,0x20,0x3d,0x20,0x5f,0x39,0x31,0x3b,
    0x0a,0x20,0x20,0x20,0x20,0x63,0x6f,0x6c,0x6f,0x72,0x20,0x3d,0x20,0x69,0x6e,0x43,
    0x6f,0x6c,0x6f,0x72,0x20,0x2a,0x20,0x5f,0x31,0x33,0x5f,0x74,0x69,0x6e,0x74,0x3b,
    0x0a,0x20,0x20,0x20,0x20,0x75,0x76,0x20,0x3d,0x20,0x63,0x6f,0x72,0x6e,0x65,0x72,
    0x3b,0x0a,0x20,0x20,0x20,0x20,0x76,0x52,0x6f,0x75,0x6e,0x64,0x20,0x3d,0x20,0x5f,
    0x31,0x33,0x5f,0x70,0x61,0x72,0x61,0x6d,0x73,0x2e,0x79,0x3b,0x0a,0x7d,0x0a,0x0a,
    0x53,0x50,0x49,0x52,0x56,0x5f,0x43,0x72,0x6f,0x73,0x73,0x5f,0x4f,0x75,0x74,0x70,
    0x75,0x74,0x20,0x6d,0x61,0x69,0x6e,0x28,0x53,0x50,0x49,0x52,0x56,0x5f,0x43,0x72,
    0x6f,0x73,0x73,0x5f,0x49,0x6e,0x70,0x75,0x74,0x20,0x73,0x74,0x61,0x67,0x65,0x5f,
    0x69,0x6e,0x70,0x75,0x74,0x29,0x0a,0x7b,0x0a,0x20,0x20,0x20,0x20,0x69,0x6e,0x50,
    0x6f,0x73,0x20,0x3d,0x20,0x73,0x74,0x61,0x67,0x65,0x5f,0x69,0x6e,0x70,0x75,0x74,
    0x2e,0x69,0x6e,0x50,0x6f,0x73,0x3b,0x0a,0x20,0x20,0x20,0x20,0x63,0x6f,0x72,0x6e,
    0x65,0x72,0x20,0x3d,0x20,0x73,0x74,0x61,0x67,0x65,0x5f,0x69,0x6e,0x70,0x75,0x74,
    0x2e,0x63,0x6f,0x72,0x6e,0x65,0x72,0x3b,0x0a,0x20,0x20,0x20,0x20,0x69,0x6e,0x43,
    0x6f,0x6c,0x6f,0x72,0x20,0x3d,0x20,0x73,0x74,0x61,0x67,0x65,0x5f,0x69,0x6e,0x70,
    0x75,0x74,0x2e,0x69,0x6e,0x43,0x6f,0x6c,0x6f,0x72,0x3b,0x0a,0x20,0x20,0x20,0x20,
    0x76,0x65,0x72,0x74,0x5f,0x6d,0x61,0x69,0x6e,0x28,0x29,0x3b,0x0a,0x20,0x20,0x20,
    0x20,0x53,0x50,0x49,0x52,0x56,0x5f,0x43,0x72,0x6f,0x73,0x73,0x5f,0x4f,0x75,0x74,
    0x70,0x75,0x74,0x20,0x73,0x74,0x61,0x67,0x65,0x5f,0x6f,0x75,0x74,0x70,0x75,0x74,
    0x3b,0x0a,0x20,0x20,0x20,0x20,0x73,0x74,0x61,0x67,0x65,0x5f,0x6f,0x75,0x74,0x70,
    0x75,0x74,0x2e,0x67,0x6c,0x5f,0x50,0x6f,0x73,0x69,0x74,0x69,0x6f,0x6e,0x20,0x3d,
    0x20,0x67,0x6c,0x5f,0x50,0x6f,0x73,0x69,0x74,0x69,0x6f,0x6e,0x3b,0x0a,0x20,0x20,
    0x20,0x20,0x73,0x74,0x61,0x67,0x65,0x5f,0x6f,0x75,0x74,0x70,0x75,0x74,0x2e,0x63,
    0x6f,0x6c,0x6f,0x72,0x20,0x3d,0x20,0x63,0x6f,0x6c,0x6f,0x72,0x3b,0x0a,0x20,0x20,
    0x20,0x20,0x73,0x74,0x61,0x67,0x65,0x5f,0x6f,0x75,0x74,0x70,0x75,0x74,0x2e,0x75,
    0x76,0x20,0x3d,0x20,0x75,0x76,0x3b,0x0a,0x20,0x20,0x20,0x20,0x73,0x74,0x61,0x67,
    0x65,0x5f,0x6f,0x75,0x74,0x70,0x75,0x74,0x2e,0x76,0x52,0x6f,0x75,0x6e,0x64,0x20,
    0x3d,0x20,0x76,0x52,0x6f,0x75,0x6e,0x64,0x3b,0x0a,0x20,0x20,0x20,0x20,0x72,0x65,
    0x74,0x75,0x72,0x6e,0x20,0x73,0x74,0x61,0x67,0x65,0x5f,0x6f,0x75,0x74,0x70,0x75,
    0x74,0x3b,0x0a,0x7d,0x0a,0x00,
};
#endif
/*
    static float4 color;
    static float vRound;
    static float2 uv;
    static float4 frag;

    struct SPIRV_Cross_Input
    {
        float4 color : TEXCOORD0;
        float2 uv : TEXCOORD1;
        float vRound : TEXCOORD2;
    };

    struct SPIRV_Cross_Output
    {
        float4 frag : SV_Target0;
    };

    void frag_main()
    {
        float a = color.w;
        if (vRound > 0.5f)
        {
            float _31 = length(uv) * 2.0f;
            float _34 = fwidth(_31);
            a *= (1.0f - smoothstep(1.0f - _34, 1.0f + _34, _31));
        }
        frag = float4(color.xyz, a);
    }

    SPIRV_Cross_Output main(SPIRV_Cross_Input stage_input)
    {
        color = stage_input.color;
        vRound = stage_input.vRound;
        uv = stage_input.uv;
        frag_main();
        SPIRV_Cross_Output stage_output;
        stage_output.frag = frag;
        return stage_output;
    }
*/
#if defined(SOKOL_D3D11)
static const uint8_t tc_pointcloud_fs_source_hlsl5[767] = {
    0x73,0x74,0x61,0x74,0x69,0x63,0x20,0x66,0x6c,0x6f,0x61,0x74,0x34,0x20,0x63,0x6f,
    0x6c,0x6f,0x72,0x3b,0x0a,0x73,0x74,0x61,0x74,0x69,0x63,0x20,0x66,0x6c,0x6f,0x61,
    0x74,0x20,0x76,0x52,0x6f,0x75,0x6e,0x64,0x3b,0x0a,0x73,0x74,0x61,0x74,0x69,0x63,
    0x20,0x66,0x6c,0x6f,0x61,0x74,0x32,0x20,0x75,0x76,0x3b,0x0a,0x73,0x74,0x61,0x74,
    0x69,0x63,0x20,0x66,0x6c,0x6f,0x61,0x74,0x34,0x20,0x66,0x72,0x61,0x67,0x3b,0x0a,
    0x0a,0x73,0x74,0x72,0x75,0x63,0x74,0x20,0x53,0x50,0x49,0x52,0x56,0x5f,0x43,0x72,
    0x6f,0x73,0x73,0x5f,0x49,0x6e,0x70,0x75,0x74,0x0a,0x7b,0x0a,0x20,0x20,0x20,0x20,
    0x66,0x6c,0x6f,0x61,0x74,0x34,0x20,0x63,0x6f,0x6c,0x6f,0x72,0x20,0x3a,0x20,0x54,
    0x45,0x58,0x43,0x4f,0x4f,0x52,0x44,0x30,0x3b,0x0a,0x20,0x20,0x20,0x20,0x66,0x6c,
    0x6f,0x61,0x74,0x32,0x20,0x75,0x76,0x20,0x3a,0x20,0x54,0x45,0x58,0x43,0x4f,0x4f,
    0x52,0x44,0x31,0x3b,0x0a,0x20,0x20,0x20,0x20,0x66,0x6c,0x6f,0x61,0x74,0x20,0x76,
    0x52,0x6f,0x75,0x6e,0x64,0x20,0x3a,0x20,0x54,0x45,0x58,0x43,0x4f,0x4f,0x52,0x44,
    0x32,0x3b,0x0a,0x7d,0x3b,0x0a,0x0a,0x73,0x74,0x72,0x75,0x63,0x74,0x20,0x53,0x50,
    0x49,0x52,0x56,0x5f,0x43,0x72,0x6f,0x73,0x73,0x5f,0x4f,0x75,0x74,0x70,0x75,0x74,
    0x0a,0x7b,0x0a,0x20,0x20,0x20,0x20,0x66,0x6c,0x6f,0x61,0x74,0x34,0x20,0x66,0x72,
    0x61,0x67,0x20,0x3a,0x20,0x53,0x56,0x5f,0x54,0x61,0x72,0x67,0x65,0x74,0x30,0x3b,
    0x0a,0x7d,0x3b,0x0a,0x0a,0x76,0x6f,0x69,0x64,0x20,0x66,0x72,0x61,0x67,0x5f,0x6d,
    0x61,0x69,0x6e,0x28,0x29,0x0a,0x7b,0x0a,0x20,0x20,0x20,0x20,0x66,0x6c,0x6f,0x61,
    0x74,0x20,0x61,0x20,0x3d,0x20,0x63,0x6f,0x6c,0x6f,0x72,0x2e,0x77,0x3b,0x0a,0x20,
    0x20,0x20,0x20,0x69,0x66,0x20,0x28,0x76,0x52,0x6f,0x75,0x6e,0x64,0x20,0x3e,0x20,
    0x30,0x2e,0x35,0x66,0x29,0x0a,0x20,0x20,0x20,0x20,0x7b,0x0a,0x20,0x20,0x20,0x20,
    0x20,0x20,0x20,0x20,0x66,0x6c,0x6f,0x61,0x74,0x20,0x5f,0x33,0x31,0x20,0x3d,0x20,
    0x6c,0x65,0x6e,0x67,0x74,0x68,0x28,0x75,0x76,0x29,0x20,0x2a,0x20,0x32,0x2e,0x30,
    0x66,0x3b,0x0a,0x20,0x20,0x20,0x20,0x20,0x20,0x20,0x20,0x66,0x6c,0x6f,0x61,0x74,
    0x20,0x5f,0x33,0x34,0x20,0x3d,0x20,0x66,0x77,0x69,0x64,0x74,0x68,0x28,0x5f,0x33,
    0x31,0x29,0x3b,0x0a,0x20,0x20,0x20,0x20,0x20,0x20,0x20,0x20,0x61,0x20,0x2a,0x3d,
    0x20,0x28,0x31,0x2e,0x30,0x66,0x20,0x2d,0x20,0x73,0x6d,0x6f,0x6f,0x74,0x68,0x73,
    0x74,0x65,0x70,0x28,0x31,0x2e,0x30,0x66,0x20,0x2d,0x20,0x5f,0x33,0x34,0x2c,0x20,
    0x31,0x2e,0x30,0x66,0x20,0x2b,0x20,0x5f,0x33,0x34,0x2c,0x20,0x5f,0x33,0x31,0x29,
    0x29,0x3b,0x0a,0x20,0x20,0x20,0x20,0x7d,0x0a,0x20,0x20,0x20,0x20,0x66,0x72,0x61,
    0x67,0x20,0x3d,0x20,0x66,0x6c,0x6f,0x61,0x74,0x34,0x28,0x63,0x6f,0x6c,0x6f,0x72,
    0x2e,0x78,0x79,0x7a,0x2c,0x20,0x61,0x29,0x3b,0x0a,0x7d,0x0a,0x0a,0x53,0x50,0x49,
    0x52,0x56,0x5f,0x43,0x72,0x6f,0x73,0x73,0x5f,0x4f,0x75,0x74,0x70,0x75,0x74,0x20,
    0x6d,0x61,0x69,0x6e,0x28,0x53,0x50,0x49,0x52,0x56,0x5f,0x43,0x72,0x6f,0x73,0x73,
    0x5f,0x49,0x6e,0x70,0x75,0x74,0x20,0x73,0x74,0x61,0x67,0x65,0x5f,0x69,0x6e,0x70,
    0x75,0x74,0x29,0x0a,0x7b,0x0a,0x20,0x20,0x20,0x20,0x63,0x6f,0x6c,0x6f,0x72,0x20,
    0x3d,0x20,0x73,0x74,0x61,0x67,0x65,0x5f,0x69,0x6e,0x70,0x75,0x74,0x2e,0x63,0x6f,
    0x6c,0x6f,0x72,0x3b,0x0a,0x20,0x20,0x20,0x20,0x76,0x52,0x6f,0x75,0x6e,0x64,0x20,
    0x3d,0x20,0x73,0x74,0x61,0x67,0x65,0x5f,0x69,0x6e,0x70,0x75,0x74,0x2e,0x76,0x52,
    0x6f,0x75,0x6e,0x64,0x3b,0x0a,0x20,0x20,0x20,0x20,0x75,0x76,0x20,0x3d,0x20,0x73,
    0x74,0x61,0x67,0x65,0x5f,0x69,0x6e,0x70,0x75,0x74,0x2e,0x75,0x76,0x3b,0x0a,0x20,
    0x20,0x20,0x20,0x66,0x72,0x61,0x67,0x5f,0x6d,0x61,0x69,0x6e,0x28,0x29,0x3b,0x0a,
    0x20,0x20,0x20,0x20,0x53,0x50,0x49,0x52,0x56,0x5f,0x43,0x72,0x6f,0x73,0x73,0x5f,
    0x4f,0x75,0x74,0x70,0x75,0x74,0x20,0x73,0x74,0x61,0x67,0x65,0x5f,0x6f,0x75,0x74,
    0x70,0x75,0x74,0x3b,0x0a,0x20,0x20,0x20,0x20,0x73,0x74,0x61,0x67,0x65,0x5f,0x6f,
    0x75,0x74,0x70,0x75,0x74,0x2e,0x66,0x72,0x61,0x67,0x20,0x3d,0x20,0x66,0x72,0x61,
    0x67,0x3b,0x0a,0x20,0x20,0x20,0x20,0x72,0x65,0x74,0x75,0x72,0x6e,0x20,0x73,0x74,
    0x61,0x67,0x65,0x5f,0x6f,0x75,0x74,0x70,0x75,0x74,0x3b,0x0a,0x7d,0x0a,0x00,
};
#endif
/*
    cbuffer vs_params : register(b0)
    {
        row_major float4x4 _19_viewProj : packoffset(c0);
        float4 _19_params : packoffset(c4);
        float4 _19_tint : packoffset(c5);
    };


    static float4 gl_Position;
    static float gl_PointSize;
    static float3 inPos;
    static float4 color;
    static float4 inColor;

    struct SPIRV_Cross_Input
    {
        float3 inPos : TEXCOORD0;
        float4 inColor : TEXCOORD1;
    };

    struct SPIRV_Cross_Output
    {
        float4 color : TEXCOORD0;
        float4 gl_Position : SV_Position;
    };

    void vert_main()
    {
        gl_Position = mul(float4(inPos, 1.0f), _19_viewProj);
        gl_PointSize = 1.0f;
        color = inColor * _19_tint;
    }

    SPIRV_Cross_Output main(SPIRV_Cross_Input stage_input)
    {
        inPos = stage_input.inPos;
        inColor = stage_input.inColor;
        vert_main();
        SPIRV_Cross_Output stage_output;
        stage_output.gl_Position = gl_Position;
        stage_output.color = color;
        return stage_output;
    }
*/
#if defined(SOKOL_D3D11)
static const uint8_t tc_pointcloud_vs_prim_source_hlsl5[903] = {
    0x63,0x62,0x75,0x66,0x66,0x65,0x72,0x20,0x76,0x73,0x5f,0x70,0x61,0x72,0x61,0x6d,
    0x73,0x20,0x3a,0x20,0x72,0x65,0x67,0x69,0x73,0x74,0x65,0x72,0x28,0x62,0x30,0x29,
    0x0a,0x7b,0x0a,0x20,0x20,0x20,0x20,0x72,0x6f,0x77,0x5f,0x6d,0x61,0x6a,0x6f,0x72,
    0x20,0x66,0x6c,0x6f,0x61,0x74,0x34,0x78,0x34,0x20,0x5f,0x31,0x39,0x5f,0x76,0x69,
    0x65,0x77,0x50,0x72,0x6f,0x6a,0x20,0x3a,0x20,0x70,0x61,0x63,0x6b,0x6f,0x66,0x66,
    0x73,0x65,0x74,0x28,0x63,0x30,0x29,0x3b,0x0a,0x20,0x20,0x20,0x20,0x66,0x6c,0x6f,
    0x61,0x74,0x34,0x20,0x5f,0x31,0x39,0x5f,0x70,0x61,0x72,0x61,0x6d,0x73,0x20,0x3a,
    0x20,0x70,0x61,0x63,0x6b,0x6f,0x66,0x66,0x73,0x65,0x74,0x28,0x63,0x34,0x29,0x3b,
    0x0a,0x20,0x20,0x20,0x20,0x66,0x6c,0x6f,0x61,0x74,0x34,0x20,0x5f,0x31,0x39,0x5f,
    0x74,0x69,0x6e,0x74,0x20,0x3a,0x20,0x70,0x61,0x63,0x6b,0x6f,0x66,0x66,0x73,0x65,
    0x74,0x28,0x63,0x35,0x29,0x3b,0x0a,0x7d,0x3b,0x0a,0x0a,0x0a,0x73,0x74,0x61,0x74,
    0x69,0x63,0x20,0x66,0x6c,0x6f,0x61,0x74,0x34,0x20,0x67,0x6c,0x5f,0x50,0x6f,0x73,
    0x69,0x74,0x69,0x6f,0x6e,0x3b,0x0a,0x73,0x74,0x61,0x74,0x69,0x63,0x20,0x66,0x6c,
    0x6f,0x61,0x74,0x20,0x67,0x6c,0x5f,0x50,0x6f,0x69,0x6e,0x74,0x53,0x69,0x7a,0x65,
    0x3b,0x0a,0x73,0x74,0x61,0x74,0x69,0x63,0x20,0x66,0x6c,0x6f,0x61,0x74,0x33,0x20,
    0x69,0x6e,0x50,0x6f,0x73,0x3b,0x0a,0x73,0x74,0x61,0x74,0x69,0x63,0x20,0x66,0x6c,
    0x6f,0x61,0x74,0x34,0x20,0x63,0x6f,0x6c,0x6f,0x72,0x3b,0x0a,0x73,0x74,0x61,0x74,
    0x69,0x63,0x20,0x66,0x6c,0x6f,0x61,0x74,0x34,0x20,0x69,0x6e,0x43,0x6f,0x6c,0x6f,
    0x72,0x3b,0x0a,0x0a,0x73,0x74,0x72,0x75,0x63,0x74,0x20,0x53,0x50,0x49,0x52,0x56,
    0x5f,0x43,0x72,0x6f,0x73,0x73,0x5f,0x49,0x6e,0x70,0x75,0x74,0x0a,0x7b,0x0a,0x20,
    0x20,0x20,0x20,0x66,0x6c,0x6f,0x61,0x74,0x33,0x20,0x69,0x6e,0x50,0x6f,0x73,0x20,
    0x3a,0x20,0x54,0x45,0x58,0x43,0x4f,0x4f,0x52,0x44,0x30,0x3b,0x0a,0x20,0x20,0x20,
    0x20,0x66,0x6c,0x6f,0x61,0x74,0x34,0x20,0x69,0x6e,0x43,0x6f,0x6c,0x6f,0x72,0x20,
    0x3a,0x20,0x54,0x45,0x58,0x43,0x4f,0x4f,0x52,0x44,0x31,0x3b,0x0a,0x7d,0x3b,0x0a,
    0x0a,0x73,0x74,0x72,0x75,0x63,0x74,0x20,0x53,0x50,0x49,0x52,0x56,0x5f,0x43,0x72,
    0x6f,0x73,0x73,0x5f,0x4f,0x75,0x74,0x70,0x75,0x74,0x0a,0x7b,0x0a,0x20,0x20,0x20,
    0x20,0x66,0x6c,0x6f,0x61,0x74,0x34,0x20,0x63,0x6f,0x6c,0x6f,0x72,0x20,0x3a,0x20,
    0x54,0x45,0x58,0x43,0x4f,0x4f,0x52,0x44,0x30,0x3b,0x0a,0x20,0x20,0x20,0x20,0x66,
    0x6c,0x6f,0x61,0x74,0x34,0x20,0x67,0x6c,0x5f,0x50,0x6f,0x73,0x69,0x74,0x69,0x6f,
    0x6e,0x20,0x3a,0x20,0x53,0x56,0x5f,0x50,0x6f,0x73,0x69,0x74,0x69,0x6f,0x6e,0x3b,
    0x0a,0x7d,0x3b,0x0a,0x0a,0x76,0x6f,0x69,0x64,0x20,0x76,0x65,0x72,0x74,0x5f,0x6d,
    0x61,0x69,0x6e,0x28,0x29,0x0a,0x7b,0x0a,0x20,0x20,0x20,0x20,0x67,0x6c,0x5f,0x50,
    0x6f,0x73,0x69,0x74,0x69,0x6f,0x6e,0x20,0x3d,0x20,0x6d,0x75,0x6c,0x28,0x66,0x6c,
    0x6f,0x61,0x74,0x34,0x28,0x69,0x6e,0x50,0x6f,0x73,0x2c,0x20,0x31,0x2e,0x30,0x66,
    0x29,0x2c,0x20,0x5f,0x31,0x39,0x5f,0x76,0x69,0x65,0x77,0x50,0x72,0x6f,0x6a,0x29,
    0x3b,0x0a,0x20,0x20,0x20,0x20,0x67,0x6c,0x5f,0x50,0x6f,0x69,0x6e,0x74,0x53,0x69,
    0x7a,0x65,0x20,0x3d,0x20,0x31,0x2e,0x30,0x66,0x3b,0x0a,0x20,0x20,0x20,0x20,0x63,
    0x6f,0x6c,0x6f,0x72,0x20,0x3d,0x20,0x69,0x6e,0x43,0x6f,0x6c,0x6f,0x72,0x20,0x2a,
    0x20,0x5f,0x31,0x39,0x5f,0x74,0x69,0x6e,0x74,0x3b,0x0a,0x7d,0x0a,0x0a,0x53,0x50,
    0x49,0x52,0x56,0x5f,0x43,0x72,0x6f,0x73,0x73,0x5f,0x4f,0x75,0x74,0x70,0x75,0x74,
    0x20,0x6d,0x61,0x69,0x6e,0x28,0x53,0x50,0x49,0x52,0x56,0x5f,0x43,0x72,0x6f,0x73,
    0x73,0x5f,0x49,0x6e,0x70,0x75,0x74,0x20,0x73,0x74,0x61,0x67,0x65,0x5f,0x69,0x6e,
    0x70,0x75,0x74,0x29,0x0a,0x7b,0x0a,0x20,0x20,0x20,0x20,0x69,0x6e,0x50,0x6f,0x73,
    0x20,0x3d,0x20,0x73,0x74,0x61,0x67,0x65,0x5f,0x69,0x6e,0x70,0x75,0x74,0x2e,0x69,
    0x6e,0x50,0x6f,0x73,0x3b,0x0a,0x20,0x20,0x20,0x20,0x69,0x6e,0x43,0x6f,0x6c,0x6f,
    0x72,0x20,0x3d,0x20,0x73,0x74,0x61,0x67,0x65,0x5f,0x69,0x6e,0x70,0x75,0x74,0x2e,
    0x69,0x6e,0x43,0x6f,0x6c,0x6f,0x72,0x3b,0x0a,0x20,0x20,0x20,0x20,0x76,0x65,0x72,
    0x74,0x5f,0x6d,0x61,0x69,0x6e,0x28,0x29,0x3b,0x0a,0x20,0x20,0x20,0x20,0x53,0x50,
    0x49,0x52,0x56,0x5f,0x43,0x72,0x6f,0x73,0x73,0x5f,0x4f,0x75,0x74,0x70,0x75,0x74,
    0x20,0x73,0x74,0x61,0x67,0x65,0x5f,0x6f,0x75,0x74,0x70,0x75,0x74,0x3b,0x0a,0x20,
    0x20,0x20,0x20,0x73,0x74,0x61,0x67,0x65,0x5f,0x6f,0x75,0x74,0x70,0x75,0x74,0x2e,
    0x67,0x6c,0x5f,0x50,0x6f,0x73,0x69,0x74,0x69,0x6f,0x6e,0x20,0x3d,0x20,0x67,0x6c,
    0x5f,0x50,0x6f,0x73,0x69,0x74,0x69,0x6f,0x6e,0x3b,0x0a,0x20,0x20,0x20,0x20,0x73,
    0x74,0x61,0x67,0x65,0x5f,0x6f,0x75,0x74,0x70,0x75,0x74,0x2e,0x63,0x6f,0x6c,0x6f,
    0x72,0x20,0x3d,0x20,0x63,0x6f,0x6c,0x6f,0x72,0x3b,0x0a,0x20,0x20,0x20,0x20,0x72,
    0x65,0x74,0x75,0x72,0x6e,0x20,0x73,0x74,0x61,0x67,0x65,0x5f,0x6f,0x75,0x74,0x70,
    0x75,0x74,0x3b,0x0a,0x7d,0x0a,0x00,
};
#endif
/*
    static float4 frag;
    static float4 color;

    struct SPIRV_Cross_Input
    {
        float4 color : TEXCOORD0;
    };

    struct SPIRV_Cross_Output
    {
        float4 frag : SV_Target0;
    };

    void frag_main()
    {
        frag = color;
    }

    SPIRV_Cross_Output main(SPIRV_Cross_Input stage_input)
    {
        color = stage_input.color;
        frag_main();
        SPIRV_Cross_Output stage_output;
        stage_output.frag = frag;
        return stage_output;
    }
*/
#if defined(SOKOL_D3D11)
static const uint8_t tc_pointcloud_fs_prim_source_hlsl5[405] = {
    0x73,0x74,0x61,0x74,0x69,0x63,0x20,0x66,0x6c,0x6f,0x61,0x74,0x34,0x20,0x66,0x72,
    0x61,0x67,0x3b,0x0a,0x73,0x74,0x61,0x74,0x69,0x63,0x20,0x66,0x6c,0x6f,0x61,0x74,
    0x34,0x20,0x63,0x6f,0x6c,0x6f,0x72,0x3b,0x0a,0x0a,0x73,0x74,0x72,0x75,0x63,0x74,
    0x20,0x53,0x50,0x49,0x52,0x56,0x5f,0x43,0x72,0x6f,0x73,0x73,0x5f,0x49,0x6e,0x70,
    0x75,0x74,0x0a,0x7b,0x0a,0x20,0x20,0x20,0x20,0x66,0x6c,0x6f,0x61,0x74,0x34,0x20,
    0x63,0x6f,0x6c,0x6f,0x72,0x20,0x3a,0x20,0x54,0x45,0x58,0x43,0x4f,0x4f,0x52,0x44,
    0x30,0x3b,0x0a,0x7d,0x3b,0x0a,0x0a,0x73,0x74,0x72,0x75,0x63,0x74,0x20,0x53,0x50,
    0x49,0x52,0x56,0x5f,0x43,0x72,0x6f,0x73,0x73,0x5f,0x4f,0x75,0x74,0x70,0x75,0x74,
    0x0a,0x7b,0x0a,0x20,0x20,0x20,0x20,0x66,0x6c,0x6f,0x61,0x74,0x34,0x20,0x66,0x72,
    0x61,0x67,0x20,0x3a,0x20,0x53,0x56,0x5f,0x54,0x61,0x72,0x67,0x65,0x74,0x30,0x3b,
    0x0a,0x7d,0x3b,0x0a,0x0a,0x76,0x6f,0x69,0x64,0x20,0x66,0x72,0x61,0x67,0x5f,0x6d,
    0x61,0x69,0x6e,0x28,0x29,0x0a,0x7b,0x0a,0x20,0x20,0x20,0x20,0x66,0x72,0x61,0x67,
    0x20,0x3d,0x20,0x63,0x6f,0x6c,0x6f,0x72,0x3b,0x0a,0x7d,0x0a,0x0a,0x53,0x50,0x49,
    0x52,0x56,0x5f,0x43,0x72,0x6f,0x73,0x73,0x5f,0x4f,0x75,0x74,0x70,0x75,0x74,0x20,
    0x6d,0x61,0x69,0x6e,0x28,0x53,0x50,0x49,0x52,0x56,0x5f,0x43,0x72,0x6f,0x73,0x73,
    0x5f,0x49,0x6e,0x70,0x75,0x74,0x20,0x73,0x74,0x61,0x67,0x65,0x5f,0x69,0x6e,0x70,
    0x75,0x74,0x29,0x0a,0x7b,0x0a,0x20,0x20,0x20,0x20,0x63,0x6f,0x6c,0x6f,0x72,0x20,
    0x3d,0x20,0x73,0x74,0x61,0x67,0x65,0x5f,0x69,0x6e,0x70,0x75,0x74,0x2e,0x63,0x6f,
    0x6c,0x6f,0x72,0x3b,0x0a,0x20,0x20,0x20,0x20,0x66,0x72,0x61,0x67,0x5f,0x6d,0x61,
    0x69,0x6e,0x28,0x29,0x3b,0x0a,0x20,0x20,0x20,0x20,0x53,0x50,0x49,0x52,0x56,0x5f,
    0x43,0x72,0x6f,0x73,0x73,0x5f,0x4f,0x75,0x74,0x70,0x75,0x74,0x20,0x73,0x74,0x61,
    0x67,0x65,0x5f,0x6f,0x75,0x74,0x70,0x75,0x74,0x3b,0x0a,0x20,0x20,0x20,0x20,0x73,
    0x74,0x61,0x67,0x65,0x5f,0x6f,0x75,0x74,0x70,0x75,0x74,0x2e,0x66,0x72,0x61,0x67,
    0x20,0x3d,0x20,0x66,0x72,0x61,0x67,0x3b,0x0a,0x20,0x20,0x20,0x20,0x72,0x65,0x74,
    0x75,0x72,0x6e,0x20,0x73,0x74,0x61,0x67,0x65,0x5f,0x6f,0x75,0x74,0x70,0x75,0x74,
    0x3b,0x0a,0x7d,0x0a,0x00,
};
#endif
/*
    #include <metal_stdlib>
    #include <simd/simd.h>

    using namespace metal;

    struct vs_params
    {
        float4x4 viewProj;
        float4 params;
        float4 tint;
    };

    struct main0_out
    {
        float4 color [[user(locn0)]];
        float2 uv [[user(locn1)]];
        float vRound [[user(locn2)]];
        float4 gl_Position [[position]];
    };

    struct main0_in
    {
        float2 corner [[attribute(0)]];
        float3 inPos [[attribute(1)]];
        float4 inColor [[attribute(2)]];
    };

    vertex main0_out main0(main0_in in [[stage_in]], constant vs_params& _13 [[buffer(0)]])
    {
        main0_out out = {};
        float4 _28 = _13.viewProj * float4(in.inPos, 1.0);
        float2 _41 = in.corner * _13.params.x;
        _41.x = _41.x * _13.params.z;
        float2 _57 = _28.xy + (_41 * _28.w);
        float4 _91 = _28;
        _91.x = _57.x;
        _91.y = _57.y;
        out.gl_Position = _91;
        out.color = in.inColor * _13.tint;
        out.uv = in.corner;
        out.vRound = _13.params.y;
        return out;
    }

*/
#if defined(SOKOL_METAL)
static const uint8_t tc_pointcloud_vs_source_metal_macos[931] = {
    0x23,0x69,0x6e,0x63,0x6c,0x75,0x64,0x65,0x20,0x3c,0x6d,0x65,0x74,0x61,0x6c,0x5f,
    0x73,0x74,0x64,0x6c,0x69,0x62,0x3e,0x0a,0x23,0x69,0x6e,0x63,0x6c,0x75,0x64,0x65,
    0x20,0x3c,0x73,0x69,0x6d,0x64,0x2f,0x73,0x69,0x6d,0x64,0x2e,0x68,0x3e,0x0a,0x0a,
    0x75,0x73,0x69,0x6e,0x67,0x20,0x6e,0x61,0x6d,0x65,0x73,0x70,0x61,0x63,0x65,0x20,
    0x6d,0x65,0x74,0x61,0x6c,0x3b,0x0a,0x0a,0x73,0x74,0x72,0x75,0x63,0x74,0x20,0x76,
    0x73,0x5f,0x70,0x61,0x72,0x61,0x6d,0x73,0x0a,0x7b,0x0a,0x20,0x20,0x20,0x20,0x66,
    0x6c,0x6f,0x61,0x74,0x34,0x78,0x34,0x20,0x76,0x69,0x65,0x77,0x50,0x72,0x6f,0x6a,
    0x3b,0x0a,0x20,0x20,0x20,0x20,0x66,0x6c,0x6f,0x61,0x74,0x34,0x20,0x70,0x61,0x72,
    0x61,0x6d,0x73,0x3b,0x0a,0x20,0x20,0x20,0x20,0x66,0x6c,0x6f,0x61,0x74,0x34,0x20,
    0x74,0x69,0x6e,0x74,0x3b,0x0a,0x7d,0x3b,0x0a,0x0a,0x73,0x74,0x72,0x75,0x63,0x74,
    0x20,0x6d,0x61,0x69,0x6e,0x30,0x5f,0x6f,0x75,0x74,0x0a,0x7b,0x0a,0x20,0x20,0x20,
    0x20,0x66,0x6c,0x6f,0x61,0x74,0x34,0x20,0x63,0x6f,0x6c,0x6f,0x72,0x20,0x5b,0x5b,
    0x75,0x73,0x65,0x72,0x28,0x6c,0x6f,0x63,0x6e,0x30,0x29,0x5d,0x5d,0x3b,0x0a,0x20,
    0x20,0x20,0x20,0x66,0x6c,0x6f,0x61,0x74,0x32,0x20,0x75,0x76,0x20,0x5b,0x5b,0x75,
    0x73,0x65,0x72,0x28,0x6c,0x6f,0x63,0x6e,0x31,0x29,0x5d,0x5d,0x3b,0x0a,0x20,0x20,
    0x20,0x20,0x66,0x6c,0x6f,0x61,0x74,0x20,0x76,0x52,0x6f,0x75,0x6e,0x64,0x20,0x5b,
    0x5b,0x75,0x73,0x65,0x72,0x28,0x6c,0x6f,0x63,0x6e,0x32,0x29,0x5d,0x5d,0x3b,0x0a,
    0x20,0x20,0x20,0x20,0x66,0x6c,0x6f,0x61,0x74,0x34,0x20,0x67,0x6c,0x5f,0x50,0x6f,
    0x73,0x69,0x74,0x69,0x6f,0x6e,0x20,0x5b,0x5b,0x70,0x6f,0x73,0x69,0x74,0x69,0x6f,
    0x6e,0x5d,0x5d,0x3b,0x0a,0x7d,0x3b,0x0a,0x0a,0x73,0x74,0x72,0x75,0x63,0x74,0x20,
    0x6d,0x61,0x69,0x6e,0x30,0x5f,0x69,0x6e,0x0a,0x7b,0x0a,0x20,0x20,0x20,0x20,0x66,
    0x6c,0x6f,0x61,0x74,0x32,0x20,0x63,0x6f,0x72,0x6e,0x65,0x72,0x20,0x5b,0x5b,0x61,
    0x74,0x74,0x72,0x69,0x62,0x75,0x74,0x65,0x28,0x30,0x29,0x5d,0x5d,0x3b,0x0a,0x20,
    0x20,0x20,0x20,0x66,0x6c,0x6f,0x61,0x74,0x33,0x20,0x69,0x6e,0x50,0x6f,0x73,0x20,
    0x5b,0x5b,0x61,0x74,0x74,0x72,0x69,0x62,0x75,0x74,0x65,0x28,0x31,0x29,0x5d,0x5d,
    0x3b,0x0a,0x20,0x20,0x20,0x20,0x66,0x6c,0x6f,0x61,0x74,0x34,0x20,0x69,0x6e,0x43,
    0x6f,0x6c,0x6f,0x72,0x20,0x5b,0x5b,0x61,0x74,0x74,0x72,0x69,0x62,0x75,0x74,0x65,
    0x28,0x32,0x29,0x5d,0x5d,0x3b,0x0a,0x7d,0x3b,0x0a,0x0a,0x76,0x65,0x72,0x74,0x65,
    0x78,0x20,0x6d,0x61,0x69,0x6e,0x30,0x5f,0x6f,0x75,0x74,0x20,0x6d,0x61,0x69,0x6e,
    0x30,0x28,0x6d,0x61,0x69,0x6e,0x30,0x5f,0x69,0x6e,0x20,0x69,0x6e,0x20,0x5b,0x5b,
    0x73,0x74,0x61,0x67,0x65,0x5f,0x69,0x6e,0x5d,0x5d,0x2c,0x20,0x63,0x6f,0x6e,0x73,
    0x74,0x61,0x6e,0x74,0x20,0x76,0x73,0x5f,0x70,0x61,0x72,0x61,0x6d,0x73,0x26,0x20,
    0x5f,0x31,0x33,0x20,0x5b,0x5b,0x62,0x75,0x66,0x66,0x65,0x72,0x28,0x30,0x29,0x5d,
    0x5d,0x29,0x0a,0x7b,0x0a,0x20,0x20,0x20,0x20,0x6d,0x61,0x69,0x6e,0x30,0x5f,0x6f,
    0x75,0x74,0x20,0x6f,0x75,0x74,0x20,0x3d,0x20,0x7b,0x7d,0x3b,0x0a,0x20,0x20,0x20,
    0x20,0x66,0x6c,0x6f,0x61,0x74,0x34,0x20,0x5f,0x32,0x38,0x20,0x3d,0x20,0x5f,0x31,
    0x33,0x2e,0x76,0x69,0x65,0x77,0x50,0x72,0x6f,0x6a,0x20,0x2a,0x20,0x66,0x6c,0x6f,
    0x61,0x74,0x34,0x28,0x69,0x6e,0x2e,0x69,0x6e,0x50,0x6f,0x73,0x2c,0x20,0x31,0x2e,
    0x30,0x29,0x3b,0x0a,0x20,0x20,0x20,0x20,0x66,0x6c,0x6f,0x61,0x74,0x32,0x20,0x5f,
    0x34,0x31,0x20,0x3d,0x20,0x69,0x6e,0x2e,0x63,0x6f,0x72,0x6e,0x65,0x72,0x20,0x2a,
    0x20,0x5f,0x31,0x33,0x2e,0x70,0x61,0x72,0x61,0x6d,0x73,0x2e,0x78,0x3b,0x0a,0x20,
    0x20,0x20,0x20,0x5f,0x34,0x31,0x2e,0x78,0x20,0x3d,0x20,0x5f,0x34,0x31,0x2e,0x78,
    0x20,0x2a,0x20,0x5f,0x31,0x33,0x2e,0x70,0x61,0x72,0x61,0x6d,0x73,0x2e,0x7a,0x3b,
    0x0a,0x20,0x20,0x20,0x20,0x66,0x6c,0x6f,0x61,0x74,0x32,0x20,0x5f,0x35,0x37,0x20,
    0x3d,0x20,0x5f,0x32,0x38,0x2e,0x78,0x79,0x20,0x2b,0x20,0x28,0x5f,0x34,0x31,0x20,
    0x2a,0x20,0x5f,0x32,0x38,0x2e,0x77,0x29,0x3b,0x0a,0x20,0x20,0x20,0x20,0x66,0x6c,
    0x6f,0x61,0x74,0x34,0x20,0x5f,0x39,0x31,0x20,0x3d,0x20,0x5f,0x32,0x38,0x3b,0x0a,
    0x20,0x20,0x20,0x20,0x5f,0x39,0x31,0x2e,0x78,0x20,0x3d,0x20,0x5f,0x35,0x37,0x2e,
    0x78,0x3b,0x0a,0x20,0x20,0x20,0x20,0x5f,0x39,0x31,0x2e,0x79,0x20,0x3d,0x20,0x5f,
    0x35,0x37,0x2e,0x79,0x3b,0x0a,0x20,0x20,0x20,0x20,0x6f,0x75,0x74,0x2e,0x67,0x6c,
    0x5f,0x50,0x6f,0x73,0x69,0x74,0x69,0x6f,0x6e,0x20,0x3d,0x20,0x5f,0x39,0x31,0x3b,
    0x0a,0x20,0x20,0x20,0x20,0x6f,0x75,0x74,0x2e,0x63,0x6f,0x6c,0x6f,0x72,0x20,0x3d,
    0x20,0x69,0x6e,0x2e,0x69,0x6e,0x43,0x6f,0x6c,0x6f,0x72,0x20,0x2a,0x20,0x5f,0x31,
    0x33,0x2e,0x74,0x69,0x6e,0x74,0x3b,0x0a,0x20,0x20,0x20,0x20,0x6f,0x75,0x74,0x2e,
    0x75,0x76,0x20,0x3d,0x20,0x69,0x6e,0x2e,0x63,0x6f,0x72,0x6e,0x65,0x72,0x3b,0x0a,
    0x20,0x20,0x20,0x20,0x6f,0x75,0x74,0x2e,0x76,0x52,0x6f,0x75,0x6e,0x64,0x20,0x3d,
    0x20,0x5f,0x31,0x33,0x2e,0x70,0x61,0x72,0x61,0x6d,0x73,0x2e,0x79,0x3b,0x0a,0x20,
    0x20,0x20,0x20,0x72,0x65,0x74,0x75,0x72,0x6e,0x20,0x6f,0x75,0x74,0x3b,0x0a,0x7d,
    0x0a,0x0a,0x00,
};
#endif
/*
    #include <metal_stdlib>
    #include <simd/simd.h>

    using namespace metal;

    struct main0_out
    {
        float4 frag [[color(0)]];
    };

    struct main0_in
    {
        float4 color [[user(locn0)]];
        float2 uv [[user(locn1)]];
        float vRound [[user(locn2)]];
    };

    fragment main0_out main0(main0_in in [[stage_in]])
    {
        main0_out out = {};
        float a = in.color.w;
        if (in.vRound > 0.5)
        {
            float _31 = length(in.uv) * 2.0;
            float _34 = fwidth(_31);
            a *= (1.0 - smoothstep(1.0 - _34, 1.0 + _34, _31));
        }
        out.frag = float4(in.color.xyz, a);
        return out;
    }

*/
#if defined(SOKOL_METAL)
static const uint8_t tc_pointcloud_fs_source_metal_macos[580] = {
    0x23,0x69,0x6e,0x63,0x6c,0x75,0x64,0x65,0x20,0x3c,0x6d,0x65,0x74,0x61,0x6c,0x5f,
    0x73,0x74,0x64,0x6c,0x69,0x62,0x3e,0x0a,0x23,0x69,0x6e,0x63,0x6c,0x75,0x64,0x65,
    0x20,0x3c,0x73,0x69,0x6d,0x64,0x2f,0x73,0x69,0x6d,0x64,0x2e,0x68,0x3e,0x0a,0x0a,
    0x75,0x73,0x69,0x6e,0x67,0x20,0x6e,0x61,0x6d,0x65,0x73,0x70,0x61,0x63,0x65,0x20,
    0x6d,0x65,0x74,0x61,0x6c,0x3b,0x0a,0x0a,0x73,0x74,0x72,0x75,0x63,0x74,0x20,0x6d,
    0x61,0x69,0x6e,0x30,0x5f,0x6f,0x75,0x74,0x0a,0x7b,0x0a,0x20,0x20,0x20,0x20,0x66,
    0x6c,0x6f,0x61,0x74,0x34,0x20,0x66,0x72,0x61,0x67,0x20,0x5b,0x5b,0x63,0x6f,0x6c,
    0x6f,0x72,0x28,0x30,0x29,0x5d,0x5d,0x3b,0x0a,0x7d,0x3b,0x0a,0x0a,0x73,0x74,0x72,
    0x75,0x63,0x74,0x20,0x6d,0x61,0x69,0x6e,0x30,0x5f,0x69,0x6e,0x0a,0x7b,0x0a,0x20,
    0x20,0x20,0x20,0x66,0x6c,0x6f,0x61,0x74,0x34,0x20,0x63,0x6f,0x6c,0x6f,0x72,0x20,
    0x5b,0x5b,0x75,0x73,0x65,0x72,0x28,0x6c,0x6f,0x63,0x6e,0x30,0x29,0x5d,0x5d,0x3b,
    0x0a,0x20,0x20,0x20,0x20,0x66,0x6c,0x6f,0x61,0x74,0x32,0x20,0x75,0x76,0x20,0x5b,
    0x5b,0x75,0x73,0x65,0x72,0x28,0x6c,0x6f,0x63,0x6e,0x31,0x29,0x5d,0x5d,0x3b,0x0a,
    0x20,0x20,0x20,0x20,0x66,0x6c,0x6f,0x61,0x74,0x20,0x76,0x52,0x6f,0x75,0x6e,0x64,
    0x20,0x5b,0x5b,0x75,0x73,0x65,0x72,0x28,0x6c,0x6f,0x63,0x6e,0x32,0x29,0x5d,0x5d,
    0x3b,0x0a,0x7d,0x3b,0x0a,0x0a,0x66,0x72,0x61,0x67,0x6d,0x65,0x6e,0x74,0x20,0x6d,
    0x61,0x69,0x6e,0x30,0x5f,0x6f,0x75,0x74,0x20,0x6d,0x61,0x69,0x6e,0x30,0x28,0x6d,
    0x61,0x69,0x6e,0x30,0x5f,0x69,0x6e,0x20,0x69,0x6e,0x20,0x5b,0x5b,0x73,0x74,0x61,
    0x67,0x65,0x5f,0x69,0x6e,0x5d,0x5d,0x29,0x0a,0x7b,0x0a,0x20,0x20,0x20,0x20,0x6d,
    0x61,0x69,0x6e,0x30,0x5f,0x6f,0x75,0x74,0x20,0x6f,0x75,0x74,0x20,0x3d,0x20,0x7b,
    0x7d,0x3b,0x0a,0x20,0x20,0x20,0x20,0x66,0x6c,0x6f,0x61,0x74,0x20,0x61,0x20,0x3d,
    0x20,0x69,0x6e,0x2e,0x63,0x6f,0x6c,0x6f,0x72,0x2e,0x77,0x3b,0x0a,0x20,0x20,0x20,
    0x20,0x69,0x66,0x20,0x28,0x69,0x6e,0x2e,0x76,0x52,0x6f,0x75,0x6e,0x64,0x20,0x3e,
    0x20,0x30,0x2e,0x35,0x29,0x0a,0x20,0x20,0x20,0x20,0x7b,0x0a,0x20,0x20,0x20,0x20,
    0x20,0x20,0x20,0x20,0x66,0x6c,0x6f,0x61,0x74,0x20,0x5f,0x33,0x31,0x20,0x3d,0x20,
    0x6c,0x65,0x6e,0x67,0x74,0x68,0x28,0x69,0x6e,0x2e,0x75,0x76,0x29,0x20,0x2a,0x20,
    0x32,0x2e,0x30,0x3b,0x0a,0x20,0x20,0x20,0x20,0x20,0x20,0x20,0x20,0x66,0x6c,0x6f,
    0x61,0x74,0x20,0x5f,0x33,0x34,0x20,0x3d,0x20,0x66,0x77,0x69,0x64,0x74,0x68,0x28,
    0x5f,0x33,0x31,0x29,0x3b,0x0a,0x20,0x20,0x20,0x20,0x20,0x20,0x20,0x20,0x61,0x20,
    0x2a,0x3d,0x20,0x28,0x31,0x2e,0x30,0x20,0x2d,0x20,0x73,0x6d,0x6f,0x6f,0x74,0x68,
    0x73,0x74,0x65,0x70,0x28,0x31,0x2e,0x30,0x20,0x2d,0x20,0x5f,0x33,0x34,0x2c,0x20,
    0x31,0x2e,0x30,0x20,0x2b,0x20,0x5f,0x33,0x34,0x2c,0x20,0x5f,0x33,0x31,0x29,0x29,
    0x3b,0x0a,0x20,0x20,0x20,0x20,0x7d,0x0a,0x20,0x20,0x20,0x20,0x6f,0x75,0x74,0x2e,
    0x66,0x72,0x61,0x67,0x20,0x3d,0x20,0x66,0x6c,0x6f,0x61,0x74,0x34,0x28,0x69,0x6e,
    0x2e,0x63,0x6f,0x6c,0x6f,0x72,0x2e,0x78,0x79,0x7a,0x2c,0x20,0x61,0x29,0x3b,0x0a,
    0x20,0x20,0x20,0x20,0x72,0x65,0x74,0x75,0x72,0x6e,0x20,0x6f,0x75,0x74,0x3b,0x0a,
    0x7d,0x0a,0x0a,0x00,
};
#endif
/*
    #include <metal_stdlib>
    #include <simd/simd.h>

    using namespace metal;

    struct vs_params
    {
        float4x4 viewProj;
        float4 params;
        float4 tint;
    };

    struct main0_out
    {
        float4 color [[user(locn0)]];
        float4 gl_Position [[position]];
        float gl_PointSize [[point_size]];
    };

    struct main0_in
    {
        float3 inPos [[attribute(0)]];
        float4 inColor [[attribute(1)]];
    };

    vertex main0_out main0(main0_in in [[stage_in]], constant vs_params& _19 [[buffer(0)]])
    {
        main0_out out = {};
        out.gl_Position = _19.viewProj * float4(in.inPos, 1.0);
        out.gl_PointSize = 1.0;
        out.color = in.inColor * _19.tint;
        return out;
    }

*/
#if defined(SOKOL_METAL)
static const uint8_t tc_pointcloud_vs_prim_source_metal_macos[642] = {
    0x23,0x69,0x6e,0x63,0x6c,0x75,0x64,0x65,0x20,0x3c,0x6d,0x65,0x74,0x61,0x6c,0x5f,
    0x73,0x74,0x64,0x6c,0x69,0x62,0x3e,0x0a,0x23,0x69,0x6e,0x63,0x6c,0x75,0x64,0x65,
    0x20,0x3c,0x73,0x69,0x6d,0x64,0x2f,0x73,0x69,0x6d,0x64,0x2e,0x68,0x3e,0x0a,0x0a,
    0x75,0x73,0x69,0x6e,0x67,0x20,0x6e,0x61,0x6d,0x65,0x73,0x70,0x61,0x63,0x65,0x20,
    0x6d,0x65,0x74,0x61,0x6c,0x3b,0x0a,0x0a,0x73,0x74,0x72,0x75,0x63,0x74,0x20,0x76,
    0x73,0x5f,0x70,0x61,0x72,0x61,0x6d,0x73,0x0a,0x7b,0x0a,0x20,0x20,0x20,0x20,0x66,
    0x6c,0x6f,0x61,0x74,0x34,0x78,0x34,0x20,0x76,0x69,0x65,0x77,0x50,0x72,0x6f,0x6a,
    0x3b,0x0a,0x20,0x20,0x20,0x20,0x66,0x6c,0x6f,0x61,0x74,0x34,0x20,0x70,0x61,0x72,
    0x61,0x6d,0x73,0x3b,0x0a,0x20,0x20,0x20,0x20,0x66,0x6c,0x6f,0x61,0x74,0x34,0x20,
    0x74,0x69,0x6e,0x74,0x3b,0x0a,0x7d,0x3b,0x0a,0x0a,0x73,0x74,0x72,0x75,0x63,0x74,
    0x20,0x6d,0x61,0x69,0x6e,0x30,0x5f,0x6f,0x75,0x74,0x0a,0x7b,0x0a,0x20,0x20,0x20,
    0x20,0x66,0x6c,0x6f,0x61,0x74,0x34,0x20,0x63,0x6f,0x6c,0x6f,0x72,0x20,0x5b,0x5b,
    0x75,0x73,0x65,0x72,0x28,0x6c,0x6f,0x63,0x6e,0x30,0x29,0x5d,0x5d,0x3b,0x0a,0x20,
    0x20,0x20,0x20,0x66,0x6c,0x6f,0x61,0x74,0x34,0x20,0x67,0x6c,0x5f,0x50,0x6f,0x73,
    0x69,0x74,0x69,0x6f,0x6e,0x20,0x5b,0x5b,0x70,0x6f,0x73,0x69,0x74,0x69,0x6f,0x6e,
    0x5d,0x5d,0x3b,0x0a,0x20,0x20,0x20,0x20,0x66,0x6c,0x6f,0x61,0x74,0x20,0x67,0x6c,
    0x5f,0x50,0x6f,0x69,0x6e,0x74,0x53,0x69,0x7a,0x65,0x20,0x5b,0x5b,0x70,0x6f,0x69,
    0x6e,0x74,0x5f,0x73,0x69,0x7a,0x65,0x5d,0x5d,0x3b,0x0a,0x7d,0x3b,0x0a,0x0a,0x73,
    0x74,0x72,0x75,0x63,0x74,0x20,0x6d,0x61,0x69,0x6e,0x30,0x5f,0x69,0x6e,0x0a,0x7b,
    0x0a,0x20,0x20,0x20,0x20,0x66,0x6c,0x6f,0x61,0x74,0x33,0x20,0x69,0x6e,0x50,0x6f,
    0x73,0x20,0x5b,0x5b,0x61,0x74,0x74,0x72,0x69,0x62,0x75,0x74,0x65,0x28,0x30,0x29,
    0x5d,0x5d,0x3b,0x0a,0x20,0x20,0x20,0x20,0x66,0x6c,0x6f,0x61,0x74,0x34,0x20,0x69,
    0x6e,0x43,0x6f,0x6c,0x6f,0x72,0x20,0x5b,0x5b,0x61,0x74,0x74,0x72,0x69,0x62,0x75,
    0x74,0x65,0x28,0x31,0x29,0x5d,0x5d,0x3b,0x0a,0x7d,0x3b,0x0a,0x0a,0x76,0x65,0x72,
    0x74,0x65,0x78,0x20,0x6d,0x61,0x69,0x6e,0x30,0x5f,0x6f,0x75,0x74,0x20,0x6d,0x61,
    0x69,0x6e,0x30,0x28,0x6d,0x61,0x69,0x6e,0x30,0x5f,0x69,0x6e,0x20,0x69,0x6e,0x20,
    0x5b,0x5b,0x73,0x74,0x61,0x67,0x65,0x5f,0x69,0x6e,0x5d,0x5d,0x2c,0x20,0x63,0x6f,
    0x6e,0x73,0x74,0x61,0x6e,0x74,0x20,0x76,0x73,0x5f,0x70,0x61,0x72,0x61,0x6d,0x73,
    0x26,0x20,0x5f,0x31,0x39,0x20,0x5b,0x5b,0x62,0x75,0x66,0x66,0x65,0x72,0x28,0x30,
    0x29,0x5d,0x5d,0x29,0x0a,0x7b,0x0a,0x20,0x20,0x20,0x20,0x6d,0x61,0x69,0x6e,0x30,
    0x5f,0x6f,0x75,0x74,0x20,0x6f,0x75,0x74,0x20,0x3d,0x20,0x7b,0x7d,0x3b,0x0a,0x20,
    0x20,0x20,0x20,0x6f,0x75,0x74,0x2e,0x67,0x6c,0x5f,0x50,0x6f,0x73,0x69,0x74,0x69,
    0x6f,0x6e,0x20,0x3d,0x20,0x5f,0x31,0x39,0x2e,0x76,0x69,0x65,0x77,0x50,0x72,0x6f,
    0x6a,0x20,0x2a,0x20,0x66,0x6c,0x6f,0x61,0x74,0x34,0x28,0x69,0x6e,0x2e,0x69,0x6e,
    0x50,0x6f,0x73,0x2c,0x20,0x31,0x2e,0x30,0x29,0x3b,0x0a,0x20,0x20,0x20,0x20,0x6f,
    0x75,0x74,0x2e,0x67,0x6c,0x5f,0x50,0x6f,0x69,0x6e,0x74,0x53,0x69,0x7a,0x65,0x20,
    0x3d,0x20,0x31,0x2e,0x30,0x3b,0x0a,0x20,0x20,0x20,0x20,0x6f,0x75,0x74,0x2e,0x63,
    0x6f,0x6c,0x6f,0x72,0x20,0x3d,0x20,0x69,0x6e,0x2e,0x69,0x6e,0x43,0x6f,0x6c,0x6f,
    0x72,0x20,0x2a,0x20,0x5f,0x31,0x39,0x2e,0x74,0x69,0x6e,0x74,0x3b,0x0a,0x20,0x20,
    0x20,0x20,0x72,0x65,0x74,0x75,0x72,0x6e,0x20,0x6f,0x75,0x74,0x3b,0x0a,0x7d,0x0a,
    0x0a,0x00,
};
#endif
/*
    #include <metal_stdlib>
    #include <simd/simd.h>

    using namespace metal;

    struct main0_out
    {
        float4 frag [[color(0)]];
    };

    struct main0_in
    {
        float4 color [[user(locn0)]];
    };

    fragment main0_out main0(main0_in in [[stage_in]])
    {
        main0_out out = {};
        out.frag = in.color;
        return out;
    }

*/
#if defined(SOKOL_METAL)
static const uint8_t tc_pointcloud_fs_prim_source_metal_macos[303] = {
    0x23,0x69,0x6e,0x63,0x6c,0x75,0x64,0x65,0x20,0x3c,0x6d,0x65,0x74,0x61,0x6c,0x5f,
    0x73,0x74,0x64,0x6c,0x69,0x62,0x3e,0x0a,0x23,0x69,0x6e,0x63,0x6c,0x75,0x64,0x65,
    0x20,0x3c,0x73,0x69,0x6d,0x64,0x2f,0x73,0x69,0x6d,0x64,0x2e,0x68,0x3e,0x0a,0x0a,
    0x75,0x73,0x69,0x6e,0x67,0x20,0x6e,0x61,0x6d,0x65,0x73,0x70,0x61,0x63,0x65,0x20,
    0x6d,0x65,0x74,0x61,0x6c,0x3b,0x0a,0x0a,0x73,0x74,0x72,0x75,0x63,0x74,0x20,0x6d,
    0x61,0x69,0x6e,0x30,0x5f,0x6f,0x75,0x74,0x0a,0x7b,0x0a,0x20,0x20,0x20,0x20,0x66,
    0x6c,0x6f,0x61,0x74,0x34,0x20,0x66,0x72,0x61,0x67,0x20,0x5b,0x5b,0x63,0x6f,0x6c,
    0x6f,0x72,0x28,0x30,0x29,0x5d,0x5d,0x3b,0x0a,0x7d,0x3b,0x0a,0x0a,0x73,0x74,0x72,
    0x75,0x63,0x74,0x20,0x6d,0x61,0x69,0x6e,0x30,0x5f,0x69,0x6e,0x0a,0x7b,0x0a,0x20,
    0x20,0x20,0x20,0x66,0x6c,0x6f,0x61,0x74,0x34,0x20,0x63,0x6f,0x6c,0x6f,0x72,0x20,
    0x5b,0x5b,0x75,0x73,0x65,0x72,0x28,0x6c,0x6f,0x63,0x6e,0x30,0x29,0x5d,0x5d,0x3b,
    0x0a,0x7d,0x3b,0x0a,0x0a,0x66,0x72,0x61,0x67,0x6d,0x65,0x6e,0x74,0x20,0x6d,0x61,
    0x69,0x6e,0x30,0x5f,0x6f,0x75,0x74,0x20,0x6d,0x61,0x69,0x6e,0x30,0x28,0x6d,0x61,
    0x69,0x6e,0x30,0x5f,0x69,0x6e,0x20,0x69,0x6e,0x20,0x5b,0x5b,0x73,0x74,0x61,0x67,
    0x65,0x5f,0x69,0x6e,0x5d,0x5d,0x29,0x0a,0x7b,0x0a,0x20,0x20,0x20,0x20,0x6d,0x61,
    0x69,0x6e,0x30,0x5f,0x6f,0x75,0x74,0x20,0x6f,0x75,0x74,0x20,0x3d,0x20,0x7b,0x7d,
    0x3b,0x0a,0x20,0x20,0x20,0x20,0x6f,0x75,0x74,0x2e,0x66,0x72,0x61,0x67,0x20,0x3d,
    0x20,0x69,0x6e,0x2e,0x63,0x6f,0x6c,0x6f,0x72,0x3b,0x0a,0x20,0x20,0x20,0x20,0x72,
    0x65,0x74,0x75,0x72,0x6e,0x20,0x6f,0x75,0x74,0x3b,0x0a,0x7d,0x0a,0x0a,0x00,
};
#endif
/*
    #include <metal_stdlib>
    #include <simd/simd.h>

    using namespace metal;

    struct vs_params
    {
        float4x4 viewProj;
        float4 params;
        float4 tint;
    };

    struct main0_out
    {
        float4 color [[user(locn0)]];
        float2 uv [[user(locn1)]];
        float vRound [[user(locn2)]];
        float4 gl_Position [[position]];
    };

    struct main0_in
    {
        float2 corner [[attribute(0)]];
        float3 inPos [[attribute(1)]];
        float4 inColor [[attribute(2)]];
    };

    vertex main0_out main0(main0_in in [[stage_in]], constant vs_params& _13 [[buffer(0)]])
    {
        main0_out out = {};
        float4 _28 = _13.viewProj * float4(in.inPos, 1.0);
        float2 _41 = in.corner * _13.params.x;
        _41.x = _41.x * _13.params.z;
        float2 _57 = _28.xy + (_41 * _28.w);
        float4 _91 = _28;
        _91.x = _57.x;
        _91.y = _57.y;
        out.gl_Position = _91;
        out.color = in.inColor * _13.tint;
        out.uv = in.corner;
        out.vRound = _13.params.y;
        return out;
    }

*/
#if defined(SOKOL_METAL)
static const uint8_t tc_pointcloud_vs_source_metal_ios[931] = {
    0x23,0x69,0x6e,0x63,0x6c,0x75,0x64,0x65,0x20,0x3c,0x6d,0x65,0x74,0x61,0x6c,0x5f,
    0x73,0x74,0x64,0x6c,0x69,0x62,0x3e,0x0a,0x23,0x69,0x6e,0x63,0x6c,0x75,0x64,0x65,
    0x20,0x3c,0x73,0x69,0x6d,0x64,0x2f,0x73,0x69,0x6d,0x64,0x2e,0x68,0x3e,0x0a,0x0a,
    0x75,0x73,0x69,0x6e,0x67,0x20,0x6e,0x61,0x6d,0x65,0x73,0x70,0x61,0x63,0x65,0x20,
    0x6d,0x65,0x74,0x61,0x6c,0x3b,0x0a,0x0a,0x73,0x74,0x72,0x75,0x63,0x74,0x20,0x76,
    0x73,0x5f,0x70,0x61,0x72,0x61,0x6d,0x73,0x0a,0x7b,0x0a,0x20,0x20,0x20,0x20,0x66,
    0x6c,0x6f,0x61,0x74,0x34,0x78,0x34,0x20,0x76,0x69,0x65,0x77,0x50,0x72,0x6f,0x6a,
    0x3b,0x0a,0x20,0x20,0x20,0x20,0x66,0x6c,0x6f,0x61,0x74,0x34,0x20,0x70,0x61,0x72,
    0x61,0x6d,0x73,0x3b,0x0a,0x20,0x20,0x20,0x20,0x66,0x6c,0x6f,0x61,0x74,0x34,0x20,
    0x74,0x69,0x6e,0x74,0x3b,0x0a,0x7d,0x3b,0x0a,0x0a,0x73,0x74,0x72,0x75,0x63,0x74,
    0x20,0x6d,0x61,0x69,0x6e,0x30,0x5f,0x6f,0x75,0x74,0x0a,0x7b,0x0a,0x20,0x20,0x20,
    0x20,0x66,0x6c,0x6f,0x61,0x74,0x34,0x20,0x63,0x6f,0x6c,0x6f,0x72,0x20,0x5b,0x5b,
    0x75,0x73,0x65,0x72,0x28,0x6c,0x6f,0x63,0x6e,0x30,0x29,0x5d,0x5d,0x3b,0x0a,0x20,
    0x20,0x20,0x20,0x66,0x6c,0x6f,0x61,0x74,0x32,0x20,0x75,0x76,0x20,0x5b,0x5b,0x75,
    0x73,0x65,0x72,0x28,0x6c,0x6f,0x63,0x6e,0x31,0x29,0x5d,0x5d,0x3b,0x0a,0x20,0x20,
    0x20,0x20,0x66,0x6c,0x6f,0x61,0x74,0x20,0x76,0x52,0x6f,0x75,0x6e,0x64,0x20,0x5b,
    0x5b,0x75,0x73,0x65,0x72,0x28,0x6c,0x6f,0x63,0x6e,0x32,0x29,0x5d,0x5d,0x3b,0x0a,
    0x20,0x20,0x20,0x20,0x66,0x6c,0x6f,0x61,0x74,0x34,0x20,0x67,0x6c,0x5f,0x50,0x6f,
    0x73,0x69,0x74,0x69,0x6f,0x6e,0x20,0x5b,0x5b,0x70,0x6f,0x73,0x69,0x74,0x69,0x6f,
    0x6e,0x5d,0x5d,0x3b,0x0a,0x7d,0x3b,0x0a,0x0a,0x73,0x74,0x72,0x75,0x63,0x74,0x20,
    0x6d,0x61,0x69,0x6e,0x30,0x5f,0x69,0x6e,0x0a,0x7b,0x0a,0x20,0x20,0x20,0x20,0x66,
    0x6c,0x6f,0x61,0x74,0x32,0x20,0x63,0x6f,0x72,0x6e,0x65,0x72,0x20,0x5b,0x5b,0x61,
    0x74,0x74,0x72,0x69,0x62,0x75,0x74,0x65,0x28,0x30,0x29,0x5d,0x5d,0x3b,0x0a,0x20,
    0x20,0x20,0x20,0x66,0x6c,0x6f,0x61,0x74,0x33,0x20,0x69,0x6e,0x50,0x6f,0x73,0x20,
    0x5b,0x5b,0x61,0x74,0x74,0x72,0x69,0x62,0x75,0x74,0x65,0x28,0x31,0x29,0x5d,0x5d,
    0x3b,0x0a,0x20,0x20,0x20,0x20,0x66,0x6c,0x6f,0x61,0x74,0x34,0x20,0x69,0x6e,0x43,
    0x6f,0x6c,0x6f,0x72,0x20,0x5b,0x5b,0x61,0x74,0x74,0x72,0x69,0x62,0x75,0x74,0x65,
    0x28,0x32,0x29,0x5d,0x5d,0x3b,0x0a,0x7d,0x3b,0x0a,0x0a,0x76,0x65,0x72,0x74,0x65,
    0x78,0x20,0x6d,0x61,0x69,0x6e,0x30,0x5f,0x6f,0x75,0x74,0x20,0x6d,0x61,0x69,0x6e,
    0x30,0x28,0x6d,0x61,0x69,0x6e,0x30,0x5f,0x69,0x6e,0x20,0x69,0x6e,0x20,0x5b,0x5b,
    0x73,0x74,0x61,0x67,0x65,0x5f,0x69,0x6e,0x5d,0x5d,0x2c,0x20,0x63,0x6f,0x6e,0x73,
    0x74,0x61,0x6e,0x74,0x20,0x76,0x73,0x5f,0x70,0x61,0x72,0x61,0x6d,0x73,0x26,0x20,
    0x5f,0x31,0x33,0x20,0x5b,0x5b,0x62,0x75,0x66,0x66,0x65,0x72,0x28,0x30,0x29,0x5d,
    0x5d,0x29,0x0a,0x7b,0x0a,0x20,0x20,0x20,0x20,0x6d,0x61,0x69,0x6e,0x30,0x5f,0x6f,
    0x75,0x74,0x20,0x6f,0x75,0x74,0x20,0x3d,0x20,0x7b,0x7d,0x3b,0x0a,0x20,0x20,0x20,
    0x20,0x66,0x6c,0x6f,0x61,0x74,0x34,0x20,0x5f,0x32,0x38,0x20,0x3d,0x20,0x5f,0x31,
    0x33,0x2e,0x76,0x69,0x65,0x77,0x50,0x72,0x6f,0x6a,0x20,0x2a,0x20,0x66,0x6c,0x6f,
    0x61,0x74,0x34,0x28,0x69,0x6e,0x2e,0x69,0x6e,0x50,0x6f,0x73,0x2c,0x20,0x31,0x2e,
    0x30,0x29,0x3b,0x0a,0x20,0x20,0x20,0x20,0x66,0x6c,0x6f,0x61,0x74,0x32,0x20,0x5f,
    0x34,0x31,0x20,0x3d,0x20,0x69,0x6e,0x2e,0x63,0x6f,0x72,0x6e,0x65,0x72,0x20,0x2a,
    0x20,0x5f,0x31,0x33,0x2e,0x70,0x61,0x72,0x61,0x6d,0x73,0x2e,0x78,0x3b,0x0a,0x20,
    0x20,0x20,0x20,0x5f,0x34,0x31,0x2e,0x78,0x20,0x3d,0x20,0x5f,0x34,0x31,0x2e,0x78,
    0x20,0x2a,0x20,0x5f,0x31,0x33,0x2e,0x70,0x61,0x72,0x61,0x6d,0x73,0x2e,0x7a,0x3b,
    0x0a,0x20,0x20,0x20,0x20,0x66,0x6c,0x6f,0x61,0x74,0x32,0x20,0x5f,0x35,0x37,0x20,
    0x3d,0x20,0x5f,0x32,0x38,0x2e,0x78,0x79,0x20,0x2b,0x20,0x28,0x5f,0x34,0x31,0x20,
    0x2a,0x20,0x5f,0x32,0x38,0x2e,0x77,0x29,0x3b,0x0a,0x20,0x20,0x20,0x20,0x66,0x6c,
    0x6f,0x61,0x74,0x34,0x20,0x5f,0x39,0x31,0x20,0x3d,0x20,0x5f,0x32,0x38,0x3b,0x0a,
    0x20,0x20,0x20,0x20,0x5f,0x39,0x31,0x2e,0x78,0x20,0x3d,0x20,0x5f,0x35,0x37,0x2e,
    0x78,0x3b,0x0a,0x20,0x20,0x20,0x20,0x5f,0x39,0x31,0x2e,0x79,0x20,0x3d,0x20,0x5f,
    0x35,0x37,0x2e,0x79,0x3b,0x0a,0x20,0x20,0x20,0x20,0x6f,0x75,0x74,0x2e,0x67,0x6c,
    0x5f,0x50,0x6f,0x73,0x69,0x74,0x69,0x6f,0x6e,0x20,0x3d,0x20,0x5f,0x39,0x31,0x3b,
    0x0a,0x20,0x20,0x20,0x20,0x6f,0x75,0x74,0x2e,0x63,0x6f,0x6c,0x6f,0x72,0x20,0x3d,
    0x20,0x69,0x6e,0x2e,0x69,0x6e,0x43,0x6f,0x6c,0x6f,0x72,0x20,0x2a,0x20,0x5f,0x31,
    0x33,0x2e,0x74,0x69,0x6e,0x74,0x3b,0x0a,0x20,0x20,0x20,0x20,0x6f,0x75,0x74,0x2e,
    0x75,0x76,0x20,0x3d,0x20,0x69,0x6e,0x2e,0x63,0x6f,0x72,0x6e,0x65,0x72,0x3b,0x0a,
    0x20,0x20,0x20,0x20,0x6f,0x75,0x74,0x2e,0x76,0x52,0x6f,0x75,0x6e,0x64,0x20,0x3d,
    0x20,0x5f,0x31,0x33,0x2e,0x70,0x61,0x72,0x61,0x6d,0x73,0x2e,0x79,0x3b,0x0a,0x20,
    0x20,0x20,0x20,0x72,0x65,0x74,0x75,0x72,0x6e,0x20,0x6f,0x75,0x74,0x3b,0x0a,0x7d,
    0x0a,0x0a,0x00,
};
#endif
/*
    #include <metal_stdlib>
    #include <simd/simd.h>

    using namespace metal;

    struct main0_out
    {
        float4 frag [[color(0)]];
    };

    struct main0_in
    {
        float4 color [[user(locn0)]];
        float2 uv [[user(locn1)]];
        float vRound [[user(locn2)]];
    };

    fragment main0_out main0(main0_in in [[stage_in]])
    {
        main0_out out = {};
        float a = in.color.w;
        if (in.vRound > 0.5)
        {
            float _31 = length(in.uv) * 2.0;
            float _34 = fwidth(_31);
            a *= (1.0 - smoothstep(1.0 - _34, 1.0 + _34, _31));
        }
        out.frag = float4(in.color.xyz, a);
        return out;
    }

*/
#if defined(SOKOL_METAL)
static const uint8_t tc_pointcloud_fs_source_metal_ios[580] = {
    0x23,0x69,0x6e,0x63,0x6c,0x75,0x64,0x65,0x20,0x3c,0x6d,0x65,0x74,0x61,0x6c,0x5f,
    0x73,0x74,0x64,0x6c,0x69,0x62,0x3e,0x0a,0x23,0x69,0x6e,0x63,0x6c,0x75,0x64,0x65,
    0x20,0x3c,0x73,0x69,0x6d,0x64,0x2f,0x73,0x69,0x6d,0x64,0x2e,0x68,0x3e,0x0a,0x0a,
    0x75,0x73,0x69,0x6e,0x67,0x20,0x6e,0x61,0x6d,0x65,0x73,0x70,0x61,0x63,0x65,0x20,
    0x6d,0x65,0x74,0x61,0x6c,0x3b,0x0a,0x0a,0x73,0x74,0x72,0x75,0x63,0x74,0x20,0x6d,
    0x61,0x69,0x6e,0x30,0x5f,0x6f,0x75,0x74,0x0a,0x7b,0x0a,0x20,0x20,0x20,0x20,0x66,
    0x6c,0x6f,0x61,0x74,0x34,0x20,0x66,0x72,0x61,0x67,0x20,0x5b,0x5b,0x63,0x6f,0x6c,
    0x6f,0x72,0x28,0x30,0x29,0x5d,0x5d,0x3b,0x0a,0x7d,0x3b,0x0a,0x0a,0x73,0x74,0x72,
    0x75,0x63,0x74,0x20,0x6d,0x61,0x69,0x6e,0x30,0x5f,0x69,0x6e,0x0a,0x7b,0x0a,0x20,
    0x20,0x20,0x20,0x66,0x6c,0x6f,0x61,0x74,0x34,0x20,0x63,0x6f,0x6c,0x6f,0x72,0x20,
    0x5b,0x5b,0x75,0x73,0x65,0x72,0x28,0x6c,0x6f,0x63,0x6e,0x30,0x29,0x5d,0x5d,0x3b,
    0x0a,0x20,0x20,0x20,0x20,0x66,0x6c,0x6f,0x61,0x74,0x32,0x20,0x75,0x76,0x20,0x5b,
    0x5b,0x75,0x73,0x65,0x72,0x28,0x6c,0x6f,0x63,0x6e,0x31,0x29,0x5d,0x5d,0x3b,0x0a,
    0x20,0x20,0x20,0x20,0x66,0x6c,0x6f,0x61,0x74,0x20,0x76,0x52,0x6f,0x75,0x6e,0x64,
    0x20,0x5b,0x5b,0x75,0x73,0x65,0x72,0x28,0x6c,0x6f,0x63,0x6e,0x32,0x29,0x5d,0x5d,
    0x3b,0x0a,0x7d,0x3b,0x0a,0x0a,0x66,0x72,0x61,0x67,0x6d,0x65,0x6e,0x74,0x20,0x6d,
    0x61,0x69,0x6e,0x30,0x5f,0x6f,0x75,0x74,0x20,0x6d,0x61,0x69,0x6e,0x30,0x28,0x6d,
    0x61,0x69,0x6e,0x30,0x5f,0x69,0x6e,0x20,0x69,0x6e,0x20,0x5b,0x5b,0x73,0x74,0x61,
    0x67,0x65,0x5f,0x69,0x6e,0x5d,0x5d,0x29,0x0a,0x7b,0x0a,0x20,0x20,0x20,0x20,0x6d,
    0x61,0x69,0x6e,0x30,0x5f,0x6f,0x75,0x74,0x20,0x6f,0x75,0x74,0x20,0x3d,0x20,0x7b,
    0x7d,0x3b,0x0a,0x20,0x20,0x20,0x20,0x66,0x6c,0x6f,0x61,0x74,0x20,0x61,0x20,0x3d,
    0x20,0x69,0x6e,0x2e,0x63,0x6f,0x6c,0x6f,0x72,0x2e,0x77,0x3b,0x0a,0x20,0x20,0x20,
    0x20,0x69,0x66,0x20,0x28,0x69,0x6e,0x2e,0x76,0x52,0x6f,0x75,0x6e,0x64,0x20,0x3e,
    0x20,0x30,0x2e,0x35,0x29,0x0a,0x20,0x20,0x20,0x20,0x7b,0x0a,0x20,0x20,0x20,0x20,
    0x20,0x20,0x20,0x20,0x66,0x6c,0x6f,0x61,0x74,0x20,0x5f,0x33,0x31,0x20,0x3d,0x20,
    0x6c,0x65,0x6e,0x67,0x74,0x68,0x28,0x69,0x6e,0x2e,0x75,0x76,0x29,0x20,0x2a,0x20,
    0x32,0x2e,0x30,0x3b,0x0a,0x20,0x20,0x20,0x20,0x20,0x20,0x20,0x20,0x66,0x6c,0x6f,
    0x61,0x74,0x20,0x5f,0x33,0x34,0x20,0x3d,0x20,0x66,0x77,0x69,0x64,0x74,0x68,0x28,
    0x5f,0x33,0x31,0x29,0x3b,0x0a,0x20,0x20,0x20,0x20,0x20,0x20,0x20,0x20,0x61,0x20,
    0x2a,0x3d,0x20,0x28,0x31,0x2e,0x30,0x20,0x2d,0x20,0x73,0x6d,0x6f,0x6f,0x74,0x68,
    0x73,0x74,0x65,0x70,0x28,0x31,0x2e,0x30,0x20,0x2d,0x20,0x5f,0x33,0x34,0x2c,0x20,
    0x31,0x2e,0x30,0x20,0x2b,0x20,0x5f,0x33,0x34,0x2c,0x20,0x5f,0x33,0x31,0x29,0x29,
    0x3b,0x0a,0x20,0x20,0x20,0x20,0x7d,0x0a,0x20,0x20,0x20,0x20,0x6f,0x75,0x74,0x2e,
    0x66,0x72,0x61,0x67,0x20,0x3d,0x20,0x66,0x6c,0x6f,0x61,0x74,0x34,0x28,0x69,0x6e,
    0x2e,0x63,0x6f,0x6c,0x6f,0x72,0x2e,0x78,0x79,0x7a,0x2c,0x20,0x61,0x29,0x3b,0x0a,
    0x20,0x20,0x20,0x20,0x72,0x65,0x74,0x75,0x72,0x6e,0x20,0x6f,0x75,0x74,0x3b,0x0a,
    0x7d,0x0a,0x0a,0x00,
};
#endif
/*
    #include <metal_stdlib>
    #include <simd/simd.h>

    using namespace metal;

    struct vs_params
    {
        float4x4 viewProj;
        float4 params;
        float4 tint;
    };

    struct main0_out
    {
        float4 color [[user(locn0)]];
        float4 gl_Position [[position]];
        float gl_PointSize [[point_size]];
    };

    struct main0_in
    {
        float3 inPos [[attribute(0)]];
        float4 inColor [[attribute(1)]];
    };

    vertex main0_out main0(main0_in in [[stage_in]], constant vs_params& _19 [[buffer(0)]])
    {
        main0_out out = {};
        out.gl_Position = _19.viewProj * float4(in.inPos, 1.0);
        out.gl_PointSize = 1.0;
        out.color = in.inColor * _19.tint;
        return out;
    }

*/
#if defined(SOKOL_METAL)
static const uint8_t tc_pointcloud_vs_prim_source_metal_ios[642] = {
    0x23,0x69,0x6e,0x63,0x6c,0x75,0x64,0x65,0x20,0x3c,0x6d,0x65,0x74,0x61,0x6c,0x5f,
    0x73,0x74,0x64,0x6c,0x69,0x62,0x3e,0x0a,0x23,0x69,0x6e,0x63,0x6c,0x75,0x64,0x65,
    0x20,0x3c,0x73,0x69,0x6d,0x64,0x2f,0x73,0x69,0x6d,0x64,0x2e,0x68,0x3e,0x0a,0x0a,
    0x75,0x73,0x69,0x6e,0x67,0x20,0x6e,0x61,0x6d,0x65,0x73,0x70,0x61,0x63,0x65,0x20,
    0x6d,0x65,0x74,0x61,0x6c,0x3b,0x0a,0x0a,0x73,0x74,0x72,0x75,0x63,0x74,0x20,0x76,
    0x73,0x5f,0x70,0x61,0x72,0x61,0x6d,0x73,0x0a,0x7b,0x0a,0x20,0x20,0x20,0x20,0x66,
    0x6c,0x6f,0x61,0x74,0x34,0x78,0x34,0x20,0x76,0x69,0x65,0x77,0x50,0x72,0x6f,0x6a,
    0x3b,0x0a,0x20,0x20,0x20,0x20,0x66,0x6c,0x6f,0x61,0x74,0x34,0x20,0x70,0x61,0x72,
    0x61,0x6d,0x73,0x3b,0x0a,0x20,0x20,0x20,0x20,0x66,0x6c,0x6f,0x61,0x74,0x34,0x20,
    0x74,0x69,0x6e,0x74,0x3b,0x0a,0x7d,0x3b,0x0a,0x0a,0x73,0x74,0x72,0x75,0x63,0x74,
    0x20,0x6d,0x61,0x69,0x6e,0x30,0x5f,0x6f,0x75,0x74,0x0a,0x7b,0x0a,0x20,0x20,0x20,
    0x20,0x66,0x6c,0x6f,0x61,0x74,0x34,0x20,0x63,0x6f,0x6c,0x6f,0x72,0x20,0x5b,0x5b,
    0x75,0x73,0x65,0x72,0x28,0x6c,0x6f,0x63,0x6e,0x30,0x29,0x5d,0x5d,0x3b,0x0a,0x20,
    0x20,0x20,0x20,0x66,0x6c,0x6f,0x61,0x74,0x34,0x20,0x67,0x6c,0x5f,0x50,0x6f,0x73,
    0x69,0x74,0x69,0x6f,0x6e,0x20,0x5b,0x5b,0x70,0x6f,0x73,0x69,0x74,0x69,0x6f,0x6e,
    0x5d,0x5d,0x3b,0x0a,0x20,0x20,0x20,0x20,0x66,0x6c,0x6f,0x61,0x74,0x20,0x67,0x6c,
    0x5f,0x50,0x6f,0x69,0x6e,0x74,0x53,0x69,0x7a,0x65,0x20,0x5b,0x5b,0x70,0x6f,0x69,
    0x6e,0x74,0x5f,0x73,0x69,0x7a,0x65,0x5d,0x5d,0x3b,0x0a,0x7d,0x3b,0x0a,0x0a,0x73,
    0x74,0x72,0x75,0x63,0x74,0x20,0x6d,0x61,0x69,0x6e,0x30,0x5f,0x69,0x6e,0x0a,0x7b,
    0x0a,0x20,0x20,0x20,0x20,0x66,0x6c,0x6f,0x61,0x74,0x33,0x20,0x69,0x6e,0x50,0x6f,
    0x73,0x20,0x5b,0x5b,0x61,0x74,0x74,0x72,0x69,0x62,0x75,0x74,0x65,0x28,0x30,0x29,
    0x5d,0x5d,0x3b,0x0a,0x20,0x20,0x20,0x20,0x66,0x6c,0x6f,0x61,0x74,0x34,0x20,0x69,
    0x6e,0x43,0x6f,0x6c,0x6f,0x72,0x20,0x5b,0x5b,0x61,0x74,0x74,0x72,0x69,0x62,0x75,
    0x74,0x65,0x28,0x31,0x29,0x5d,0x5d,0x3b,0x0a,0x7d,0x3b,0x0a,0x0a,0x76,0x65,0x72,
    0x74,0x65,0x78,0x20,0x6d,0x61,0x69,0x6e,0x30,0x5f,0x6f,0x75,0x74,0x20,0x6d,0x61,
    0x69,0x6e,0x30,0x28,0x6d,0x61,0x69,0x6e,0x30,0x5f,0x69,0x6e,0x20,0x69,0x6e,0x20,
    0x5b,0x5b,0x73,0x74,0x61,0x67,0x65,0x5f,0x69,0x6e,0x5d,0x5d,0x2c,0x20,0x63,0x6f,
    0x6e,0x73,0x74,0x61,0x6e,0x74,0x20,0x76,0x73,0x5f,0x70,0x61,0x72,0x61,0x6d,0x73,
    0x26,0x20,0x5f,0x31,0x39,0x20,0x5b,0x5b,0x62,0x75,0x66,0x66,0x65,0x72,0x28,0x30,
    0x29,0x5d,0x5d,0x29,0x0a,0x7b,0x0a,0x20,0x20,0x20,0x20,0x6d,0x61,0x69,0x6e,0x30,
    0x5f,0x6f,0x75,0x74,0x20,0x6f,0x75,0x74,0x20,0x3d,0x20,0x7b,0x7d,0x3b,0x0a,0x20,
    0x20,0x20,0x20,0x6f,0x75,0x74,0x2e,0x67,0x6c,0x5f,0x50,0x6f,0x73,0x69,0x74,0x69,
    0x6f,0x6e,0x20,0x3d,0x20,0x5f,0x31,0x39,0x2e,0x76,0x69,0x65,0x77,0x50,0x72,0x6f,
    0x6a,0x20,0x2a,0x20,0x66,0x6c,0x6f,0x61,0x74,0x34,0x28,0x69,0x6e,0x2e,0x69,0x6e,
    0x50,0x6f,0x73,0x2c,0x20,0x31,0x2e,0x30,0x29,0x3b,0x0a,0x20,0x20,0x20,0x20,0x6f,
    0x75,0x74,0x2e,0x67,0x6c,0x5f,0x50,0x6f,0x69,0x6e,0x74,0x53,0x69,0x7a,0x65,0x20,
    0x3d,0x20,0x31,0x2e,0x30,0x3b,0x0a,0x20,0x20,0x20,0x20,0x6f,0x75,0x74,0x2e,0x63,
    0x6f,0x6c,0x6f,0x72,0x20,0x3d,0x20,0x69,0x6e,0x2e,0x69,0x6e,0x43,0x6f,0x6c,0x6f,
    0x72,0x20,0x2a,0x20,0x5f,0x31,0x39,0x2e,0x74,0x69,0x6e,0x74,0x3b,0x0a,0x20,0x20,
    0x20,0x20,0x72,0x65,0x74,0x75,0x72,0x6e,0x20,0x6f,0x75,0x74,0x3b,0x0a,0x7d,0x0a,
    0x0a,0x00,
};
#endif
/*
    #include <metal_stdlib>
    #include <simd/simd.h>

    using namespace metal;

    struct main0_out
    {
        float4 frag [[color(0)]];
    };

    struct main0_in
    {
        float4 color [[user(locn0)]];
    };

    fragment main0_out main0(main0_in in [[stage_in]])
    {
        main0_out out = {};
        out.frag = in.color;
        return out;
    }

*/
#if defined(SOKOL_METAL)
static const uint8_t tc_pointcloud_fs_prim_source_metal_ios[303] = {
    0x23,0x69,0x6e,0x63,0x6c,0x75,0x64,0x65,0x20,0x3c,0x6d,0x65,0x74,0x61,0x6c,0x5f,
    0x73,0x74,0x64,0x6c,0x69,0x62,0x3e,0x0a,0x23,0x69,0x6e,0x63,0x6c,0x75,0x64,0x65,
    0x20,0x3c,0x73,0x69,0x6d,0x64,0x2f,0x73,0x69,0x6d,0x64,0x2e,0x68,0x3e,0x0a,0x0a,
    0x75,0x73,0x69,0x6e,0x67,0x20,0x6e,0x61,0x6d,0x65,0x73,0x70,0x61,0x63,0x65,0x20,
    0x6d,0x65,0x74,0x61,0x6c,0x3b,0x0a,0x0a,0x73,0x74,0x72,0x75,0x63,0x74,0x20,0x6d,
    0x61,0x69,0x6e,0x30,0x5f,0x6f,0x75,0x74,0x0a,0x7b,0x0a,0x20,0x20,0x20,0x20,0x66,
    0x6c,0x6f,0x61,0x74,0x34,0x20,0x66,0x72,0x61,0x67,0x20,0x5b,0x5b,0x63,0x6f,0x6c,
    0x6f,0x72,0x28,0x30,0x29,0x5d,0x5d,0x3b,0x0a,0x7d,0x3b,0x0a,0x0a,0x73,0x74,0x72,
    0x75,0x63,0x74,0x20,0x6d,0x61,0x69,0x6e,0x30,0x5f,0x69,0x6e,0x0a,0x7b,0x0a,0x20,
    0x20,0x20,0x20,0x66,0x6c,0x6f,0x61,0x74,0x34,0x20,0x63,0x6f,0x6c,0x6f,0x72,0x20,
    0x5b,0x5b,0x75,0x73,0x65,0x72,0x28,0x6c,0x6f,0x63,0x6e,0x30,0x29,0x5d,0x5d,0x3b,
    0x0a,0x7d,0x3b,0x0a,0x0a,0x66,0x72,0x61,0x67,0x6d,0x65,0x6e,0x74,0x20,0x6d,0x61,
    0x69,0x6e,0x30,0x5f,0x6f,0x75,0x74,0x20,0x6d,0x61,0x69,0x6e,0x30,0x28,0x6d,0x61,
    0x69,0x6e,0x30,0x5f,0x69,0x6e,0x20,0x69,0x6e,0x20,0x5b,0x5b,0x73,0x74,0x61,0x67,
    0x65,0x5f,0x69,0x6e,0x5d,0x5d,0x29,0x0a,0x7b,0x0a,0x20,0x20,0x20,0x20,0x6d,0x61,
    0x69,0x6e,0x30,0x5f,0x6f,0x75,0x74,0x20,0x6f,0x75,0x74,0x20,0x3d,0x20,0x7b,0x7d,
    0x3b,0x0a,0x20,0x20,0x20,0x20,0x6f,0x75,0x74,0x2e,0x66,0x72,0x61,0x67,0x20,0x3d,
    0x20,0x69,0x6e,0x2e,0x63,0x6f,0x6c,0x6f,0x72,0x3b,0x0a,0x20,0x20,0x20,0x20,0x72,
    0x65,0x74,0x75,0x72,0x6e,0x20,0x6f,0x75,0x74,0x3b,0x0a,0x7d,0x0a,0x0a,0x00,
};
#endif
/*
    #include <metal_stdlib>
    #include <simd/simd.h>

    using namespace metal;

    struct vs_params
    {
        float4x4 viewProj;
        float4 params;
        float4 tint;
    };

    struct main0_out
    {
        float4 color [[user(locn0)]];
        float2 uv [[user(locn1)]];
        float vRound [[user(locn2)]];
        float4 gl_Position [[position]];
    };

    struct main0_in
    {
        float2 corner [[attribute(0)]];
        float3 inPos [[attribute(1)]];
        float4 inColor [[attribute(2)]];
    };

    vertex main0_out main0(main0_in in [[stage_in]], constant vs_params& _13 [[buffer(0)]])
    {
        main0_out out = {};
        float4 _28 = _13.viewProj * float4(in.inPos, 1.0);
        float2 _41 = in.corner * _13.params.x;
        _41.x = _41.x * _13.params.z;
        float2 _57 = _28.xy + (_41 * _28.w);
        float4 _91 = _28;
        _91.x = _57.x;
        _91.y = _57.y;
        out.gl_Position = _91;
        out.color = in.inColor * _13.tint;
        out.uv = in.corner;
        out.vRound = _13.params.y;
        return out;
    }

*/
#if defined(SOKOL_METAL)
static const uint8_t tc_pointcloud_vs_source_metal_sim[931] = {
    0x23,0x69,0x6e,0x63,0x6c,0x75,0x64,0x65,0x20,0x3c,0x6d,0x65,0x74,0x61,0x6c,0x5f,
    0x73,0x74,0x64,0x6c,0x69,0x62,0x3e,0x0a,0x23,0x69,0x6e,0x63,0x6c,0x75,0x64,0x65,
    0x20,0x3c,0x73,0x69,0x6d,0x64,0x2f,0x73,0x69,0x6d,0x64,0x2e,0x68,0x3e,0x0a,0x0a,
    0x75,0x73,0x69,0x6e,0x67,0x20,0x6e,0x61,0x6d,0x65,0x73,0x70,0x61,0x63,0x65,0x20,
    0x6d,0x65,0x74,0x61,0x6c,0x3b,0x0a,0x0a,0x73,0x74,0x72,0x75,0x63,0x74,0x20,0x76,
    0x73,0x5f,0x70,0x61,0x72,0x61,0x6d,0x73,0x0a,0x7b,0x0a,0x20,0x20,0x20,0x20,0x66,
    0x6c,0x6f,0x61,0x74,0x34,0x78,0x34,0x20,0x76,0x69,0x65,0x77,0x50,0x72,0x6f,0x6a,
    0x3b,0x0a,0x20,0x20,0x20,0x20,0x66,0x6c,0x6f,0x61,0x74,0x34,0x20,0x70,0x61,0x72,
    0x61,0x6d,0x73,0x3b,0x0a,0x20,0x20,0x20,0x20,0x66,0x6c,0x6f,0x61,0x74,0x34,0x20,
    0x74,0x69,0x6e,0x74,0x3b,0x0a,0x7d,0x3b,0x0a,0x0a,0x73,0x74,0x72,0x75,0x63,0x74,
    0x20,0x6d,0x61,0x69,0x6e,0x30,0x5f,0x6f,0x75,0x74,0x0a,0x7b,0x0a,0x20,0x20,0x20,
    0x20,0x66,0x6c,0x6f,0x61,0x74,0x34,0x20,0x63,0x6f,0x6c,0x6f,0x72,0x20,0x5b,0x5b,
    0x75,0x73,0x65,0x72,0x28,0x6c,0x6f,0x63,0x6e,0x30,0x29,0x5d,0x5d,0x3b,0x0a,0x20,
    0x20,0x20,0x20,0x66,0x6c,0x6f,0x61,0x74,0x32,0x20,0x75,0x76,0x20,0x5b,0x5b,0x75,
    0x73,0x65,0x72,0x28,0x6c,0x6f,0x63,0x6e,0x31,0x29,0x5d,0x5d,0x3b,0x0a,0x20,0x20,
    0x20,0x20,0x66,0x6c,0x6f,0x61,0x74,0x20,0x76,0x52,0x6f,0x75,0x6e,0x64,0x20,0x5b,
    0x5b,0x75,0x73,0x65,0x72,0x28,0x6c,0x6f,0x63,0x6e,0x32,0x29,0x5d,0x5d,0x3b,0x0a,
    0x20,0x20,0x20,0x20,0x66,0x6c,0x6f,0x61,0x74,0x34,0x20,0x67,0x6c,0x5f,0x50,0x6f,
    0x73,0x69,0x74,0x69,0x6f,0x6e,0x20,0x5b,0x5b,0x70,0x6f,0x73,0x69,0x74,0x69,0x6f,
    0x6e,0x5d,0x5d,0x3b,0x0a,0x7d,0x3b,0x0a,0x0a,0x73,0x74,0x72,0x75,0x63,0x74,0x20,
    0x6d,0x61,0x69,0x6e,0x30,0x5f,0x69,0x6e,0x0a,0x7b,0x0a,0x20,0x20,0x20,0x20,0x66,
    0x6c,0x6f,0x61,0x74,0x32,0x20,0x63,0x6f,0x72,0x6e,0x65,0x72,0x20,0x5b,0x5b,0x61,
    0x74,0x74,0x72,0x69,0x62,0x75,0x74,0x65,0x28,0x30,0x29,0x5d,0x5d,0x3b,0x0a,0x20,
    0x20,0x20,0x20,0x66,0x6c,0x6f,0x61,0x74,0x33,0x20,0x69,0x6e,0x50,0x6f,0x73,0x20,
    0x5b,0x5b,0x61,0x74,0x74,0x72,0x69,0x62,0x75,0x74,0x65,0x28,0x31,0x29,0x5d,0x5d,
    0x3b,0x0a,0x20,0x20,0x20,0x20,0x66,0x6c,0x6f,0x61,0x74,0x34,0x20,0x69,0x6e,0x43,
    0x6f,0x6c,0x6f,0x72,0x20,0x5b,0x5b,0x61,0x74,0x74,0x72,0x69,0x62,0x75,0x74,0x65,
    0x28,0x32,0x29,0x5d,0x5d,0x3b,0x0a,0x7d,0x3b,0x0a,0x0a,0x76,0x65,0x72,0x74,0x65,
    0x78,0x20,0x6d,0x61,0x69,0x6e,0x30,0x5f,0x6f,0x75,0x74,0x20,0x6d,0x61,0x69,0x6e,
    0x30,0x28,0x6d,0x61,0x69,0x6e,0x30,0x5f,0x69,0x6e,0x20,0x69,0x6e,0x20,0x5b,0x5b,
    0x73,0x74,0x61,0x67,0x65,0x5f,0x69,0x6e,0x5d,0x5d,0x2c,0x20,0x63,0x6f,0x6e,0x73,
    0x74,0x61,0x6e,0x74,0x20,0x76,0x73,0x5f,0x70,0x61,0x72,0x61,0x6d,0x73,0x26,0x20,
    0x5f,0x31,0x33,0x20,0x5b,0x5b,0x62,0x75,0x66,0x66,0x65,0x72,0x28,0x30,0x29,0x5d,
    0x5d,0x29,0x0a,0x7b,0x0a,0x20,0x20,0x20,0x20,0x6d,0x61,0x69,0x6e,0x30,0x5f,0x6f,
    0x75,0x74,0x20,0x6f,0x75,0x74,0x20,0x3d,0x20,0x7b,0x7d,0x3b,0x0a,0x20,0x20,0x20,
    0x20,0x66,0x6c,0x6f,0x61,0x74,0x34,0x20,0x5f,0x32,0x38,0x20,0x3d,0x20,0x5f,0x31,
    0x33,0x2e,0x76,0x69,0x65,0x77,0x50,0x72,0x6f,0x6a,0x20,0x2a,0x20,0x66,0x6c,0x6f,
    0x61,0x74,0x34,0x28,0x69,0x6e,0x2e,0x69,0x6e,0x50,0x6f,0x73,0x2c,0x20,0x31,0x2e,
    0x30,0x29,0x3b,0x0a,0x20,0x20,0x20,0x20,0x66,0x6c,0x6f,0x61,0x74,0x32,0x20,0x5f,
    0x34,0x31,0x20,0x3d,0x20,0x69,0x6e,0x2e,0x63,0x6f,0x72,0x6e,0x65,0x72,0x20,0x2a,
    0x20,0x5f,0x31,0x33,0x2e,0x70,0x61,0x72,0x61,0x6d,0x73,0x2e,0x78,0x3b,0x0a,0x20,
    0x20,0x20,0x20,0x5f,0x34,0x31,0x2e,0x78,0x20,0x3d,0x20,0x5f,0x34,0x31,0x2e,0x78,
    0x20,0x2a,0x20,0x5f,0x31,0x33,0x2e,0x70,0x61,0x72,0x61,0x6d,0x73,0x2e,0x7a,0x3b,
    0x0a,0x20,0x20,0x20,0x20,0x66,0x6c,0x6f,0x61,0x74,0x32,0x20,0x5f,0x35,0x37,0x20,
    0x3d,0x20,0x5f,0x32,0x38,0x2e,0x78,0x79,0x20,0x2b,0x20,0x28,0x5f,0x34,0x31,0x20,
    0x2a,0x20,0x5f,0x32,0x38,0x2e,0x77,0x29,0x3b,0x0a,0x20,0x20,0x20,0x20,0x66,0x6c,
    0x6f,0x61,0x74,0x34,0x20,0x5f,0x39,0x31,0x20,0x3d,0x20,0x5f,0x32,0x38,0x3b,0x0a,
    0x20,0x20,0x20,0x20,0x5f,0x39,0x31,0x2e,0x78,0x20,0x3d,0x20,0x5f,0x35,0x37,0x2e,
    0x78,0x3b,0x0a,0x20,0x20,0x20,0x20,0x5f,0x39,0x31,0x2e,0x79,0x20,0x3d,0x20,0x5f,
    0x35,0x37,0x2e,0x79,0x3b,0x0a,0x20,0x20,0x20,0x20,0x6f,0x75,0x74,0x2e,0x67,0x6c,
    0x5f,0x50,0x6f,0x73,0x69,0x74,0x69,0x6f,0x6e,0x20,0x3d,0x20,0x5f,0x39,0x31,0x3b,
    0x0a,0x20,0x20,0x20,0x20,0x6f,0x75,0x74,0x2e,0x63,0x6f,0x6c,0x6f,0x72,0x20,0x3d,
    0x20,0x69,0x6e,0x2e,0x69,0x6e,0x43,0x6f,0x6c,0x6f,0x72,0x20,0x2a,0x20,0x5f,0x31,
    0x33,0x2e,0x74,0x69,0x6e,0x74,0x3b,0x0a,0x20,0x20,0x20,0x20,0x6f,0x75,0x74,0x2e,
    0x75,0x76,0x20,0x3d,0x20,0x69,0x6e,0x2e,0x63,0x6f,0x72,0x6e,0x65,0x72,0x3b,0x0a,
    0x20,0x20,0x20,0x20,0x6f,0x75,0x74,0x2e,0x76,0x52,0x6f,0x75,0x6e,0x64,0x20,0x3d,
    0x20,0x5f,0x31,0x33,0x2e,0x70,0x61,0x72,0x61,0x6d,0x73,0x2e,0x79,0x3b,0x0a,0x20,
    0x20,0x20,0x20,0x72,0x65,0x74,0x75,0x72,0x6e,0x20,0x6f,0x75,0x74,0x3b,0x0a,0x7d,
    0x0a,0x0a,0x00,
};
#endif
/*
    #include <metal_stdlib>
    #include <simd/simd.h>

    using namespace metal;

    struct main0_out
    {
        float4 frag [[color(0)]];
    };

    struct main0_in
    {
        float4 color [[user(locn0)]];
        float2 uv [[user(locn1)]];
        float vRound [[user(locn2)]];
    };

    fragment main0_out main0(main0_in in [[stage_in]])
    {
        main0_out out = {};
        float a = in.color.w;
        if (in.vRound > 0.5)
        {
            float _31 = length(in.uv) * 2.0;
            float _34 = fwidth(_31);
            a *= (1.0 - smoothstep(1.0 - _34, 1.0 + _34, _31));
        }
        out.frag = float4(in.color.xyz, a);
        return out;
    }

*/
#if defined(SOKOL_METAL)
static const uint8_t tc_pointcloud_fs_source_metal_sim[580] = {
    0x23,0x69,0x6e,0x63,0x6c,0x75,0x64,0x65,0x20,0x3c,0x6d,0x65,0x74,0x61,0x6c,0x5f,
    0x73,0x74,0x64,0x6c,0x69,0x62,0x3e,0x0a,0x23,0x69,0x6e,0x63,0x6c,0x75,0x64,0x65,
    0x20,0x3c,0x73,0x69,0x6d,0x64,0x2f,0x73,0x69,0x6d,0x64,0x2e,0x68,0x3e,0x0a,0x0a,
    0x75,0x73,0x69,0x6e,0x67,0x20,0x6e,0x61,0x6d,0x65,0x73,0x70,0x61,0x63,0x65,0x20,
    0x6d,0x65,0x74,0x61,0x6c,0x3b,0x0a,0x0a,0x73,0x74,0x72,0x75,0x63,0x74,0x20,0x6d,
    0x61,0x69,0x6e,0x30,0x5f,0x6f,0x75,0x74,0x0a,0x7b,0x0a,0x20,0x20,0x20,0x20,0x66,
    0x6c,0x6f,0x61,0x74,0x34,0x20,0x66,0x72,0x61,0x67,0x20,0x5b,0x5b,0x63,0x6f,0x6c,
    0x6f,0x72,0x28,0x30,0x29,0x5d,0x5d,0x3b,0x0a,0x7d,0x3b,0x0a,0x0a,0x73,0x74,0x72,
    0x75,0x63,0x74,0x20,0x6d,0x61,0x69,0x6e,0x30,0x5f,0x69,0x6e,0x0a,0x7b,0x0a,0x20,
    0x20,0x20,0x20,0x66,0x6c,0x6f,0x61,0x74,0x34,0x20,0x63,0x6f,0x6c,0x6f,0x72,0x20,
    0x5b,0x5b,0x75,0x73,0x65,0x72,0x28,0x6c,0x6f,0x63,0x6e,0x30,0x29,0x5d,0x5d,0x3b,
    0x0a,0x20,0x20,0x20,0x20,0x66,0x6c,0x6f,0x61,0x74,0x32,0x20,0x75,0x76,0x20,0x5b,
    0x5b,0x75,0x73,0x65,0x72,0x28,0x6c,0x6f,0x63,0x6e,0x31,0x29,0x5d,0x5d,0x3b,0x0a,
    0x20,0x20,0x20,0x20,0x66,0x6c,0x6f,0x61,0x74,0x20,0x76,0x52,0x6f,0x75,0x6e,0x64,
    0x20,0x5b,0x5b,0x75,0x73,0x65,0x72,0x28,0x6c,0x6f,0x63,0x6e,0x32,0x29,0x5d,0x5d,
    0x3b,0x0a,0x7d,0x3b,0x0a,0x0a,0x66,0x72,0x61,0x67,0x6d,0x65,0x6e,0x74,0x20,0x6d,
    0x61,0x69,0x6e,0x30,0x5f,0x6f,0x75,0x74,0x20,0x6d,0x61,0x69,0x6e,0x30,0x28,0x6d,
    0x61,0x69,0x6e,0x30,0x5f,0x69,0x6e,0x20,0x69,0x6e,0x20,0x5b,0x5b,0x73,0x74,0x61,
    0x67,0x65,0x5f,0x69,0x6e,0x5d,0x5d,0x29,0x0a,0x7b,0x0a,0x20,0x20,0x20,0x20,0x6d,
    0x61,0x69,0x6e,0x30,0x5f,0x6f,0x75,0x74,0x20,0x6f,0x75,0x74,0x20,0x3d,0x20,0x7b,
    0x7d,0x3b,0x0a,0x20,0x20,0x20,0x20,0x66,0x6c,0x6f,0x61,0x74,0x20,0x61,0x20,0x3d,
    0x20,0x69,0x6e,0x2e,0x63,0x6f,0x6c,0x6f,0x72,0x2e,0x77,0x3b,0x0a,0x20,0x20,0x20,
    0x20,0x69,0x66,0x20,0x28,0x69,0x6e,0x2e,0x76,0x52,0x6f,0x75,0x6e,0x64,0x20,0x3e,
    0x20,0x30,0x2e,0x35,0x29,0x0a,0x20,0x20,0x20,0x20,0x7b,0x0a,0x20,0x20,0x20,0x20,
    0x20,0x20,0x20,0x20,0x66,0x6c,0x6f,0x61,0x74,0x20,0x5f,0x33,0x31,0x20,0x3d,0x20,
    0x6c,0x65,0x6e,0x67,0x74,0x68,0x28,0x69,0x6e,0x2e,0x75,0x76,0x29,0x20,0x2a,0x20,
    0x32,0x2e,0x30,0x3b,0x0a,0x20,0x20,0x20,0x20,0x20,0x20,0x20,0x20,0x66,0x6c,0x6f,
    0x61,0x74,0x20,0x5f,0x33,0x34,0x20,0x3d,0x20,0x66,0x77,0x69,0x64,0x74,0x68,0x28,
    0x5f,0x33,0x31,0x29,0x3b,0x0a,0x20,0x20,0x20,0x20,0x20,0x20,0x20,0x20,0x61,0x20,
    0x2a,0x3d,0x20,0x28,0x31,0x2e,0x30,0x20,0x2d,0x20,0x73,0x6d,0x6f,0x6f,0x74,0x68,
    0x73,0x74,0x65,0x70,0x28,0x31,0x2e,0x30,0x20,0x2d,0x20,0x5f,0x33,0x34,0x2c,0x20,
    0x31,0x2e,0x30,0x20,0x2b,0x20,0x5f,0x33,0x34,0x2c,0x20,0x5f,0x33,0x31,0x29,0x29,
    0x3b,0x0a,0x20,0x20,0x20,0x20,0x7d,0x0a,0x20,0x20,0x20,0x20,0x6f,0x75,0x74,0x2e,
    0x66,0x72,0x61,0x67,0x20,0x3d,0x20,0x66,0x6c,0x6f,0x61,0x74,0x34,0x28,0x69,0x6e,
    0x2e,0x63,0x6f,0x6c,0x6f,0x72,0x2e,0x78,0x79,0x7a,0x2c,0x20,0x61,0x29,0x3b,0x0a,
    0x20,0x20,0x20,0x20,0x72,0x65,0x74,0x75,0x72,0x6e,0x20,0x6f,0x75,0x74,0x3b,0x0a,
    0x7d,0x0a,0x0a,0x00,
};
#endif
/*
    #include <metal_stdlib>
    #include <simd/simd.h>

    using namespace metal;

    struct vs_params
    {
        float4x4 viewProj;
        float4 params;
        float4 tint;
    };

    struct main0_out
    {
        float4 color [[user(locn0)]];
        float4 gl_Position [[position]];
        float gl_PointSize [[point_size]];
    };

    struct main0_in
    {
        float3 inPos [[attribute(0)]];
        float4 inColor [[attribute(1)]];
    };

    vertex main0_out main0(main0_in in [[stage_in]], constant vs_params& _19 [[buffer(0)]])
    {
        main0_out out = {};
        out.gl_Position = _19.viewProj * float4(in.inPos, 1.0);
        out.gl_PointSize = 1.0;
        out.color = in.inColor * _19.tint;
        return out;
    }

*/
#if defined(SOKOL_METAL)
static const uint8_t tc_pointcloud_vs_prim_source_metal_sim[642] = {
    0x23,0x69,0x6e,0x63,0x6c,0x75,0x64,0x65,0x20,0x3c,0x6d,0x65,0x74,0x61,0x6c,0x5f,
    0x73,0x74,0x64,0x6c,0x69,0x62,0x3e,0x0a,0x23,0x69,0x6e,0x63,0x6c,0x75,0x64,0x65,
    0x20,0x3c,0x73,0x69,0x6d,0x64,0x2f,0x73,0x69,0x6d,0x64,0x2e,0x68,0x3e,0x0a,0x0a,
    0x75,0x73,0x69,0x6e,0x67,0x20,0x6e,0x61,0x6d,0x65,0x73,0x70,0x61,0x63,0x65,0x20,
    0x6d,0x65,0x74,0x61,0x6c,0x3b,0x0a,0x0a,0x73,0x74,0x72,0x75,0x63,0x74,0x20,0x76,
    0x73,0x5f,0x70,0x61,0x72,0x61,0x6d,0x73,0x0a,0x7b,0x0a,0x20,0x20,0x20,0x20,0x66,
    0x6c,0x6f,0x61,0x74,0x34,0x78,0x34,0x20,0x76,0x69,0x65,0x77,0x50,0x72,0x6f,0x6a,
    0x3b,0x0a,0x20,0x20,0x20,0x20,0x66,0x6c,0x6f,0x61,0x74,0x34,0x20,0x70,0x61,0x72,
    0x61,0x6d,0x73,0x3b,0x0a,0x20,0x20,0x20,0x20,0x66,0x6c,0x6f,0x61,0x74,0x34,0x20,
    0x74,0x69,0x6e,0x74,0x3b,0x0a,0x7d,0x3b,0x0a,0x0a,0x73,0x74,0x72,0x75,0x63,0x74,
    0x20,0x6d,0x61,0x69,0x6e,0x30,0x5f,0x6f,0x75,0x74,0x0a,0x7b,0x0a,0x20,0x20,0x20,
    0x20,0x66,0x6c,0x6f,0x61,0x74,0x34,0x20,0x63,0x6f,0x6c,0x6f,0x72,0x20,0x5b,0x5b,
    0x75,0x73,0x65,0x72,0x28,0x6c,0x6f,0x63,0x6e,0x30,0x29,0x5d,0x5d,0x3b,0x0a,0x20,
    0x20,0x20,0x20,0x66,0x6c,0x6f,0x61,0x74,0x34,0x20,0x67,0x6c,0x5f,0x50,0x6f,0x73,
    0x69,0x74,0x69,0x6f,0x6e,0x20,0x5b,0x5b,0x70,0x6f,0x73,0x69,0x74,0x69,0x6f,0x6e,
    0x5d,0x5d,0x3b,0x0a,0x20,0x20,0x20,0x20,0x66,0x6c,0x6f,0x61,0x74,0x20,0x67,0x6c,
    0x5f,0x50,0x6f,0x69,0x6e,0x74,0x53,0x69,0x7a,0x65,0x20,0x5b,0x5b,0x70,0x6f,0x69,
    0x6e,0x74,0x5f,0x73,0x69,0x7a,0x65,0x5d,0x5d,0x3b,0x0a,0x7d,0x3b,0x0a,0x0a,0x73,
    0x74,0x72,0x75,0x63,0x74,0x20,0x6d,0x61,0x69,0x6e,0x30,0x5f,0x69,0x6e,0x0a,0x7b,
    0x0a,0x20,0x20,0x20,0x20,0x66,0x6c,0x6f,0x61,0x74,0x33,0x20,0x69,0x6e,0x50,0x6f,
    0x73,0x20,0x5b,0x5b,0x61,0x74,0x74,0x72,0x69,0x62,0x75,0x74,0x65,0x28,0x30,0x29,
    0x5d,0x5d,0x3b,0x0a,0x20,0x20,0x20,0x20,0x66,0x6c,0x6f,0x61,0x74,0x34,0x20,0x69,
    0x6e,0x43,0x6f,0x6c,0x6f,0x72,0x20,0x5b,0x5b,0x61,0x74,0x74,0x72,0x69,0x62,0x75,
    0x74,0x65,0x28,0x31,0x29,0x5d,0x5d,0x3b,0x0a,0x7d,0x3b,0x0a,0x0a,0x76,0x65,0x72,
    0x74,0x65,0x78,0x20,0x6d,0x61,0x69,0x6e,0x30,0x5f,0x6f,0x75,0x74,0x20,0x6d,0x61,
    0x69,0x6e,0x30,0x28,0x6d,0x61,0x69,0x6e,0x30,0x5f,0x69,0x6e,0x20,0x69,0x6e,0x20,
    0x5b,0x5b,0x73,0x74,0x61,0x67,0x65,0x5f,0x69,0x6e,0x5d,0x5d,0x2c,0x20,0x63,0x6f,
    0x6e,0x73,0x74,0x61,0x6e,0x74,0x20,0x76,0x73,0x5f,0x70,0x61,0x72,0x61,0x6d,0x73,
    0x26,0x20,0x5f,0x31,0x39,0x20,0x5b,0x5b,0x62,0x75,0x66,0x66,0x65,0x72,0x28,0x30,
    0x29,0x5d,0x5d,0x29,0x0a,0x7b,0x0a,0x20,0x20,0x20,0x20,0x6d,0x61,0x69,0x6e,0x30,
    0x5f,0x6f,0x75,0x74,0x20,0x6f,0x75,0x74,0x20,0x3d,0x20,0x7b,0x7d,0x3b,0x0a,0x20,
    0x20,0x20,0x20,0x6f,0x75,0x74,0x2e,0x67,0x6c,0x5f,0x50,0x6f,0x73,0x69,0x74,0x69,
    0x6f,0x6e,0x20,0x3d,0x20,0x5f,0x31,0x39,0x2e,0x76,0x69,0x65,0x77,0x50,0x72,0x6f,
    0x6a,0x20,0x2a,0x20,0x66,0x6c,0x6f,0x61,0x74,0x34,0x28,0x69,0x6e,0x2e,0x69,0x6e,
    0x50,0x6f,0x73,0x2c,0x20,0x31,0x2e,0x30,0x29,0x3b,0x0a,0x20,0x20,0x20,0x20,0x6f,
    0x75,0x74,0x2e,0x67,0x6c,0x5f,0x50,0x6f,0x69,0x6e,0x74,0x53,0x69,0x7a,0x65,0x20,
    0x3d,0x20,0x31,0x2e,0x30,0x3b,0x0a,0x20,0x20,0x20,0x20,0x6f,0x75,0x74,0x2e,0x63,
    0x6f,0x6c,0x6f,0x72,0x20,0x3d,0x20,0x69,0x6e,0x2e,0x69,0x6e,0x43,0x6f,0x6c,0x6f,
    0x72,0x20,0x2a,0x20,0x5f,0x31,0x39,0x2e,0x74,0x69,0x6e,0x74,0x3b,0x0a,0x20,0x20,
    0x20,0x20,0x72,0x65,0x74,0x75,0x72,0x6e,0x20,0x6f,0x75,0x74,0x3b,0x0a,0x7d,0x0a,
    0x0a,0x00,
};
#endif
/*
    #include <metal_stdlib>
    #include <simd/simd.h>

    using namespace metal;

    struct main0_out
    {
        float4 frag [[color(0)]];
    };

    struct main0_in
    {
        float4 color [[user(locn0)]];
    };

    fragment main0_out main0(main0_in in [[stage_in]])
    {
        main0_out out = {};
        out.frag = in.color;
        return out;
    }

*/
#if defined(SOKOL_METAL)
static const uint8_t tc_pointcloud_fs_prim_source_metal_sim[303] = {
    0x23,0x69,0x6e,0x63,0x6c,0x75,0x64,0x65,0x20,0x3c,0x6d,0x65,0x74,0x61,0x6c,0x5f,
    0x73,0x74,0x64,0x6c,0x69,0x62,0x3e,0x0a,0x23,0x69,0x6e,0x63,0x6c,0x75,0x64,0x65,
    0x20,0x3c,0x73,0x69,0x6d,0x64,0x2f,0x73,0x69,0x6d,0x64,0x2e,0x68,0x3e,0x0a,0x0a,
    0x75,0x73,0x69,0x6e,0x67,0x20,0x6e,0x61,0x6d,0x65,0x73,0x70,0x61,0x63,0x65,0x20,
    0x6d,0x65,0x74,0x61,0x6c,0x3b,0x0a,0x0a,0x73,0x74,0x72,0x75,0x63,0x74,0x20,0x6d,
    0x61,0x69,0x6e,0x30,0x5f,0x6f,0x75,0x74,0x0a,0x7b,0x0a,0x20,0x20,0x20,0x20,0x66,
    0x6c,0x6f,0x61,0x74,0x34,0x20,0x66,0x72,0x61,0x67,0x20,0x5b,0x5b,0x63,0x6f,0x6c,
    0x6f,0x72,0x28,0x30,0x29,0x5d,0x5d,0x3b,0x0a,0x7d,0x3b,0x0a,0x0a,0x73,0x74,0x72,
    0x75,0x63,0x74,0x20,0x6d,0x61,0x69,0x6e,0x30,0x5f,0x69,0x6e,0x0a,0x7b,0x0a,0x20,
    0x20,0x20,0x20,0x66,0x6c,0x6f,0x61,0x74,0x34,0x20,0x63,0x6f,0x6c,0x6f,0x72,0x20,
    0x5b,0x5b,0x75,0x73,0x65,0x72,0x28,0x6c,0x6f,0x63,0x6e,0x30,0x29,0x5d,0x5d,0x3b,
    0x0a,0x7d,0x3b,0x0a,0x0a,0x66,0x72,0x61,0x67,0x6d,0x65,0x6e,0x74,0x20,0x6d,0x61,
    0x69,0x6e,0x30,0x5f,0x6f,0x75,0x74,0x20,0x6d,0x61,0x69,0x6e,0x30,0x28,0x6d,0x61,
    0x69,0x6e,0x30,0x5f,0x69,0x6e,0x20,0x69,0x6e,0x20,0x5b,0x5b,0x73,0x74,0x61,0x67,
    0x65,0x5f,0x69,0x6e,0x5d,0x5d,0x29,0x0a,0x7b,0x0a,0x20,0x20,0x20,0x20,0x6d,0x61,
    0x69,0x6e,0x30,0x5f,0x6f,0x75,0x74,0x20,0x6f,0x75,0x74,0x20,0x3d,0x20,0x7b,0x7d,
    0x3b,0x0a,0x20,0x20,0x20,0x20,0x6f,0x75,0x74,0x2e,0x66,0x72,0x61,0x67,0x20,0x3d,
    0x20,0x69,0x6e,0x2e,0x63,0x6f,0x6c,0x6f,0x72,0x3b,0x0a,0x20,0x20,0x20,0x20,0x72,
    0x65,0x74,0x75,0x72,0x6e,0x20,0x6f,0x75,0x74,0x3b,0x0a,0x7d,0x0a,0x0a,0x00,
};
#endif
/*
    diagnostic(off, derivative_uniformity);

    struct vs_params {
      /_ @offset(0) _/
      viewProj : mat4x4f,
      /_ @offset(64) _/
      params : vec4f,
      /_ @offset(80) _/
      tint : vec4f,
    }

    @binding(0) @group(0) var<uniform> x_13 : vs_params;

    var<private> inPos : vec3f;

    var<private> corner : vec2f;

    var<private> color : vec4f;

    var<private> inColor : vec4f;

    var<private> uv : vec2f;

    var<private> vRound : f32;

    var<private> gl_Position : vec4f;

    fn main_1() {
      let x_28 = (x_13.viewProj * vec4f(inPos.x, inPos.y, inPos.z, 1.0f));
      let x_34 = corner;
      let x_41 = (corner * x_13.params.x);
      let x_44 = x_13.params.z;
      var x_88_1 = x_41;
      x_88_1.x = (x_41.x * x_44);
      let x_57 = (x_28.xy + (x_88_1 * x_28.w));
      var x_91_1 = x_28;
      x_91_1.x = x_57.x;
      let x_91 = x_91_1;
      var x_93_1 = x_91;
      x_93_1.y = x_57.y;
      gl_Position = x_93_1;
      color = (inColor * x_13.tint);
      uv = x_34;
      vRound = x_13.params.y;
      return;
    }

    struct main_out {
      @builtin(position)
      gl_Position : vec4f,
      @location(0)
      color_1 : vec4f,
      @location(1)
      uv_1 : vec2f,
      @location(2)
      vRound_1 : f32,
    }

    @vertex
    fn main(@location(1) inPos_param : vec3f, @location(0) corner_param : vec2f, @location(2) inColor_param : vec4f) -> main_out {
      inPos = inPos_param;
      corner = corner_param;
      inColor = inColor_param;
      main_1();
      return main_out(gl_Position, color, uv, vRound);
    }
*/
#if defined(SOKOL_WGPU)
static const uint8_t tc_pointcloud_vs_source_wgsl[1361] = {
    0x64,0x69,0x61,0x67,0x6e,0x6f,0x73,0x74,0x69,0x63,0x28,0x6f,0x66,0x66,0x2c,0x20,
    0x64,0x65,0x72,0x69,0x76,0x61,0x74,0x69,0x76,0x65,0x5f,0x75,0x6e,0x69,0x66,0x6f,
    0x72,0x6d,0x69,0x74,0x79,0x29,0x3b,0x0a,0x0a,0x73,0x74,0x72,0x75,0x63,0x74,0x20,
    0x76,0x73,0x5f,0x70,0x61,0x72,0x61,0x6d,0x73,0x20,0x7b,0x0a,0x20,0x20,0x2f,0x2a,
    0x20,0x40,0x6f,0x66,0x66,0x73,0x65,0x74,0x28,0x30,0x29,0x20,0x2a,0x2f,0x0a,0x20,
    0x20,0x76,0x69,0x65,0x77,0x50,0x72,0x6f,0x6a,0x20,0x3a,0x20,0x6d,0x61,0x74,0x34,
    0x78,0x34,0x66,0x2c,0x0a,0x20,0x20,0x2f,0x2a,0x20,0x40,0x6f,0x66,0x66,0x73,0x65,
    0x74,0x28,0x36,0x34,0x29,0x20,0x2a,0x2f,0x0a,0x20,0x20,0x70,0x61,0x72,0x61,0x6d,
    0x73,0x20,0x3a,0x20,0x76,0x65,0x63,0x34,0x66,0x2c,0x0a,0x20,0x20,0x2f,0x2a,0x20,
    0x40,0x6f,0x66,0x66,0x73,0x65,0x74,0x28,0x38,0x30,0x29,0x20,0x2a,0x2f,0x0a,0x20,
    0x20,0x74,0x69,0x6e,0x74,0x20,0x3a,0x20,0x76,0x65,0x63,0x34,0x66,0x2c,0x0a,0x7d,
    0x0a,0x0a,0x40,0x62,0x69,0x6e,0x64,0x69,0x6e,0x67,0x28,0x30,0x29,0x20,0x40,0x67,
    0x72,0x6f,0x75,0x70,0x28,0x30,0x29,0x20,0x76,0x61,0x72,0x3c,0x75,0x6e,0x69,0x66,
    0x6f,0x72,0x6d,0x3e,0x20,0x78,0x5f,0x31,0x33,0x20,0x3a,0x20,0x76,0x73,0x5f,0x70,
    0x61,0x72,0x61,0x6d,0x73,0x3b,0x0a,0x0a,0x76,0x61,0x72,0x3c,0x70,0x72,0x69,0x76,
    0x61,0x74,0x65,0x3e,0x20,0x69,0x6e,0x50,0x6f,0x73,0x20,0x3a,0x20,0x76,0x65,0x63,
    0x33,0x66,0x3b,0x0a,0x0a,0x76,0x61,0x72,0x3c,0x70,0x72,0x69,0x76,0x61,0x74,0x65,
    0x3e,0x20,0x63,0x6f,0x72,0x6e,0x65,0x72,0x20,0x3a,0x20,0x76,0x65,0x63,0x32,0x66,
    0x3b,0x0a,0x0a,0x76,0x61,0x72,0x3c,0x70,0x72,0x69,0x76,0x61,0x74,0x65,0x3e,0x20,
    0x63,0x6f,0x6c,0x6f,0x72,0x20,0x3a,0x20,0x76,0x65,0x63,0x34,0x66,0x3b,0x0a,0x0a,
    0x76,0x61,0x72,0x3c,0x70,0x72,0x69,0x76,0x61,0x74,0x65,0x3e,0x20,0x69,0x6e,0x43,
    0x6f,0x6c,0x6f,0x72,0x20,0x3a,0x20,0x76,0x65,0x63,0x34,0x66,0x3b,0x0a,0x0a,0x76,
    0x61,0x72,0x3c,0x70,0x72,0x69,0x76,0x61,0x74,0x65,0x3e,0x20,0x75,0x76,0x20,0x3a,
    0x20,0x76,0x65,0x63,0x32,0x66,0x3b,0x0a,0x0a,0x76,0x61,0x72,0x3c,0x70,0x72,0x69,
    0x76,0x61,0x74,0x65,0x3e,0x20,0x76,0x52,0x6f,0x75,0x6e,0x64,0x20,0x3a,0x20,0x66,
    0x33,0x32,0x3b,0x0a,0x0a,0x76,0x61,0x72,0x3c,0x70,0x72,0x69,0x76,0x61,0x74,0x65,
    0x3e,0x20,0x67,0x6c,0x5f,0x50,0x6f,0x73,0x69,0x74,0x69,0x6f,0x6e,0x20,0x3a,0x20,
    0x76,0x65,0x63,0x34,0x66,0x3b,0x0a,0x0a,0x66,0x6e,0x20,0x6d,0x61,0x69,0x6e,0x5f,
    0x31,0x28,0x29,0x20,0x7b,0x0a,0x20,0x20,0x6c,0x65,0x74,0x20,0x78,0x5f,0x32,0x38,
    0x20,0x3d,0x20,0x28,0x78,0x5f,0x31,0x33,0x2e,0x76,0x69,0x65,0x77,0x50,0x72,0x6f,
    0x6a,0x20,0x2a,0x20,0x76,0x65,0x63,0x34,0x66,0x28,0x69,0x6e,0x50,0x6f,0x73,0x2e,
    0x78,0x2c,0x20,0x69,0x6e,0x50,0x6f,0x73,0x2e,0x79,0x2c,0x20,0x69,0x6e,0x50,0x6f,
    0x73,0x2e,0x7a,0x2c,0x20,0x31,0x2e,0x30,0x66,0x29,0x29,0x3b,0x0a,0x20,0x20,0x6c,
    0x65,0x74,0x20,0x78,0x5f,0x33,0x34,0x20,0x3d,0x20,0x63,0x6f,0x72,0x6e,0x65,0x72,
    0x3b,0x0a,0x20,0x20,0x6c,0x65,0x74,0x20,0x78,0x5f,0x34,0x31,0x20,0x3d,0x20,0x28,
    0x63,0x6f,0x72,0x6e,0x65,0x72,0x20,0x2a,0x20,0x78,0x5f,0x31,0x33,0x2e,0x70,0x61,
    0x72,0x61,0x6d,0x73,0x2e,0x78,0x29,0x3b,0x0a,0x20,0x20,0x6c,0x65,0x74,0x20,0x78,
    0x5f,0x34,0x34,0x20,0x3d,0x20,0x78,0x5f,0x31,0x33,0x2e,0x70,0x61,0x72,0x61,0x6d,
    0x73,0x2e,0x7a,0x3b,0x0a,0x20,0x20,0x76,0x61,0x72,0x20,0x78,0x5f,0x38,0x38,0x5f,
    0x31,0x20,0x3d,0x20,0x78,0x5f,0x34,0x31,0x3b,0x0a,0x20,0x20,0x78,0x5f,0x38,0x38,
    0x5f,0x31,0x2e,0x78,0x20,0x3d,0x20,0x28,0x78,0x5f,0x34,0x31,0x2e,0x78,0x20,0x2a,
    0x20,0x78,0x5f,0x34,0x34,0x29,0x3b,0x0a,0x20,0x20,0x6c,0x65,0x74,0x20,0x78,0x5f,
    0x35,0x37,0x20,0x3d,0x20,0x28,0x78,0x5f,0x32,0x38,0x2e,0x78,0x79,0x20,0x2b,0x20,
    0x28,0x78,0x5f,0x38,0x38,0x5f,0x31,0x20,0x2a,0x20,0x78,0x5f,0x32,0x38,0x2e,0x77,
    0x29,0x29,0x3b,0x0a,0x20,0x20,0x76,0x61,0x72,0x20,0x78,0x5f,0x39,0x31,0x5f,0x31,
    0x20,0x3d,0x20,0x78,0x5f,0x32,0x38,0x3b,0x0a,0x20,0x20,0x78,0x5f,0x39,0x31,0x5f,
    0x31,0x2e,0x78,0x20,0x3d,0x20,0x78,0x5f,0x35,0x37,0x2e,0x78,0x3b,0x0a,0x20,0x20,
    0x6c,0x65,0x74,0x20,0x78,0x5f,0x39,0x31,0x20,0x3d,0x20,0x78,0x5f,0x39,0x31,0x5f,
    0x31,0x3b,0x0a,0x20,0x20,0x76,0x61,0x72,0x20,0x78,0x5f,0x39,0x33,0x5f,0x31,0x20,
    0x3d,0x20,0x78,0x5f,0x39,0x31,0x3b,0x0a,0x20,0x20,0x78,0x5f,0x39,0x33,0x5f,0x31,
    0x2e,0x79,0x20,0x3d,0x20,0x78,0x5f,0x35,0x37,0x2e,0x79,0x3b,0x0a,0x20,0x20,0x67,
    0x6c,0x5f,0x50,0x6f,0x73,0x69,0x74,0x69,0x6f,0x6e,0x20,0x3d,0x20,0x78,0x5f,0x39,
    0x33,0x5f,0x31,0x3b,0x0a,0x20,0x20,0x63,0x6f,0x6c,0x6f,0x72,0x20,0x3d,0x20,0x28,
    0x69,0x6e,0x43,0x6f,0x6c,0x6f,0x72,0x20,0x2a,0x20,0x78,0x5f,0x31,0x33,0x2e,0x74,
    0x69,0x6e,0x74,0x29,0x3b,0x0a,0x20,0x20,0x75,0x76,0x20,0x3d,0x20,0x78,0x5f,0x33,
    0x34,0x3b,0x0a,0x20,0x20,0x76,0x52,0x6f,0x75,0x6e,0x64,0x20,0x3d,0x20,0x78,0x5f,
    0x31,0x33,0x2e,0x70,0x61,0x72,0x61,0x6d,0x73,0x2e,0x79,0x3b,0x0a,0x20,0x20,0x72,
    0x65,0x74,0x75,0x72,0x6e,0x3b,0x0a,0x7d,0x0a,0x0a,0x73,0x74,0x72,0x75,0x63,0x74,
    0x20,0x6d,0x61,0x69,0x6e,0x5f,0x6f,0x75,0x74,0x20,0x7b,0x0a,0x20,0x20,0x40,0x62,
    0x75,0x69,0x6c,0x74,0x69,0x6e,0x28,0x70,0x6f,0x73,0x69,0x74,0x69,0x6f,0x6e,0x29,
    0x0a,0x20,0x20,0x67,0x6c,0x5f,0x50,0x6f,0x73,0x69,0x74,0x69,0x6f,0x6e,0x20,0x3a,
    0x20,0x76,0x65,0x63,0x34,0x66,0x2c,0x0a,0x20,0x20,0x40,0x6c,0x6f,0x63,0x61,0x74,
    0x69,0x6f,0x6e,0x28,0x30,0x29,0x0a,0x20,0x20,0x63,0x6f,0x6c,0x6f,0x72,0x5f,0x31,
    0x20,0x3a,0x20,0x76,0x65,0x63,0x34,0x66,0x2c,0x0a,0x20,0x20,0x40,0x6c,0x6f,0x63,
    0x61,0x74,0x69,0x6f,0x6e,0x28,0x31,0x29,0x0a,0x20,0x20,0x75,0x76,0x5f,0x31,0x20,
    0x3a,0x20,0x76,0x65,0x63,0x32,0x66,0x2c,0x0a,0x20,0x20,0x40,0x6c,0x6f,0x63,0x61,
    0x74,0x69,0x6f,0x6e,0x28,0x32,0x29,0x0a,0x20,0x20,0x76,0x52,0x6f,0x75,0x6e,0x64,
    0x5f,0x31,0x20,0x3a,0x20,0x66,0x33,0x32,0x2c,0x0a,0x7d,0x0a,0x0a,0x40,0x76,0x65,
    0x72,0x74,0x65,0x78,0x0a,0x66,0x6e,0x20,0x6d,0x61,0x69,0x6e,0x28,0x40,0x6c,0x6f,
    0x63,0x61,0x74,0x69,0x6f,0x6e,0x28,0x31,0x29,0x20,0x69,0x6e,0x50,0x6f,0x73,0x5f,
    0x70,0x61,0x72,0x61,0x6d,0x20,0x3a,0x20,0x76,0x65,0x63,0x33,0x66,0x2c,0x20,0x40,
    0x6c,0x6f,0x63,0x61,0x74,0x69,0x6f,0x6e,0x28,0x30,0x29,0x20,0x63,0x6f,0x72,0x6e,
    0x65,0x72,0x5f,0x70,0x61,0x72,0x61,0x6d,0x20,0x3a,0x20,0x76,0x65,0x63,0x32,0x66,
    0x2c,0x20,0x40,0x6c,0x6f,0x63,0x61,0x74,0x69,0x6f,0x6e,0x28,0x32,0x29,0x20,0x69,
    0x6e,0x43,0x6f,0x6c,0x6f,0x72,0x5f,0x70,0x61,0x72,0x61,0x6d,0x20,0x3a,0x20,0x76,
    0x65,0x63,0x34,0x66,0x29,0x20,0x2d,0x3e,0x20,0x6d,0x61,0x69,0x6e,0x5f,0x6f,0x75,
    0x74,0x20,0x7b,0x0a,0x20,0x20,0x69,0x6e,0x50,0x6f,0x73,0x20,0x3d,0x20,0x69,0x6e,
    0x50,0x6f,0x73,0x5f,0x70,0x61,0x72,0x61,0x6d,0x3b,0x0a,0x20,0x20,0x63,0x6f,0x72,
    0x6e,0x65,0x72,0x20,0x3d,0x20,0x63,0x6f,0x72,0x6e,0x65,0x72,0x5f,0x70,0x61,0x72,
    0x61,0x6d,0x3b,0x0a,0x20,0x20,0x69,0x6e,0x43,0x6f,0x6c,0x6f,0x72,0x20,0x3d,0x20,
    0x69,0x6e,0x43,0x6f,0x6c,0x6f,0x72,0x5f,0x70,0x61,0x72,0x61,0x6d,0x3b,0x0a,0x20,
    0x20,0x6d,0x61,0x69,0x6e,0x5f,0x31,0x28,0x29,0x3b,0x0a,0x20,0x20,0x72,0x65,0x74,
    0x75,0x72,0x6e,0x20,0x6d,0x61,0x69,0x6e,0x5f,0x6f,0x75,0x74,0x28,0x67,0x6c,0x5f,
    0x50,0x6f,0x73,0x69,0x74,0x69,0x6f,0x6e,0x2c,0x20,0x63,0x6f,0x6c,0x6f,0x72,0x2c,
    0x20,0x75,0x76,0x2c,0x20,0x76,0x52,0x6f,0x75,0x6e,0x64,0x29,0x3b,0x0a,0x7d,0x0a,
    0x00,
};
#endif
/*
    diagnostic(off, derivative_uniformity);

    var<private> color : vec4f;

    var<private> vRound : f32;

    var<private> uv : vec2f;

    var<private> frag : vec4f;

    fn main_1() {
      var a : f32;
      a = color.w;
      if ((vRound > 0.5f)) {
        let x_31 = (length(uv) * 2.0f);
        let x_34 = fwidth(x_31);
        a = (a * (1.0f - smoothstep((1.0f - x_34), (1.0f + x_34), x_31)));
      }
      frag = vec4f(color.x, color.y, color.z, a);
      return;
    }

    struct main_out {
      @location(0)
      frag_1 : vec4f,
    }

    @fragment
    fn main(@location(0) color_param : vec4f, @location(2) vRound_param : f32, @location(1) uv_param : vec2f) -> main_out {
      color = color_param;
      vRound = vRound_param;
      uv = uv_param;
      main_1();
      return main_out(frag);
    }
*/
#if defined(SOKOL_WGPU)
static const uint8_t tc_pointcloud_fs_source_wgsl[709] = {
    0x64,0x69,0x61,0x67,0x6e,0x6f,0x73,0x74,0x69,0x63,0x28,0x6f,0x66,0x66,0x2c,0x20,
    0x64,0x65,0x72,0x69,0x76,0x61,0x74,0x69,0x76,0x65,0x5f,0x75,0x6e,0x69,0x66,0x6f,
    0x72,0x6d,0x69,0x74,0x79,0x29,0x3b,0x0a,0x0a,0x76,0x61,0x72,0x3c,0x70,0x72,0x69,
    0x76,0x61,0x74,0x65,0x3e,0x20,0x63,0x6f,0x6c,0x6f,0x72,0x20,0x3a,0x20,0x76,0x65,
    0x63,0x34,0x66,0x3b,0x0a,0x0a,0x76,0x61,0x72,0x3c,0x70,0x72,0x69,0x76,0x61,0x74,
    0x65,0x3e,0x20,0x76,0x52,0x6f,0x75,0x6e,0x64,0x20,0x3a,0x20,0x66,0x33,0x32,0x3b,
    0x0a,0x0a,0x76,0x61,0x72,0x3c,0x70,0x72,0x69,0x76,0x61,0x74,0x65,0x3e,0x20,0x75,
    0x76,0x20,0x3a,0x20,0x76,0x65,0x63,0x32,0x66,0x3b,0x0a,0x0a,0x76,0x61,0x72,0x3c,
    0x70,0x72,0x69,0x76,0x61,0x74,0x65,0x3e,0x20,0x66,0x72,0x61,0x67,0x20,0x3a,0x20,
    0x76,0x65,0x63,0x34,0x66,0x3b,0x0a,0x0a,0x66,0x6e,0x20,0x6d,0x61,0x69,0x6e,0x5f,
    0x31,0x28,0x29,0x20,0x7b,0x0a,0x20,0x20,0x76,0x61,0x72,0x20,0x61,0x20,0x3a,0x20,
    0x66,0x33,0x32,0x3b,0x0a,0x20,0x20,0x61,0x20,0x3d,0x20,0x63,0x6f,0x6c,0x6f,0x72,
    0x2e,0x77,0x3b,0x0a,0x20,0x20,0x69,0x66,0x20,0x28,0x28,0x76,0x52,0x6f,0x75,0x6e,
    0x64,0x20,0x3e,0x20,0x30,0x2e,0x35,0x66,0x29,0x29,0x20,0x7b,0x0a,0x20,0x20,0x20,
    0x20,0x6c,0x65,0x74,0x20,0x78,0x5f,0x33,0x31,0x20,0x3d,0x20,0x28,0x6c,0x65,0x6e,
    0x67,0x74,0x68,0x28,0x75,0x76,0x29,0x20,0x2a,0x20,0x32,0x2e,0x30,0x66,0x29,0x3b,
    0x0a,0x20,0x20,0x20,0x20,0x6c,0x65,0x74,0x20,0x78,0x5f,0x33,0x34,0x20,0x3d,0x20,
    0x66,0x77,0x69,0x64,0x74,0x68,0x28,0x78,0x5f,0x33,0x31,0x29,0x3b,0x0a,0x20,0x20,
    0x20,0x20,0x61,0x20,0x3d,0x20,0x28,0x61,0x20,0x2a,0x20,0x28,0x31,0x2e,0x30,0x66,
    0x20,0x2d,0x20,0x73,0x6d,0x6f,0x6f,0x74,0x68,0x73,0x74,0x65,0x70,0x28,0x28,0x31,
    0x2e,0x30,0x66,0x20,0x2d,0x20,0x78,0x5f,0x33,0x34,0x29,0x2c,0x20,0x28,0x31,0x2e,
    0x30,0x66,0x20,0x2b,0x20,0x78,0x5f,0x33,0x34,0x29,0x2c,0x20,0x78,0x5f,0x33,0x31,
    0x29,0x29,0x29,0x3b,0x0a,0x20,0x20,0x7d,0x0a,0x20,0x20,0x66,0x72,0x61,0x67,0x20,
    0x3d,0x20,0x76,0x65,0x63,0x34,0x66,0x28,0x63,0x6f,0x6c,0x6f,0x72,0x2e,0x78,0x2c,
    0x20,0x63,0x6f,0x6c,0x6f,0x72,0x2e,0x79,0x2c,0x20,0x63,0x6f,0x6c,0x6f,0x72,0x2e,
    0x7a,0x2c,0x20,0x61,0x29,0x3b,0x0a,0x20,0x20,0x72,0x65,0x74,0x75,0x72,0x6e,0x3b,
    0x0a,0x7d,0x0a,0x0a,0x73,0x74,0x72,0x75,0x63,0x74,0x20,0x6d,0x61,0x69,0x6e,0x5f,
    0x6f,0x75,0x74,0x20,0x7b,0x0a,0x20,0x20,0x40,0x6c,0x6f,0x63,0x61,0x74,0x69,0x6f,
    0x6e,0x28,0x30,0x29,0x0a,0x20,0x20,0x66,0x72,0x61,0x67,0x5f,0x31,0x20,0x3a,0x20,
    0x76,0x65,0x63,0x34,0x66,0x2c,0x0a,0x7d,0x0a,0x0a,0x40,0x66,0x72,0x61,0x67,0x6d,
    0x65,0x6e,0x74,0x0a,0x66,0x6e,0x20,0x6d,0x61,0x69,0x6e,0x28,0x40,0x6c,0x6f,0x63,
    0x61,0x74,0x69,0x6f,0x6e,0x28,0x30,0x29,0x20,0x63,0x6f,0x6c,0x6f,0x72,0x5f,0x70,
    0x61,0x72,0x61,0x6d,0x20,0x3a,0x20,0x76,0x65,0x63,0x34,0x66,0x2c,0x20,0x40,0x6c,
    0x6f,0x63,0x61,0x74,0x69,0x6f,0x6e,0x28,0x32,0x29,0x20,0x76,0x52,0x6f,0x75,0x6e,
    0x64,0x5f,0x70,0x61,0x72,0x61,0x6d,0x20,0x3a,0x20,0x66,0x33,0x32,0x2c,0x20,0x40,
    0x6c,0x6f,0x63,0x61,0x74,0x69,0x6f,0x6e,0x28,0x31,0x29,0x20,0x75,0x76,0x5f,0x70,
    0x61,0x72,0x61,0x6d,0x20,0x3a,0x20,0x76,0x65,0x63,0x32,0x66,0x29,0x20,0x2d,0x3e,
    0x20,0x6d,0x61,0x69,0x6e,0x5f,0x6f,0x75,0x74,0x20,0x7b,0x0a,0x20,0x20,0x63,0x6f,
    0x6c,0x6f,0x72,0x20,0x3d,0x20,0x63,0x6f,0x6c,0x6f,0x72,0x5f,0x70,0x61,0x72,0x61,
    0x6d,0x3b,0x0a,0x20,0x20,0x76,0x52,0x6f,0x75,0x6e,0x64,0x20,0x3d,0x20,0x76,0x52,
    0x6f,0x75,0x6e,0x64,0x5f,0x70,0x61,0x72,0x61,0x6d,0x3b,0x0a,0x20,0x20,0x75,0x76,
    0x20,0x3d,0x20,0x75,0x76,0x5f,0x70,0x61,0x72,0x61,0x6d,0x3b,0x0a,0x20,0x20,0x6d,
    0x61,0x69,0x6e,0x5f,0x31,0x28,0x29,0x3b,0x0a,0x20,0x20,0x72,0x65,0x74,0x75,0x72,
    0x6e,0x20,0x6d,0x61,0x69,0x6e,0x5f,0x6f,0x75,0x74,0x28,0x66,0x72,0x61,0x67,0x29,
    0x3b,0x0a,0x7d,0x0a,0x00,
};
#endif
/*
    diagnostic(off, derivative_uniformity);

    struct vs_params {
      /_ @offset(0) _/
      viewProj : mat4x4f,
      /_ @offset(64) _/
      params : vec4f,
      /_ @offset(80) _/
      tint : vec4f,
    }

    @binding(0) @group(0) var<uniform> x_19 : vs_params;

    var<private> inPos : vec3f;

    var<private> color : vec4f;

    var<private> inColor : vec4f;

    var<private> gl_Position : vec4f;

    fn main_1() {
      gl_Position = (x_19.viewProj * vec4f(inPos.x, inPos.y, inPos.z, 1.0f));
      color = (inColor * x_19.tint);
      return;
    }

    struct main_out {
      @builtin(position)
      gl_Position : vec4f,
      @location(0)
      color_1 : vec4f,
    }

    @vertex
    fn main(@location(0) inPos_param : vec3f, @location(1) inColor_param : vec4f) -> main_out {
      inPos = inPos_param;
      inColor = inColor_param;
      main_1();
      return main_out(gl_Position, color);
    }
*/
#if defined(SOKOL_WGPU)
static const uint8_t tc_pointcloud_vs_prim_source_wgsl[793] = {
    0x64,0x69,0x61,0x67,0x6e,0x6f,0x73,0x74,0x69,0x63,0x28,0x6f,0x66,0x66,0x2c,0x20,
    0x64,0x65,0x72,0x69,0x76,0x61,0x74,0x69,0x76,0x65,0x5f,0x75,0x6e,0x69,0x66,0x6f,
    0x72,0x6d,0x69,0x74,0x79,0x29,0x3b,0x0a,0x0a,0x73,0x74,0x72,0x75,0x63,0x74,0x20,
    0x76,0x73,0x5f,0x70,0x61,0x72,0x61,0x6d,0x73,0x20,0x7b,0x0a,0x20,0x20,0x2f,0x2a,
    0x20,0x40,0x6f,0x66,0x66,0x73,0x65,0x74,0x28,0x30,0x29,0x20,0x2a,0x2f,0x0a,0x20,
    0x20,0x76,0x69,0x65,0x77,0x50,0x72,0x6f,0x6a,0x20,0x3a,0x20,0x6d,0x61,0x74,0x34,
    0x78,0x34,0x66,0x2c,0x0a,0x20,0x20,0x2f,0x2a,0x20,0x40,0x6f,0x66,0x66,0x73,0x65,
    0x74,0x28,0x36,0x34,0x29,0x20,0x2a,0x2f,0x0a,0x20,0x20,0x70,0x61,0x72,0x61,0x6d,
    0x73,0x20,0x3a,0x20,0x76,0x65,0x63,0x34,0x66,0x2c,0x0a,0x20,0x20,0x2f,0x2a,0x20,
    0x40,0x6f,0x66,0x66,0x73,0x65,0x74,0x28,0x38,0x30,0x29,0x20,0x2a,0x2f,0x0a,0x20,
    0x20,0x74,0x69,0x6e,0x74,0x20,0x3a,0x20,0x76,0x65,0x63,0x34,0x66,0x2c,0x0a,0x7d,
    0x0a,0x0a,0x40,0x62,0x69,0x6e,0x64,0x69,0x6e,0x67,0x28,0x30,0x29,0x20,0x40,0x67,
    0x72,0x6f,0x75,0x70,0x28,0x30,0x29,0x20,0x76,0x61,0x72,0x3c,0x75,0x6e,0x69,0x66,
    0x6f,0x72,0x6d,0x3e,0x20,0x78,0x5f,0x31,0x39,0x20,0x3a,0x20,0x76,0x73,0x5f,0x70,
    0x61,0x72,0x61,0x6d,0x73,0x3b,0x0a,0x0a,0x76,0x61,0x72,0x3c,0x70,0x72,0x69,0x76,
    0x61,0x74,0x65,0x3e,0x20,0x69,0x6e,0x50,0x6f,0x73,0x20,0x3a,0x20,0x76,0x65,0x63,
    0x33,0x66,0x3b,0x0a,0x0a,0x76,0x61,0x72,0x3c,0x70,0x72,0x69,0x76,0x61,0x74,0x65,
    0x3e,0x20,0x63,0x6f,0x6c,0x6f,0x72,0x20,0x3a,0x20,0x76,0x65,0x63,0x34,0x66,0x3b,
    0x0a,0x0a,0x76,0x61,0x72,0x3c,0x70,0x72,0x69,0x76,0x61,0x74,0x65,0x3e,0x20,0x69,
    0x6e,0x43,0x6f,0x6c,0x6f,0x72,0x20,0x3a,0x20,0x76,0x65,0x63,0x34,0x66,0x3b,0x0a,
    0x0a,0x76,0x61,0x72,0x3c,0x70,0x72,0x69,0x76,0x61,0x74,0x65,0x3e,0x20,0x67,0x6c,
    0x5f,0x50,0x6f,0x73,0x69,0x74,0x69,0x6f,0x6e,0x20,0x3a,0x20,0x76,0x65,0x63,0x34,
    0x66,0x3b,0x0a,0x0a,0x66,0x6e,0x20,0x6d,0x61,0x69,0x6e,0x5f,0x31,0x28,0x29,0x20,
    0x7b,0x0a,0x20,0x20,0x67,0x6c,0x5f,0x50,0x6f,0x73,0x69,0x74,0x69,0x6f,0x6e,0x20,
    0x3d,0x20,0x28,0x78,0x5f,0x31,0x39,0x2e,0x76,0x69,0x65,0x77,0x50,0x72,0x6f,0x6a,
    0x20,0x2a,0x20,0x76,0x65,0x63,0x34,0x66,0x28,0x69,0x6e,0x50,0x6f,0x73,0x2e,0x78,
    0x2c,0x20,0x69,0x6e,0x50,0x6f,0x73,0x2e,0x79,0x2c,0x20,0x69,0x6e,0x50,0x6f,0x73,
    0x2e,0x7a,0x2c,0x20,0x31,0x2e,0x30,0x66,0x29,0x29,0x3b,0x0a,0x20,0x20,0x63,0x6f,
    0x6c,0x6f,0x72,0x20,0x3d,0x20,0x28,0x69,0x6e,0x43,0x6f,0x6c,0x6f,0x72,0x20,0x2a,
    0x20,0x78,0x5f,0x31,0x39,0x2e,0x74,0x69,0x6e,0x74,0x29,0x3b,0x0a,0x20,0x20,0x72,
    0x65,0x74,0x75,0x72,0x6e,0x3b,0x0a,0x7d,0x0a,0x0a,0x73,0x74,0x72,0x75,0x63,0x74,
    0x20,0x6d,0x61,0x69,0x6e,0x5f,0x6f,0x75,0x74,0x20,0x7b,0x0a,0x20,0x20,0x40,0x62,
    0x75,0x69,0x6c,0x74,0x69,0x6e,0x28,0x70,0x6f,0x73,0x69,0x74,0x69,0x6f,0x6e,0x29,
    0x0a,0x20,0x20,0x67,0x6c,0x5f,0x50,0x6f,0x73,0x69,0x74,0x69,0x6f,0x6e,0x20,0x3a,
    0x20,0x76,0x65,0x63,0x34,0x66,0x2c,0x0a,0x20,0x20,0x40,0x6c,0x6f,0x63,0x61,0x74,
    0x69,0x6f,0x6e,0x28,0x30,0x29,0x0a,0x20,0x20,0x63,0x6f,0x6c,0x6f,0x72,0x5f,0x31,
    0x20,0x3a,0x20,0x76,0x65,0x63,0x34,0x66,0x2c,0x0a,0x7d,0x0a,0x0a,0x40,0x76,0x65,
    0x72,0x74,0x65,0x78,0x0a,0x66,0x6e,0x20,0x6d,0x61,0x69,0x6e,0x28,0x40,0x6c,0x6f,
    0x63,0x61,0x74,0x69,0x6f,0x6e,0x28,0x30,0x29,0x20,0x69,0x6e,0x50,0x6f,0x73,0x5f,
    0x70,0x61,0x72,0x61,0x6d,0x20,0x3a,0x20,0x76,0x65,0x63,0x33,0x66,0x2c,0x20,0x40,
    0x6c,0x6f,0x63,0x61,0x74,0x69,0x6f,0x6e,0x28,0x31,0x29,0x20,0x69,0x6e,0x43,0x6f,
    0x6c,0x6f,0x72,0x5f,0x70,0x61,0x72,0x61,0x6d,0x20,0x3a,0x20,0x76,0x65,0x63,0x34,
    0x66,0x29,0x20,0x2d,0x3e,0x20,0x6d,0x61,0x69,0x6e,0x5f,0x6f,0x75,0x74,0x20,0x7b,
    0x0a,0x20,0x20,0x69,0x6e,0x50,0x6f,0x73,0x20,0x3d,0x20,0x69,0x6e,0x50,0x6f,0x73,
    0x5f,0x70,0x61,0x72,0x61,0x6d,0x3b,0x0a,0x20,0x20,0x69,0x6e,0x43,0x6f,0x6c,0x6f,
    0x72,0x20,0x3d,0x20,0x69,0x6e,0x43,0x6f,0x6c,0x6f,0x72,0x5f,0x70,0x61,0x72,0x61,
    0x6d,0x3b,0x0a,0x20,0x20,0x6d,0x61,0x69,0x6e,0x5f,0x31,0x28,0x29,0x3b,0x0a,0x20,
    0x20,0x72,0x65,0x74,0x75,0x72,0x6e,0x20,0x6d,0x61,0x69,0x6e,0x5f,0x6f,0x75,0x74,
    0x28,0x67,0x6c,0x5f,0x50,0x6f,0x73,0x69,0x74,0x69,0x6f,0x6e,0x2c,0x20,0x63,0x6f,
    0x6c,0x6f,0x72,0x29,0x3b,0x0a,0x7d,0x0a,0x00,
};
#endif
/*
    diagnostic(off, derivative_uniformity);

    var<private> frag : vec4f;

    var<private> color : vec4f;

    fn main_1() {
      frag = color;
      return;
    }

    struct main_out {
      @location(0)
      frag_1 : vec4f,
    }

    @fragment
    fn main(@location(0) color_param : vec4f) -> main_out {
      color = color_param;
      main_1();
      return main_out(frag);
    }
*/
#if defined(SOKOL_WGPU)
static const uint8_t tc_pointcloud_fs_prim_source_wgsl[324] = {
    0x64,0x69,0x61,0x67,0x6e,0x6f,0x73,0x74,0x69,0x63,0x28,0x6f,0x66,0x66,0x2c,0x20,
    0x64,0x65,0x72,0x69,0x76,0x61,0x74,0x69,0x76,0x65,0x5f,0x75,0x6e,0x69,0x66,0x6f,
    0x72,0x6d,0x69,0x74,0x79,0x29,0x3b,0x0a,0x0a,0x76,0x61,0x72,0x3c,0x70,0x72,0x69,
    0x76,0x61,0x74,0x65,0x3e,0x20,0x66,0x72,0x61,0x67,0x20,0x3a,0x20,0x76,0x65,0x63,
    0x34,0x66,0x3b,0x0a,0x0a,0x76,0x61,0x72,0x3c,0x70,0x72,0x69,0x76,0x61,0x74,0x65,
    0x3e,0x20,0x63,0x6f,0x6c,0x6f,0x72,0x20,0x3a,0x20,0x76,0x65,0x63,0x34,0x66,0x3b,
    0x0a,0x0a,0x66,0x6e,0x20,0x6d,0x61,0x69,0x6e,0x5f,0x31,0x28,0x29,0x20,0x7b,0x0a,
    0x20,0x20,0x66,0x72,0x61,0x67,0x20,0x3d,0x20,0x63,0x6f,0x6c,0x6f,0x72,0x3b,0x0a,
    0x20,0x20,0x72,0x65,0x74,0x75,0x72,0x6e,0x3b,0x0a,0x7d,0x0a,0x0a,0x73,0x74,0x72,
    0x75,0x63,0x74,0x20,0x6d,0x61,0x69,0x6e,0x5f,0x6f,0x75,0x74,0x20,0x7b,0x0a,0x20,
    0x20,0x40,0x6c,0x6f,0x63,0x61,0x74,0x69,0x6f,0x6e,0x28,0x30,0x29,0x0a,0x20,0x20,
    0x66,0x72,0x61,0x67,0x5f,0x31,0x20,0x3a,0x20,0x76,0x65,0x63,0x34,0x66,0x2c,0x0a,
    0x7d,0x0a,0x0a,0x40,0x66,0x72,0x61,0x67,0x6d,0x65,0x6e,0x74,0x0a,0x66,0x6e,0x20,
    0x6d,0x61,0x69,0x6e,0x28,0x40,0x6c,0x6f,0x63,0x61,0x74,0x69,0x6f,0x6e,0x28,0x30,
    0x29,0x20,0x63,0x6f,0x6c,0x6f,0x72,0x5f,0x70,0x61,0x72,0x61,0x6d,0x20,0x3a,0x20,
    0x76,0x65,0x63,0x34,0x66,0x29,0x20,0x2d,0x3e,0x20,0x6d,0x61,0x69,0x6e,0x5f,0x6f,
    0x75,0x74,0x20,0x7b,0x0a,0x20,0x20,0x63,0x6f,0x6c,0x6f,0x72,0x20,0x3d,0x20,0x63,
    0x6f,0x6c,0x6f,0x72,0x5f,0x70,0x61,0x72,0x61,0x6d,0x3b,0x0a,0x20,0x20,0x6d,0x61,
    0x69,0x6e,0x5f,0x31,0x28,0x29,0x3b,0x0a,0x20,0x20,0x72,0x65,0x74,0x75,0x72,0x6e,
    0x20,0x6d,0x61,0x69,0x6e,0x5f,0x6f,0x75,0x74,0x28,0x66,0x72,0x61,0x67,0x29,0x3b,
    0x0a,0x7d,0x0a,0x00,
};
#endif
static inline const sg_shader_desc* tc_pointcloud_point_shader_desc(sg_backend backend) {
    #if defined(SOKOL_GLCORE)
    if (backend == SG_BACKEND_GLCORE) {
        static sg_shader_desc desc;
        static bool valid;
        if (!valid) {
            valid = true;
            desc.vertex_func.source = (const char*)tc_pointcloud_vs_source_glsl430;
            desc.vertex_func.entry = "main";
            desc.fragment_func.source = (const char*)tc_pointcloud_fs_source_glsl430;
            desc.fragment_func.entry = "main";
            desc.attrs[0].base_type = SG_SHADERATTRBASETYPE_FLOAT;
            desc.attrs[0].glsl_name = "corner";
            desc.attrs[1].base_type = SG_SHADERATTRBASETYPE_FLOAT;
            desc.attrs[1].glsl_name = "inPos";
            desc.attrs[2].base_type = SG_SHADERATTRBASETYPE_FLOAT;
            desc.attrs[2].glsl_name = "inColor";
            desc.uniform_blocks[0].stage = SG_SHADERSTAGE_VERTEX;
            desc.uniform_blocks[0].layout = SG_UNIFORMLAYOUT_STD140;
            desc.uniform_blocks[0].size = 96;
            desc.uniform_blocks[0].glsl_uniforms[0].type = SG_UNIFORMTYPE_FLOAT4;
            desc.uniform_blocks[0].glsl_uniforms[0].array_count = 6;
            desc.uniform_blocks[0].glsl_uniforms[0].glsl_name = "vs_params";
            desc.label = "tc_pointcloud_point_shader";
        }
        return &desc;
    }
    #endif /* SOKOL_GLCORE */
    #if defined(SOKOL_GLES3)
    if (backend == SG_BACKEND_GLES3) {
        static sg_shader_desc desc;
        static bool valid;
        if (!valid) {
            valid = true;
            desc.vertex_func.source = (const char*)tc_pointcloud_vs_source_glsl300es;
            desc.vertex_func.entry = "main";
            desc.fragment_func.source = (const char*)tc_pointcloud_fs_source_glsl300es;
            desc.fragment_func.entry = "main";
            desc.attrs[0].base_type = SG_SHADERATTRBASETYPE_FLOAT;
            desc.attrs[0].glsl_name = "corner";
            desc.attrs[1].base_type = SG_SHADERATTRBASETYPE_FLOAT;
            desc.attrs[1].glsl_name = "inPos";
            desc.attrs[2].base_type = SG_SHADERATTRBASETYPE_FLOAT;
            desc.attrs[2].glsl_name = "inColor";
            desc.uniform_blocks[0].stage = SG_SHADERSTAGE_VERTEX;
            desc.uniform_blocks[0].layout = SG_UNIFORMLAYOUT_STD140;
            desc.uniform_blocks[0].size = 96;
            desc.uniform_blocks[0].glsl_uniforms[0].type = SG_UNIFORMTYPE_FLOAT4;
            desc.uniform_blocks[0].glsl_uniforms[0].array_count = 6;
            desc.uniform_blocks[0].glsl_uniforms[0].glsl_name = "vs_params";
            desc.label = "tc_pointcloud_point_shader";
        }
        return &desc;
    }
    #endif /* SOKOL_GLES3 */
    #if defined(SOKOL_D3D11)
    if (backend == SG_BACKEND_D3D11) {
        static sg_shader_desc desc;
        static bool valid;
        if (!valid) {
            valid = true;
            desc.vertex_func.source = (const char*)tc_pointcloud_vs_source_hlsl5;
            desc.vertex_func.d3d11_target = "vs_5_0";
            desc.vertex_func.entry = "main";
            desc.fragment_func.source = (const char*)tc_pointcloud_fs_source_hlsl5;
            desc.fragment_func.d3d11_target = "ps_5_0";
            desc.fragment_func.entry = "main";
            desc.attrs[0].base_type = SG_SHADERATTRBASETYPE_FLOAT;
            desc.attrs[0].hlsl_sem_name = "TEXCOORD";
            desc.attrs[0].hlsl_sem_index = 0;
            desc.attrs[1].base_type = SG_SHADERATTRBASETYPE_FLOAT;
            desc.attrs[1].hlsl_sem_name = "TEXCOORD";
            desc.attrs[1].hlsl_sem_index = 1;
            desc.attrs[2].base_type = SG_SHADERATTRBASETYPE_FLOAT;
            desc.attrs[2].hlsl_sem_name = "TEXCOORD";
            desc.attrs[2].hlsl_sem_index = 2;
            desc.uniform_blocks[0].stage = SG_SHADERSTAGE_VERTEX;
            desc.uniform_blocks[0].layout = SG_UNIFORMLAYOUT_STD140;
            desc.uniform_blocks[0].size = 96;
            desc.uniform_blocks[0].hlsl_register_b_n = 0;
            desc.label = "tc_pointcloud_point_shader";
        }
        return &desc;
    }
    #endif /* SOKOL_D3D11 */
    #if defined(SOKOL_METAL)
    if (backend == SG_BACKEND_METAL_MACOS) {
        static sg_shader_desc desc;
        static bool valid;
        if (!valid) {
            valid = true;
            desc.vertex_func.source = (const char*)tc_pointcloud_vs_source_metal_macos;
            desc.vertex_func.entry = "main0";
            desc.fragment_func.source = (const char*)tc_pointcloud_fs_source_metal_macos;
            desc.fragment_func.entry = "main0";
            desc.attrs[0].base_type = SG_SHADERATTRBASETYPE_FLOAT;
            desc.attrs[1].base_type = SG_SHADERATTRBASETYPE_FLOAT;
            desc.attrs[2].base_type = SG_SHADERATTRBASETYPE_FLOAT;
            desc.uniform_blocks[0].stage = SG_SHADERSTAGE_VERTEX;
            desc.uniform_blocks[0].layout = SG_UNIFORMLAYOUT_STD140;
            desc.uniform_blocks[0].size = 96;
            desc.uniform_blocks[0].msl_buffer_n = 0;
            desc.label = "tc_pointcloud_point_shader";
        }
        return &desc;
    }
    #endif /* SOKOL_METAL */
    #if defined(SOKOL_METAL)
    if (backend == SG_BACKEND_METAL_IOS) {
        static sg_shader_desc desc;
        static bool valid;
        if (!valid) {
            valid = true;
            desc.vertex_func.source = (const char*)tc_pointcloud_vs_source_metal_ios;
            desc.vertex_func.entry = "main0";
            desc.fragment_func.source = (const char*)tc_pointcloud_fs_source_metal_ios;
            desc.fragment_func.entry = "main0";
            desc.attrs[0].base_type = SG_SHADERATTRBASETYPE_FLOAT;
            desc.attrs[1].base_type = SG_SHADERATTRBASETYPE_FLOAT;
            desc.attrs[2].base_type = SG_SHADERATTRBASETYPE_FLOAT;
            desc.uniform_blocks[0].stage = SG_SHADERSTAGE_VERTEX;
            desc.uniform_blocks[0].layout = SG_UNIFORMLAYOUT_STD140;
            desc.uniform_blocks[0].size = 96;
            desc.uniform_blocks[0].msl_buffer_n = 0;
            desc.label = "tc_pointcloud_point_shader";
        }
        return &desc;
    }
    #endif /* SOKOL_METAL */
    #if defined(SOKOL_METAL)
    if (backend == SG_BACKEND_METAL_SIMULATOR) {
        static sg_shader_desc desc;
        static bool valid;
        if (!valid) {
            valid = true;
            desc.vertex_func.source = (const char*)tc_pointcloud_vs_source_metal_sim;
            desc.vertex_func.entry = "main0";
            desc.fragment_func.source = (const char*)tc_pointcloud_fs_source_metal_sim;
            desc.fragment_func.entry = "main0";
            desc.attrs[0].base_type = SG_SHADERATTRBASETYPE_FLOAT;
            desc.attrs[1].base_type = SG_SHADERATTRBASETYPE_FLOAT;
            desc.attrs[2].base_type = SG_SHADERATTRBASETYPE_FLOAT;
            desc.uniform_blocks[0].stage = SG_SHADERSTAGE_VERTEX;
            desc.uniform_blocks[0].layout = SG_UNIFORMLAYOUT_STD140;
            desc.uniform_blocks[0].size = 96;
            desc.uniform_blocks[0].msl_buffer_n = 0;
            desc.label = "tc_pointcloud_point_shader";
        }
        return &desc;
    }
    #endif /* SOKOL_METAL */
    #if defined(SOKOL_WGPU)
    if (backend == SG_BACKEND_WGPU) {
        static sg_shader_desc desc;
        static bool valid;
        if (!valid) {
            valid = true;
            desc.vertex_func.source = (const char*)tc_pointcloud_vs_source_wgsl;
            desc.vertex_func.entry = "main";
            desc.fragment_func.source = (const char*)tc_pointcloud_fs_source_wgsl;
            desc.fragment_func.entry = "main";
            desc.attrs[0].base_type = SG_SHADERATTRBASETYPE_FLOAT;
            desc.attrs[1].base_type = SG_SHADERATTRBASETYPE_FLOAT;
            desc.attrs[2].base_type = SG_SHADERATTRBASETYPE_FLOAT;
            desc.uniform_blocks[0].stage = SG_SHADERSTAGE_VERTEX;
            desc.uniform_blocks[0].layout = SG_UNIFORMLAYOUT_STD140;
            desc.uniform_blocks[0].size = 96;
            desc.uniform_blocks[0].wgsl_group0_binding_n = 0;
            desc.label = "tc_pointcloud_point_shader";
        }
        return &desc;
    }
    #endif /* SOKOL_WGPU */
    return 0;
}
static inline const sg_shader_desc* tc_pointcloud_point_prim_shader_desc(sg_backend backend) {
    #if defined(SOKOL_GLCORE)
    if (backend == SG_BACKEND_GLCORE) {
        static sg_shader_desc desc;
        static bool valid;
        if (!valid) {
            valid = true;
            desc.vertex_func.source = (const char*)tc_pointcloud_vs_prim_source_glsl430;
            desc.vertex_func.entry = "main";
            desc.fragment_func.source = (const char*)tc_pointcloud_fs_prim_source_glsl430;
            desc.fragment_func.entry = "main";
            desc.attrs[0].base_type = SG_SHADERATTRBASETYPE_FLOAT;
            desc.attrs[0].glsl_name = "inPos";
            desc.attrs[1].base_type = SG_SHADERATTRBASETYPE_FLOAT;
            desc.attrs[1].glsl_name = "inColor";
            desc.uniform_blocks[0].stage = SG_SHADERSTAGE_VERTEX;
            desc.uniform_blocks[0].layout = SG_UNIFORMLAYOUT_STD140;
            desc.uniform_blocks[0].size = 96;
            desc.uniform_blocks[0].glsl_uniforms[0].type = SG_UNIFORMTYPE_FLOAT4;
            desc.uniform_blocks[0].glsl_uniforms[0].array_count = 6;
            desc.uniform_blocks[0].glsl_uniforms[0].glsl_name = "vs_params";
            desc.label = "tc_pointcloud_point_prim_shader";
        }
        return &desc;
    }
    #endif /* SOKOL_GLCORE */
    #if defined(SOKOL_GLES3)
    if (backend == SG_BACKEND_GLES3) {
        static sg_shader_desc desc;
        static bool valid;
        if (!valid) {
            valid = true;
            desc.vertex_func.source = (const char*)tc_pointcloud_vs_prim_source_glsl300es;
            desc.vertex_func.entry = "main";
            desc.fragment_func.source = (const char*)tc_pointcloud_fs_prim_source_glsl300es;
            desc.fragment_func.entry = "main";
            desc.attrs[0].base_type = SG_SHADERATTRBASETYPE_FLOAT;
            desc.attrs[0].glsl_name = "inPos";
            desc.attrs[1].base_type = SG_SHADERATTRBASETYPE_FLOAT;
            desc.attrs[1].glsl_name = "inColor";
            desc.uniform_blocks[0].stage = SG_SHADERSTAGE_VERTEX;
            desc.uniform_blocks[0].layout = SG_UNIFORMLAYOUT_STD140;
            desc.uniform_blocks[0].size = 96;
            desc.uniform_blocks[0].glsl_uniforms[0].type = SG_UNIFORMTYPE_FLOAT4;
            desc.uniform_blocks[0].glsl_uniforms[0].array_count = 6;
            desc.uniform_blocks[0].glsl_uniforms[0].glsl_name = "vs_params";
            desc.label = "tc_pointcloud_point_prim_shader";
        }
        return &desc;
    }
    #endif /* SOKOL_GLES3 */
    #if defined(SOKOL_D3D11)
    if (backend == SG_BACKEND_D3D11) {
        static sg_shader_desc desc;
        static bool valid;
        if (!valid) {
            valid = true;
            desc.vertex_func.source = (const char*)tc_pointcloud_vs_prim_source_hlsl5;
            desc.vertex_func.d3d11_target = "vs_5_0";
            desc.vertex_func.entry = "main";
            desc.fragment_func.source = (const char*)tc_pointcloud_fs_prim_source_hlsl5;
            desc.fragment_func.d3d11_target = "ps_5_0";
            desc.fragment_func.entry = "main";
            desc.attrs[0].base_type = SG_SHADERATTRBASETYPE_FLOAT;
            desc.attrs[0].hlsl_sem_name = "TEXCOORD";
            desc.attrs[0].hlsl_sem_index = 0;
            desc.attrs[1].base_type = SG_SHADERATTRBASETYPE_FLOAT;
            desc.attrs[1].hlsl_sem_name = "TEXCOORD";
            desc.attrs[1].hlsl_sem_index = 1;
            desc.uniform_blocks[0].stage = SG_SHADERSTAGE_VERTEX;
            desc.uniform_blocks[0].layout = SG_UNIFORMLAYOUT_STD140;
            desc.uniform_blocks[0].size = 96;
            desc.uniform_blocks[0].hlsl_register_b_n = 0;
            desc.label = "tc_pointcloud_point_prim_shader";
        }
        return &desc;
    }
    #endif /* SOKOL_D3D11 */
    #if defined(SOKOL_METAL)
    if (backend == SG_BACKEND_METAL_MACOS) {
        static sg_shader_desc desc;
        static bool valid;
        if (!valid) {
            valid = true;
            desc.vertex_func.source = (const char*)tc_pointcloud_vs_prim_source_metal_macos;
            desc.vertex_func.entry = "main0";
            desc.fragment_func.source = (const char*)tc_pointcloud_fs_prim_source_metal_macos;
            desc.fragment_func.entry = "main0";
            desc.attrs[0].base_type = SG_SHADERATTRBASETYPE_FLOAT;
            desc.attrs[1].base_type = SG_SHADERATTRBASETYPE_FLOAT;
            desc.uniform_blocks[0].stage = SG_SHADERSTAGE_VERTEX;
            desc.uniform_blocks[0].layout = SG_UNIFORMLAYOUT_STD140;
            desc.uniform_blocks[0].size = 96;
            desc.uniform_blocks[0].msl_buffer_n = 0;
            desc.label = "tc_pointcloud_point_prim_shader";
        }
        return &desc;
    }
    #endif /* SOKOL_METAL */
    #if defined(SOKOL_METAL)
    if (backend == SG_BACKEND_METAL_IOS) {
        static sg_shader_desc desc;
        static bool valid;
        if (!valid) {
            valid = true;
            desc.vertex_func.source = (const char*)tc_pointcloud_vs_prim_source_metal_ios;
            desc.vertex_func.entry = "main0";
            desc.fragment_func.source = (const char*)tc_pointcloud_fs_prim_source_metal_ios;
            desc.fragment_func.entry = "main0";
            desc.attrs[0].base_type = SG_SHADERATTRBASETYPE_FLOAT;
            desc.attrs[1].base_type = SG_SHADERATTRBASETYPE_FLOAT;
            desc.uniform_blocks[0].stage = SG_SHADERSTAGE_VERTEX;
            desc.uniform_blocks[0].layout = SG_UNIFORMLAYOUT_STD140;
            desc.uniform_blocks[0].size = 96;
            desc.uniform_blocks[0].msl_buffer_n = 0;
            desc.label = "tc_pointcloud_point_prim_shader";
        }
        return &desc;
    }
    #endif /* SOKOL_METAL */
    #if defined(SOKOL_METAL)
    if (backend == SG_BACKEND_METAL_SIMULATOR) {
        static sg_shader_desc desc;
        static bool valid;
        if (!valid) {
            valid = true;
            desc.vertex_func.source = (const char*)tc_pointcloud_vs_prim_source_metal_sim;
            desc.vertex_func.entry = "main0";
            desc.fragment_func.source = (const char*)tc_pointcloud_fs_prim_source_metal_sim;
            desc.fragment_func.entry = "main0";
            desc.attrs[0].base_type = SG_SHADERATTRBASETYPE_FLOAT;
            desc.attrs[1].base_type = SG_SHADERATTRBASETYPE_FLOAT;
            desc.uniform_blocks[0].stage = SG_SHADERSTAGE_VERTEX;
            desc.uniform_blocks[0].layout = SG_UNIFORMLAYOUT_STD140;
            desc.uniform_blocks[0].size = 96;
            desc.uniform_blocks[0].msl_buffer_n = 0;
            desc.label = "tc_pointcloud_point_prim_shader";
        }
        return &desc;
    }
    #endif /* SOKOL_METAL */
    #if defined(SOKOL_WGPU)
    if (backend == SG_BACKEND_WGPU) {
        static sg_shader_desc desc;
        static bool valid;
        if (!valid) {
            valid = true;
            desc.vertex_func.source = (const char*)tc_pointcloud_vs_prim_source_wgsl;
            desc.vertex_func.entry = "main";
            desc.fragment_func.source = (const char*)tc_pointcloud_fs_prim_source_wgsl;
            desc.fragment_func.entry = "main";
            desc.attrs[0].base_type = SG_SHADERATTRBASETYPE_FLOAT;
            desc.attrs[1].base_type = SG_SHADERATTRBASETYPE_FLOAT;
            desc.uniform_blocks[0].stage = SG_SHADERSTAGE_VERTEX;
            desc.uniform_blocks[0].layout = SG_UNIFORMLAYOUT_STD140;
            desc.uniform_blocks[0].size = 96;
            desc.uniform_blocks[0].wgsl_group0_binding_n = 0;
            desc.label = "tc_pointcloud_point_prim_shader";
        }
        return &desc;
    }
    #endif /* SOKOL_WGPU */
    return 0;
}
